query_form,complexity_score,nary_count,has_negation,has_annotation,op_FILTER,op_FILTER_NOT_EXISTS,op_OPTIONAL,op_UNION,op_GROUP_BY,op_ORDER_BY,op_LIMIT,op_DISTINCT,op_HAVING,op_BIND,op_VALUES,op_SUBQUERY,op_REGEX,op_STRSTARTS,op_COUNT,op_AGG_OTHER,operator_count,operator_diversity,join_count,nesting_depth,compositional_score,entity_count,class_count,relation_count,literal_count,namespace_count,ttr,vocab_tokens,line_count,token_count,char_count,Domain
SELECT,22.5,0,1,1,1,1,7,0,0,1,0,1,0,0,0,1,0,2,0,0,14,7,11,2,32.5,14,19,9,8,5,0.2829,152,50,210,2386,TelcoQA
SELECT,7.5,0,0,1,0,0,1,0,0,1,0,1,0,0,0,1,0,0,0,0,4,4,1,2,11.5,6,3,2,6,5,0.46,50,22,67,990,TelcoQA
SELECT,21.0,0,0,1,1,0,8,0,0,1,0,1,0,0,0,1,0,2,0,0,14,6,6,2,23.0,10,7,9,9,5,0.359,117,38,154,1868,TelcoQA
SELECT,15.0,0,1,1,0,1,4,0,0,1,0,1,0,0,0,1,0,0,0,0,8,5,5,2,19.5,6,2,4,4,5,0.463,54,20,81,1013,TelcoQA
SELECT,22.5,0,0,1,1,0,3,3,0,1,0,1,0,0,0,1,0,2,0,0,12,7,6,2,25.0,9,22,17,4,6,0.2308,130,47,217,2506,TelcoQA
ASK,1.5,0,0,1,0,0,1,0,0,0,0,0,0,0,0,0,0,0,0,0,1,1,5,2,11.5,17,31,1,3,6,0.2718,103,45,161,1763,TelcoQA
SELECT,31.5,0,0,1,1,0,9,3,0,1,0,1,0,0,0,1,0,2,0,0,18,7,10,2,31.0,13,36,10,9,6,0.2155,181,53,291,3182,TelcoQA
SELECT,12.0,0,0,1,1,0,2,0,0,1,0,1,0,0,0,1,0,2,0,0,8,6,4,2,20.0,4,2,3,3,5,0.3636,55,22,68,1008,TelcoQA
SELECT,31.5,0,1,1,1,4,7,0,0,1,0,1,0,0,0,1,0,2,0,0,17,7,9,5,32.5,13,13,16,7,5,0.2662,154,52,207,2772,TelcoQA
SELECT,24.0,0,1,1,1,2,4,1,0,1,0,1,0,0,0,1,0,2,0,0,13,8,5,3,26.5,6,11,4,5,5,0.3068,88,33,143,1613,TelcoQA
SELECT,16.5,0,0,1,3,0,3,0,0,1,0,1,0,0,0,1,0,0,0,0,9,5,6,2,21.0,7,2,5,6,6,0.4091,66,24,89,1105,TelcoQA
SELECT,12.0,1,0,1,0,0,4,0,0,1,0,1,0,0,0,1,0,0,0,0,7,4,5,2,17.5,8,3,7,3,6,0.3529,68,26,93,1361,TelcoQA
SELECT,12.0,0,0,1,1,0,2,0,0,1,0,1,0,0,0,1,0,2,0,0,8,6,3,2,18.5,3,2,0,3,5,0.4043,47,20,62,818,TelcoQA
SELECT,7.5,0,0,1,0,0,1,0,0,1,0,1,0,0,0,1,0,0,0,0,4,4,3,2,14.5,3,2,2,3,6,0.4634,41,18,56,771,TelcoQA
SELECT,13.5,0,0,1,1,0,3,0,0,1,0,1,0,0,0,1,0,2,0,0,9,6,3,2,18.5,3,3,1,4,5,0.386,57,21,75,989,TelcoQA
SELECT,28.5,0,1,1,1,1,7,2,0,1,0,1,0,0,0,1,0,2,0,0,16,8,8,3,31.0,11,25,8,8,6,0.2517,143,46,234,2608,TelcoQA
SELECT,12.0,0,0,1,0,0,4,0,0,1,0,1,0,0,0,1,0,0,0,0,7,4,4,2,16.0,5,2,3,3,5,0.4681,47,18,68,846,TelcoQA
SELECT,15.0,0,1,1,0,1,4,0,0,1,0,1,0,0,0,1,0,0,0,0,8,5,5,2,19.5,6,2,4,4,6,0.4727,55,21,84,1061,TelcoQA
ASK,1.5,0,0,1,0,0,1,0,0,0,0,0,0,0,0,0,0,0,0,0,1,1,3,2,8.5,4,7,3,4,5,0.3621,58,21,72,1048,TelcoQA
SELECT,23.0,0,0,1,7,0,2,0,0,1,0,1,0,0,0,1,0,0,0,0,12,5,9,2,25.5,10,2,8,10,5,0.4048,84,30,112,1293,TelcoQA
SELECT,19.5,0,1,1,1,2,3,0,0,1,0,1,0,0,0,1,0,2,0,0,11,7,6,4,27.0,7,5,3,4,5,0.3662,71,26,102,1260,TelcoQA
SELECT,12.0,0,0,1,0,0,4,0,0,1,0,1,0,0,0,1,0,0,0,0,7,4,4,2,16.0,5,2,3,3,6,0.4681,47,19,71,893,TelcoQA
SELECT,19.5,0,1,1,1,1,5,0,0,1,0,1,0,0,0,1,0,2,0,0,12,7,5,2,23.5,9,7,9,5,5,0.3107,103,35,134,1829,TelcoQA
SELECT,16.5,0,0,1,1,0,3,1,0,1,0,1,0,0,0,1,0,2,0,0,10,7,5,2,23.5,7,9,3,4,5,0.3171,82,29,114,1476,TelcoQA
SELECT,16.5,0,0,1,1,0,5,0,0,1,0,1,0,0,0,1,0,2,0,0,11,6,7,2,24.5,7,8,5,6,5,0.3472,72,32,120,1460,TelcoQA
SELECT,19.5,0,1,1,1,2,3,0,0,1,0,1,0,0,0,1,0,2,0,0,11,7,7,3,27.5,8,4,7,4,5,0.3462,78,29,108,1534,TelcoQA
SELECT,13.5,0,1,1,0,1,3,0,0,1,0,1,0,0,0,1,0,0,0,0,7,5,4,2,18.0,6,3,4,3,5,0.4681,47,20,78,978,TelcoQA
SELECT,31.5,0,0,1,1,0,9,3,0,1,0,1,0,0,0,1,0,2,0,0,18,7,10,2,31.0,15,34,23,9,5,0.2029,207,65,310,3874,TelcoQA
SELECT,10.5,0,1,1,0,1,1,0,0,1,0,1,0,0,0,1,0,0,0,0,5,5,3,3,17.5,15,10,7,9,5,0.3267,101,38,134,1732,TelcoQA
SELECT,7.5,0,0,1,0,0,1,0,0,1,0,1,0,0,0,1,0,0,0,0,4,4,3,2,14.5,3,2,2,3,5,0.4634,41,17,53,724,TelcoQA
ASK,1.5,0,0,1,0,0,1,0,0,0,0,0,0,0,0,0,0,0,0,0,1,1,3,2,8.5,8,18,1,3,6,0.3281,64,32,109,1215,TelcoQA
ASK,1.5,0,0,1,0,0,1,0,0,0,0,0,0,0,0,0,0,0,0,0,1,1,8,2,16.0,13,49,1,3,6,0.1923,130,63,233,2334,TelcoQA
SELECT,21.0,0,1,1,1,2,4,0,0,1,0,1,0,0,0,1,0,2,0,0,12,7,5,3,24.5,12,11,8,5,5,0.3143,105,35,151,1771,TelcoQA
SELECT,7.5,0,0,1,0,0,1,0,0,1,0,1,0,0,0,1,0,0,0,0,4,4,3,2,14.5,3,2,2,3,6,0.4634,41,18,56,771,TelcoQA
SELECT,15.0,0,0,1,1,0,4,0,0,1,0,1,0,0,0,1,0,2,0,0,10,6,5,2,21.5,6,4,3,5,5,0.4194,62,25,94,1133,TelcoQA
SELECT,15.0,0,0,1,3,0,2,0,0,1,0,1,0,0,0,1,0,0,0,0,8,5,5,2,19.5,6,2,4,6,5,0.3934,61,22,76,995,TelcoQA
SELECT,7.5,0,0,1,0,0,1,0,0,1,0,1,0,0,0,1,0,0,0,0,4,4,7,2,20.5,23,18,17,12,6,0.3077,156,59,203,2769,TelcoQA
SELECT,27.0,0,0,1,1,0,6,3,0,1,0,1,0,0,0,1,0,2,0,0,15,7,11,2,32.5,13,33,27,6,6,0.1667,228,57,311,3891,TelcoQA
SELECT,16.5,0,0,1,1,0,5,0,0,1,0,1,0,0,0,1,0,2,0,0,11,6,13,2,33.5,17,20,10,6,5,0.2734,139,49,190,2448,TelcoQA
SELECT,11.0,0,0,1,1,0,2,0,0,1,0,1,0,0,0,1,0,0,0,0,6,5,3,2,16.5,4,2,2,4,5,0.525,40,18,61,780,TelcoQA
SELECT,16.5,0,0,1,3,0,3,0,0,1,0,1,0,0,0,1,0,0,0,0,9,5,6,2,21.0,7,2,5,6,5,0.45,60,23,87,1000,TelcoQA
SELECT,13.0,0,0,1,2,0,2,0,0,1,0,1,0,0,0,1,0,0,0,0,7,5,3,2,16.5,4,2,3,5,6,0.3922,51,21,71,1033,TelcoQA
SELECT,21.0,0,0,1,1,0,4,2,0,1,0,1,0,0,0,1,0,2,0,0,12,7,6,2,25.0,9,13,9,5,5,0.287,108,38,157,1848,TelcoQA
SELECT,19.5,0,1,1,1,1,5,0,0,1,0,1,0,0,0,1,0,2,0,0,12,7,10,3,32.0,14,15,12,6,6,0.2632,133,48,178,2384,TelcoQA
ASK,1.5,0,0,1,0,0,1,0,0,0,0,0,0,0,0,0,0,0,0,0,1,1,3,2,8.5,5,4,6,6,5,0.3906,64,25,74,1148,TelcoQA
SELECT,19.5,0,1,1,1,1,5,0,0,1,0,1,0,0,0,1,0,2,0,0,12,7,9,2,29.5,9,13,4,6,5,0.3441,93,37,151,1625,TelcoQA
SELECT,12.0,0,0,1,0,0,4,0,0,1,0,1,0,0,0,1,0,0,0,0,7,4,4,2,16.0,5,2,4,3,5,0.4889,45,19,72,885,TelcoQA
SELECT,7.5,0,0,1,0,0,1,0,0,1,0,1,0,0,0,1,0,0,0,0,4,4,3,2,14.5,16,12,7,9,5,0.3578,109,39,139,1707,TelcoQA
ASK,13.5,0,0,1,1,0,3,0,0,1,0,1,0,0,0,1,0,2,0,0,9,6,4,2,20.0,10,6,10,4,5,0.3409,88,33,112,1560,TelcoQA
SELECT,16.5,0,1,1,1,1,3,0,0,1,0,1,0,0,0,1,0,2,0,0,10,7,3,2,20.5,7,2,3,4,5,0.4737,57,23,86,1071,TelcoQA
SELECT,12.0,0,0,1,0,0,4,0,0,1,0,1,0,0,0,1,0,0,0,0,7,4,4,2,16.0,5,2,3,3,6,0.4681,47,19,71,893,TelcoQA
SELECT,12.0,0,0,1,1,0,2,0,0,1,0,1,0,0,0,1,0,2,0,0,8,6,2,2,17.0,5,1,2,3,5,0.4694,49,21,61,884,TelcoQA
SELECT,12.0,0,0,1,1,0,2,0,0,1,0,1,0,0,0,1,0,2,0,0,8,6,4,2,20.0,5,1,4,3,5,0.4151,53,23,65,1010,TelcoQA
SELECT,16.5,0,1,1,1,1,3,0,0,1,0,1,0,0,0,1,0,2,0,0,10,7,6,2,25.0,6,5,3,4,6,0.3425,73,27,102,1297,TelcoQA
SELECT,24.0,0,0,1,1,0,4,3,0,1,0,1,0,0,0,1,0,2,0,0,13,7,6,2,25.0,8,15,9,4,5,0.2393,117,38,168,1953,TelcoQA
SELECT,16.5,0,0,1,1,0,5,0,0,1,0,1,0,0,0,1,0,2,0,0,11,6,8,2,26.0,10,9,6,6,5,0.3407,91,34,130,1588,TelcoQA
SELECT,11.0,0,0,1,1,0,2,0,0,1,0,1,0,0,0,1,0,0,0,0,6,5,3,2,16.5,4,2,2,4,6,0.5128,39,19,63,815,TelcoQA
SELECT,15.0,0,1,1,0,1,4,0,0,1,0,1,0,0,0,1,0,0,0,0,8,5,5,2,19.5,6,2,4,4,6,0.4727,55,21,84,1061,TelcoQA
SELECT,16.5,0,1,1,1,1,3,0,0,1,0,1,0,0,0,1,0,2,0,0,10,7,4,3,23.0,7,7,6,4,5,0.3488,86,29,118,1462,TelcoQA
SELECT,10.5,0,1,1,0,1,1,0,0,1,0,1,0,0,0,1,0,0,0,0,5,5,2,3,16.0,12,7,8,9,5,0.2941,102,36,120,1852,TelcoQA
SELECT,15.0,0,0,1,1,0,4,0,0,1,0,1,0,0,0,1,0,2,0,0,10,6,4,2,20.0,6,3,8,5,5,0.3881,67,29,100,1355,TelcoQA
SELECT,12.0,0,0,1,0,0,4,0,0,1,0,1,0,0,0,1,0,0,0,0,7,4,4,2,16.0,4,2,3,3,6,0.4565,46,19,71,886,TelcoQA
SELECT,18.0,0,1,1,1,1,4,0,0,1,0,1,0,0,0,1,0,2,0,0,11,7,7,3,27.5,8,8,4,4,5,0.36,75,30,118,1420,TelcoQA
SELECT,15.0,0,1,1,0,1,4,0,0,1,0,1,0,0,0,1,0,0,0,0,8,5,5,2,19.5,5,2,4,4,6,0.463,54,21,84,1054,TelcoQA
SELECT,11.0,0,0,1,1,0,2,0,0,1,0,1,0,0,0,1,0,0,0,0,6,5,3,2,16.5,4,2,2,4,5,0.4773,44,18,60,796,TelcoQA
SELECT,15.0,0,0,1,1,0,4,0,0,1,0,1,0,0,0,1,0,2,0,0,10,6,7,2,24.5,7,8,5,5,5,0.375,80,31,120,1393,TelcoQA
SELECT,16.5,0,1,1,1,1,3,0,0,1,0,1,0,0,0,1,0,2,0,0,10,7,5,3,24.5,11,4,10,4,5,0.3902,82,31,109,1504,TelcoQA
SELECT,21.0,0,0,1,1,0,8,0,0,1,0,1,0,0,0,1,0,2,0,0,14,6,7,2,24.5,11,8,8,9,6,0.3611,108,39,155,1989,TelcoQA
SELECT,14.0,1,0,1,1,0,4,0,0,1,0,1,0,0,0,1,0,0,0,0,8,5,9,2,25.5,12,2,14,4,6,0.3656,93,32,122,1597,TelcoQA
SELECT,12.0,0,0,1,0,0,4,0,0,1,0,1,0,0,0,1,0,0,0,0,7,4,4,2,16.0,4,2,3,3,5,0.4565,46,18,68,839,TelcoQA
SELECT,7.5,0,0,1,0,0,1,0,0,1,0,1,0,0,0,1,0,0,0,0,4,4,3,2,14.5,18,8,13,10,6,0.375,104,42,137,2021,TelcoQA
SELECT,19.5,0,1,1,1,2,3,0,0,1,0,1,0,0,0,1,0,2,0,0,11,7,6,3,26.0,10,13,8,4,6,0.2903,93,40,148,1881,TelcoQA
SELECT,12.0,0,0,1,0,0,4,0,0,1,0,1,0,0,0,1,0,0,0,0,7,4,4,2,16.0,4,2,3,3,5,0.4565,46,18,68,839,TelcoQA
ASK,1.5,0,0,1,0,0,1,0,0,0,0,0,0,0,0,0,0,0,0,0,1,1,4,2,10.0,9,20,1,3,6,0.3239,71,34,117,1255,TelcoQA
SELECT,12.0,1,0,1,0,0,4,0,0,1,0,1,0,0,0,1,0,0,0,0,7,4,9,2,23.5,15,3,24,3,6,0.2197,132,43,161,2486,TelcoQA
SELECT,19.5,0,1,1,1,1,5,0,0,1,0,1,0,0,0,1,0,2,0,0,12,7,5,3,24.5,7,15,9,6,6,0.2804,107,40,170,2229,TelcoQA
SELECT,12.0,0,0,1,0,0,4,0,0,1,0,1,0,0,0,1,0,0,0,0,7,4,4,2,16.0,4,2,3,3,6,0.4565,46,19,71,886,TelcoQA
SELECT,24.0,0,1,1,1,2,6,0,0,1,0,1,0,0,0,1,0,2,0,0,14,7,10,3,32.0,10,10,9,7,5,0.3051,118,41,164,2067,TelcoQA
SELECT,12.0,0,0,1,1,0,2,0,0,1,0,1,0,0,0,1,0,2,0,0,8,6,3,2,18.5,4,2,1,3,6,0.4314,51,21,67,930,TelcoQA
SELECT,12.0,1,0,1,0,0,4,0,0,1,0,1,0,0,0,1,0,0,0,0,7,4,5,2,17.5,5,3,6,3,5,0.3448,58,24,86,1198,TelcoQA
SELECT,15.0,0,0,1,1,0,4,0,0,1,0,1,0,0,0,1,0,2,0,0,10,6,5,2,21.5,7,5,6,5,5,0.3718,78,29,104,1439,TelcoQA
SELECT,12.0,0,0,1,0,0,4,0,0,1,0,1,0,0,0,1,0,0,0,0,7,4,4,2,16.0,4,2,3,3,5,0.4565,46,18,68,839,TelcoQA
SELECT,13.5,0,1,1,0,1,3,0,0,1,0,1,0,0,0,1,0,0,0,0,7,5,7,2,22.5,7,3,6,3,5,0.4154,65,22,90,1005,TelcoQA
SELECT,10.5,0,0,1,0,0,3,0,0,1,0,1,0,0,0,1,0,0,0,0,6,4,4,2,16.0,5,2,3,3,5,0.4681,47,18,65,887,TelcoQA
ASK,1.5,0,0,1,0,0,1,0,0,0,0,0,0,0,0,0,0,0,0,0,1,1,4,2,10.0,9,14,1,3,6,0.3433,67,28,93,1153,TelcoQA
SELECT,12.0,0,0,1,0,0,4,0,0,1,0,1,0,0,0,1,0,0,0,0,7,4,4,2,16.0,5,2,3,3,6,0.4681,47,19,71,895,TelcoQA
SELECT,16.5,0,0,1,1,0,5,0,0,1,0,1,0,0,0,1,0,2,0,0,11,6,7,2,24.5,7,5,6,6,5,0.4054,74,30,115,1370,TelcoQA
SELECT,16.5,0,1,1,1,1,3,0,0,1,0,1,0,0,0,1,0,2,0,0,10,7,6,3,26.0,8,6,10,4,6,0.3,90,35,118,1737,TelcoQA
SELECT,12.0,0,0,1,0,0,4,0,0,1,0,1,0,0,0,1,0,0,0,0,7,4,4,2,16.0,4,2,3,3,6,0.4565,46,19,71,886,TelcoQA
SELECT,10.5,0,0,1,0,0,3,0,0,1,0,1,0,0,0,1,0,0,0,0,6,4,4,2,16.0,6,2,3,3,5,0.5116,43,18,65,839,TelcoQA
ASK,4.5,0,1,1,0,1,1,0,0,0,0,0,0,0,0,0,0,0,0,0,2,2,2,2,9.0,8,8,1,4,6,0.4808,52,23,78,941,TelcoQA
SELECT,33.0,0,1,1,1,1,10,2,0,1,0,1,0,0,0,1,0,2,0,0,19,8,5,3,26.5,6,9,11,11,5,0.3551,107,45,196,2179,TelcoQA
ASK,28.5,0,1,1,0,9,1,0,0,0,0,0,0,0,0,0,0,0,0,0,10,2,4,2,12.0,8,20,1,12,6,0.2526,95,43,198,1829,TelcoQA
SELECT,15.0,0,1,1,0,1,4,0,0,1,0,1,0,0,0,1,0,0,0,0,8,5,5,2,19.5,6,2,4,4,6,0.463,54,21,84,1060,TelcoQA
SELECT,16.5,0,0,1,1,0,5,0,0,1,0,1,0,0,0,1,0,2,0,0,11,6,6,2,23.0,6,5,5,6,5,0.3846,78,29,109,1376,TelcoQA
SELECT,15.0,0,1,1,0,1,4,0,0,1,0,1,0,0,0,1,0,0,0,0,8,5,5,2,19.5,6,2,4,4,5,0.4727,55,20,81,1016,TelcoQA
SELECT,16.5,0,0,1,1,0,5,0,0,1,0,1,0,0,0,1,0,2,0,0,11,6,4,2,20.0,5,3,4,6,6,0.3784,74,27,101,1282,TelcoQA
SELECT,15.0,0,0,1,1,0,4,0,0,1,0,1,0,0,0,1,0,2,0,0,10,6,7,2,24.5,8,10,5,5,6,0.3043,92,34,126,1697,TelcoQA
SELECT,7.5,0,0,1,0,0,1,0,0,1,0,1,0,0,0,1,0,0,0,0,4,4,2,2,13.0,5,4,5,5,5,0.35,60,25,73,1229,TelcoQA
SELECT,22.5,0,1,1,1,1,7,0,0,1,0,1,0,0,0,1,0,2,0,0,14,7,9,3,30.5,15,14,15,7,6,0.2786,140,51,193,2560,TelcoQA
SELECT,15.0,0,1,1,0,1,4,0,0,1,0,1,0,0,0,1,0,0,0,0,8,5,5,2,19.5,6,2,4,4,6,0.4727,55,21,84,1061,TelcoQA
SELECT,24.0,0,1,1,1,3,4,0,0,1,0,1,0,0,0,1,0,2,0,0,13,7,3,5,23.5,5,8,7,5,5,0.325,80,36,133,1764,TelcoQA
SELECT,15.0,0,0,1,3,0,2,0,0,1,0,1,0,0,0,1,0,0,0,0,8,5,5,2,19.5,6,2,4,6,5,0.4444,54,22,80,946,TelcoQA
SELECT,7.5,0,0,1,0,0,1,0,0,1,0,1,0,0,0,1,0,0,0,0,4,4,3,2,14.5,3,2,2,3,5,0.4634,41,17,53,724,TelcoQA
SELECT,19.0,0,0,1,5,0,2,0,0,1,0,1,0,0,0,1,0,0,0,0,10,5,7,2,22.5,8,2,6,8,5,0.3506,77,26,93,1202,TelcoQA
SELECT,15.0,0,0,1,3,0,2,0,0,1,0,1,0,0,0,1,0,0,0,0,8,5,5,2,19.5,6,2,4,6,5,0.4444,54,22,77,953,TelcoQA
SELECT,16.5,0,1,1,1,1,3,0,0,1,0,1,0,0,0,1,0,2,0,0,10,7,5,2,23.5,6,4,3,4,5,0.3836,73,25,96,1175,TelcoQA
ASK,1.5,0,0,1,0,0,1,0,0,0,0,0,0,0,0,0,0,0,0,0,1,1,1,2,5.5,3,1,3,3,5,0.4595,37,19,42,773,TelcoQA
SELECT,12.0,0,0,1,0,0,4,0,0,1,0,1,0,0,0,1,0,0,0,0,7,4,4,2,16.0,5,2,3,3,5,0.4681,47,18,68,846,TelcoQA
SELECT,7.5,0,0,1,0,0,1,0,0,1,0,1,0,0,0,1,0,0,0,0,4,4,4,2,16.0,8,8,4,4,6,0.4,55,28,91,1173,TelcoQA
ASK,1.5,0,0,1,0,0,1,0,0,0,0,0,0,0,0,0,0,0,0,0,1,1,1,2,5.5,3,4,1,4,5,0.4524,42,18,52,772,TelcoQA
SELECT,7.5,0,0,1,0,0,1,0,0,1,0,1,0,0,0,1,0,0,0,0,4,4,4,2,16.0,9,5,6,5,5,0.3478,69,27,82,1313,TelcoQA
SELECT,24.0,0,1,1,1,2,6,0,0,1,0,1,0,0,0,1,0,2,0,0,14,7,10,4,33.0,11,14,9,6,5,0.2941,119,44,176,2297,TelcoQA
SELECT,11.0,0,0,1,1,0,2,0,0,1,0,1,0,0,0,1,0,0,0,0,6,5,3,2,16.5,4,2,2,4,5,0.4651,43,18,60,770,TelcoQA
SELECT,13.0,0,0,1,2,0,2,0,0,1,0,1,0,0,0,1,0,0,0,0,7,5,4,2,18.0,5,2,3,5,5,0.4528,53,20,69,880,TelcoQA
SELECT,33.0,0,1,1,1,1,8,3,0,1,0,1,0,0,0,1,0,2,0,0,18,8,10,2,33.0,14,38,28,8,6,0.2009,214,66,350,3976,TelcoQA
SELECT,12.0,0,0,1,0,0,4,0,0,1,0,1,0,0,0,1,0,0,0,0,7,4,4,2,16.0,5,2,4,3,6,0.4783,46,20,75,939,TelcoQA
SELECT,19.0,0,0,1,5,0,2,0,0,1,0,1,0,0,0,1,0,0,0,0,10,5,7,2,22.5,8,2,6,8,6,0.3636,77,27,98,1263,TelcoQA
SELECT,31.5,0,1,1,1,4,7,0,0,1,0,1,0,0,0,1,0,2,0,0,17,7,14,5,40.0,19,22,21,7,6,0.235,200,67,264,3509,TelcoQA
SELECT,15.0,0,0,1,1,0,4,0,0,1,0,1,0,0,0,1,0,2,0,0,10,6,5,2,21.5,6,4,4,5,6,0.375,72,27,99,1269,TelcoQA
SELECT,18.0,0,1,1,1,1,4,0,0,1,0,1,0,0,0,1,0,2,0,0,11,7,8,3,29.0,12,13,12,5,5,0.2705,122,44,160,2162,TelcoQA
SELECT,12.0,0,0,1,1,0,2,0,0,1,0,1,0,0,0,1,0,2,0,0,8,6,3,2,18.5,4,2,1,3,5,0.4,50,20,64,887,TelcoQA
SELECT,16.5,0,1,1,1,1,3,0,0,1,0,1,0,0,0,1,0,2,0,0,10,7,5,3,24.5,7,5,5,4,5,0.3514,74,27,99,1309,TelcoQA
SELECT,15.0,0,1,1,0,1,4,0,0,1,0,1,0,0,0,1,0,0,0,0,8,5,5,2,19.5,5,2,4,4,6,0.463,54,21,84,1054,TelcoQA
SELECT,12.0,0,0,1,0,0,4,0,0,1,0,1,0,0,0,1,0,0,0,0,7,4,4,2,16.0,4,2,3,3,6,0.4565,46,19,71,886,TelcoQA
SELECT,15.0,0,0,1,1,0,4,0,0,1,0,1,0,0,0,1,0,2,0,0,10,6,7,2,24.5,9,13,9,5,6,0.299,97,41,148,1901,TelcoQA
SELECT,15.0,0,1,1,0,1,4,0,0,1,0,1,0,0,0,1,0,0,0,0,8,5,5,2,19.5,6,2,4,4,6,0.4727,55,21,84,1061,TelcoQA
SELECT,16.5,0,1,1,1,1,3,0,0,1,0,1,0,0,0,1,0,2,0,0,10,7,3,3,21.5,5,2,6,4,5,0.3803,71,25,87,1316,TelcoQA
SELECT,10.5,0,1,1,0,1,1,0,0,1,0,1,0,0,0,1,0,0,0,0,5,5,1,3,14.5,4,2,1,6,5,0.5111,45,20,67,880,TelcoQA
ASK,1.5,0,0,1,0,0,1,0,0,0,0,0,0,0,0,0,0,0,0,0,1,1,5,2,11.5,12,17,14,6,6,0.3571,98,47,153,1941,TelcoQA
SELECT,7.5,0,0,1,0,0,1,0,0,1,0,1,0,0,0,1,0,0,0,0,4,4,3,2,14.5,3,2,2,3,5,0.4634,41,17,53,724,TelcoQA
SELECT,12.0,0,0,1,0,0,4,0,0,1,0,1,0,0,0,1,0,0,0,0,7,4,4,2,16.0,5,2,3,3,5,0.4681,47,18,68,846,TelcoQA
SELECT,24.0,0,0,1,1,0,10,0,0,1,0,1,0,0,0,1,0,2,0,0,16,6,9,2,27.5,10,10,5,11,5,0.3636,110,39,170,1994,TelcoQA
ASK,10.5,0,1,1,0,3,1,0,0,0,0,0,0,0,0,0,0,0,0,0,4,2,1,2,7.5,5,7,1,6,5,0.4,50,23,89,978,TelcoQA
SELECT,21.0,0,1,1,1,1,6,0,0,1,0,1,0,0,0,1,0,2,0,0,13,7,6,2,25.0,6,6,4,7,5,0.3474,95,31,129,1466,TelcoQA
SELECT,18.0,0,0,1,1,0,6,0,0,1,0,1,0,0,0,1,0,2,0,0,12,6,6,2,23.0,7,6,4,7,6,0.378,82,31,121,1487,TelcoQA
SELECT,15.0,0,0,1,1,0,4,0,0,1,0,1,0,0,0,1,0,2,0,0,10,6,3,2,18.5,4,2,1,5,5,0.4407,59,21,79,1012,TelcoQA
SELECT,7.5,0,0,1,0,0,1,0,0,1,0,1,0,0,0,1,0,0,0,0,4,4,4,2,16.0,8,4,6,5,5,0.377,61,25,76,1197,TelcoQA
SELECT,12.0,0,0,1,1,0,2,0,0,1,0,1,0,0,0,1,0,2,0,0,8,6,4,2,20.0,5,3,5,3,5,0.3833,60,25,79,1111,TelcoQA
SELECT,32.5,1,0,1,2,0,5,5,0,1,0,1,0,0,0,1,0,0,0,0,15,6,13,2,33.5,14,73,17,5,6,0.1709,234,40,441,3890,TelcoQA
SELECT,21.0,0,0,1,1,0,8,0,0,1,0,1,0,0,0,1,0,2,0,0,14,6,7,2,24.5,8,11,8,9,6,0.3036,112,42,169,2005,TelcoQA
ASK,1.5,0,0,1,0,0,1,0,0,0,0,0,0,0,0,0,0,0,0,0,1,1,6,2,13.0,8,20,1,3,5,0.274,73,33,114,1299,TelcoQA
ASK,1.5,0,0,1,0,0,1,0,0,0,0,0,0,0,0,0,0,0,0,0,1,1,6,2,13.0,11,13,14,6,6,0.3273,110,43,137,2032,TelcoQA
SELECT,22.5,0,0,1,1,0,5,2,0,1,0,1,0,0,0,1,0,2,0,0,13,7,8,2,28.0,10,17,7,5,5,0.2441,127,37,171,2103,TelcoQA
SELECT,10.5,0,0,1,0,0,3,0,0,1,0,1,0,0,0,1,0,0,0,0,6,4,4,2,16.0,6,2,3,3,6,0.5116,43,19,68,886,TelcoQA
SELECT,15.0,0,1,1,0,1,4,0,0,1,0,1,0,0,0,1,0,0,0,0,8,5,5,2,19.5,5,2,4,4,5,0.463,54,20,81,1007,TelcoQA
SELECT,12.0,1,0,1,0,0,4,0,0,1,0,1,0,0,0,1,0,0,0,0,7,4,5,2,17.5,6,3,6,3,5,0.3833,60,24,86,1120,TelcoQA
SELECT,22.5,0,1,1,1,1,7,0,0,1,0,1,0,0,0,1,0,2,0,0,14,7,6,3,26.0,10,11,9,7,6,0.3391,115,41,168,2088,TelcoQA
ASK,1.5,0,0,1,0,0,1,0,0,0,0,0,0,0,0,0,0,0,0,0,1,1,2,2,7.0,5,3,6,5,5,0.52,50,23,67,978,TelcoQA
SELECT,15.0,0,1,1,0,1,4,0,0,1,0,1,0,0,0,1,0,0,0,0,8,5,5,2,19.5,5,2,4,4,6,0.4545,55,21,84,1065,TelcoQA
ASK,1.5,0,0,1,0,0,1,0,0,0,0,0,0,0,0,0,0,0,0,0,1,1,2,2,7.0,4,4,3,5,5,0.4565,46,21,63,899,TelcoQA
SELECT,52.5,0,1,1,1,2,7,9,0,1,0,1,0,0,0,1,0,2,0,0,24,8,11,4,36.5,19,87,37,8,6,0.1467,300,95,586,6333,TelcoQA
SELECT,10.5,0,0,1,0,0,3,0,0,1,0,1,0,0,0,1,0,0,0,0,6,4,4,2,16.0,5,2,3,3,5,0.4565,46,18,65,860,TelcoQA
SELECT,19.5,0,0,1,1,0,7,0,0,1,0,1,0,0,0,1,0,2,0,0,13,6,4,2,20.0,8,5,3,8,5,0.3827,81,29,124,1466,TelcoQA
SELECT,13.5,0,1,1,0,1,3,0,0,1,0,1,0,0,0,1,0,0,0,0,7,5,4,2,18.0,6,3,4,3,5,0.4074,54,20,78,1000,TelcoQA
SELECT,14.5,0,0,1,2,0,3,0,0,1,0,1,0,0,0,1,0,0,0,0,8,5,5,2,19.5,6,2,4,5,5,0.44,50,21,76,932,TelcoQA
SELECT,26.5,1,0,1,2,0,5,3,0,1,0,1,0,0,0,1,0,0,0,0,13,6,12,2,32.0,17,31,18,5,5,0.2649,151,35,268,2602,TelcoQA
SELECT,15.0,0,0,1,1,0,4,0,0,1,0,1,0,0,0,1,0,2,0,0,10,6,5,2,21.5,7,7,11,5,6,0.3,90,37,125,1760,TelcoQA
SELECT,16.5,0,0,1,3,0,3,0,0,1,0,1,0,0,0,1,0,0,0,0,9,5,6,2,21.0,7,2,5,6,5,0.4107,56,23,84,1025,TelcoQA
SELECT,12.0,1,0,1,0,0,4,0,0,1,0,1,0,0,0,1,0,0,0,0,7,4,7,2,20.5,12,3,25,3,5,0.2524,103,43,162,2355,TelcoQA
SELECT,12.5,0,0,1,1,0,3,0,0,1,0,1,0,0,0,1,0,0,0,0,7,5,4,2,18.0,5,2,3,4,6,0.449,49,20,71,896,TelcoQA
SELECT,15.0,0,0,1,3,0,2,0,0,1,0,1,0,0,0,1,0,0,0,0,8,5,4,2,18.0,5,2,4,6,6,0.4717,53,23,81,988,TelcoQA
SELECT,12.0,0,0,1,0,0,4,0,0,1,0,1,0,0,0,1,0,0,0,0,7,4,4,2,16.0,4,2,3,3,5,0.4565,46,18,68,839,TelcoQA
SELECT,15.0,0,1,1,0,1,4,0,0,1,0,1,0,0,0,1,0,0,0,0,8,5,5,2,19.5,5,2,4,4,6,0.463,54,21,84,1054,TelcoQA
SELECT,7.5,0,0,1,0,0,1,0,0,1,0,1,0,0,0,1,0,0,0,0,4,4,3,2,14.5,3,2,2,3,5,0.4634,41,17,53,724,TelcoQA
SELECT,15.0,0,1,1,0,1,4,0,0,1,0,1,0,0,0,1,0,0,0,0,8,5,5,2,19.5,5,2,4,4,5,0.463,54,20,81,1007,TelcoQA
SELECT,15.0,0,0,1,1,0,4,0,0,1,0,1,0,0,0,1,0,2,0,0,10,6,5,2,21.5,6,5,2,5,5,0.4286,63,25,94,1190,TelcoQA
SELECT,15.0,0,1,1,0,1,4,0,0,1,0,1,0,0,0,1,0,0,0,0,8,5,5,2,19.5,6,2,4,4,5,0.4727,55,20,81,1014,TelcoQA
SELECT,14.0,0,0,1,1,0,4,0,0,1,0,1,0,0,0,1,0,0,0,0,8,5,8,2,24.0,8,2,7,4,5,0.4265,68,23,91,1058,TelcoQA
SELECT,18.0,0,1,1,1,1,4,0,0,1,0,1,0,0,0,1,0,2,0,0,11,7,8,3,29.0,14,15,12,5,6,0.2903,124,47,175,2303,TelcoQA
SELECT,12.0,0,0,1,1,0,2,0,0,1,0,1,0,0,0,1,0,2,0,0,8,6,4,2,20.0,4,3,1,3,5,0.375,56,21,71,935,TelcoQA
SELECT,13.0,0,0,1,2,0,2,0,0,1,0,1,0,0,0,1,0,0,0,0,7,5,4,2,18.0,5,2,3,5,5,0.4681,47,20,70,860,TelcoQA
SELECT,12.0,0,0,1,0,0,4,0,0,1,0,1,0,0,0,1,0,0,0,0,7,4,4,2,16.0,4,2,3,3,5,0.4565,46,18,68,839,TelcoQA
ASK,1.5,0,0,1,0,0,1,0,0,0,0,0,0,0,0,0,0,0,0,0,1,1,4,2,10.0,14,22,1,3,6,0.3218,87,36,125,1428,TelcoQA
SELECT,12.0,0,0,1,0,0,4,0,0,1,0,1,0,0,0,1,0,0,0,0,7,4,4,2,16.0,5,2,3,3,5,0.4681,47,18,68,846,TelcoQA
SELECT,15.0,0,1,1,0,1,4,0,0,1,0,1,0,0,0,1,0,0,0,0,8,5,5,2,19.5,6,2,4,4,6,0.4727,55,21,84,1061,TelcoQA
ASK,1.5,0,0,1,0,0,1,0,0,0,0,0,0,0,0,0,0,0,0,0,1,1,2,2,7.0,5,6,1,3,6,0.4186,43,20,61,823,TelcoQA
ASK,1.5,0,0,1,0,0,1,0,0,0,0,0,0,0,0,0,0,0,0,0,1,1,2,2,7.0,3,7,2,5,5,0.451,51,23,73,929,TelcoQA
SELECT,15.0,0,1,1,0,1,4,0,0,1,0,1,0,0,0,1,0,0,0,0,8,5,5,2,19.5,6,2,4,4,6,0.4727,55,21,84,1061,TelcoQA
SELECT,12.5,0,0,1,1,0,3,0,0,1,0,1,0,0,0,1,0,0,0,0,7,5,4,2,18.0,5,2,3,4,5,0.4773,44,19,68,826,TelcoQA
SELECT,12.0,0,0,1,0,0,4,0,0,1,0,1,0,0,0,1,0,0,0,0,7,4,4,2,16.0,4,2,3,3,5,0.4565,46,18,68,839,TelcoQA
SELECT,22.5,0,1,1,1,2,5,0,0,1,0,1,0,0,0,1,0,2,0,0,13,7,6,3,26.0,10,7,10,6,5,0.3646,96,37,145,1755,TelcoQA
ASK,1.5,0,0,1,0,0,1,0,0,0,0,0,0,0,0,0,0,0,0,0,1,1,5,2,11.5,8,11,1,3,6,0.3684,57,25,81,989,TelcoQA
SELECT,16.0,2,0,1,2,0,4,0,0,1,0,1,0,0,0,1,0,0,0,0,9,5,5,2,19.5,7,5,5,3,5,0.4,60,25,98,1172,TelcoQA
SELECT,7.5,0,0,1,0,0,1,0,0,1,0,1,0,0,0,1,0,0,0,0,4,4,6,2,19.0,18,16,16,10,5,0.2611,157,52,173,2523,TelcoQA
SELECT,13.5,0,1,1,0,2,1,0,0,1,0,1,0,0,0,1,0,0,0,0,6,5,7,3,23.5,13,18,5,7,6,0.2973,111,43,160,2070,TelcoQA
SELECT,16.5,0,0,1,1,0,5,0,0,1,0,1,0,0,0,1,0,2,0,0,11,6,6,2,23.0,7,7,4,6,5,0.3625,80,30,115,1415,TelcoQA
SELECT,14.0,0,0,1,1,0,4,0,0,1,0,1,0,0,0,1,0,0,0,0,8,5,8,2,24.0,8,2,7,4,5,0.4118,68,23,91,1078,TelcoQA
SELECT,12.0,0,0,1,0,0,4,0,0,1,0,1,0,0,0,1,0,0,0,0,7,4,4,2,16.0,5,2,3,3,6,0.4681,47,19,71,893,TelcoQA
SELECT,18.0,0,0,1,1,0,6,0,0,1,0,1,0,0,0,1,0,2,0,0,12,6,8,2,26.0,8,7,5,7,6,0.3373,83,33,126,1591,TelcoQA
ASK,1.5,0,0,1,0,0,1,0,0,0,0,0,0,0,0,0,0,0,0,0,1,1,1,2,5.5,7,6,1,3,5,0.4545,44,19,58,771,TelcoQA
SELECT,22.5,0,0,1,1,0,5,2,0,1,0,1,0,0,0,1,0,2,0,0,13,7,13,2,35.5,15,31,16,6,5,0.2339,171,53,266,2959,TelcoQA
SELECT,16.5,0,0,1,1,0,5,0,0,1,0,1,0,0,0,1,0,2,0,0,11,6,4,2,20.0,5,5,7,6,6,0.3258,89,32,115,1624,TelcoQA
SELECT,22.5,0,1,1,1,2,5,0,0,1,0,1,0,0,0,1,0,2,0,0,13,7,9,4,31.5,13,13,10,5,6,0.2719,114,44,168,2227,TelcoQA
SELECT,7.5,0,0,1,0,0,1,0,0,1,0,1,0,0,0,1,0,0,0,0,4,4,10,2,25.0,20,35,15,7,6,0.2416,178,69,241,3068,TelcoQA
SELECT,12.0,0,0,1,1,0,2,0,0,1,0,1,0,0,0,1,0,2,0,0,8,6,7,2,24.5,7,9,3,3,5,0.3284,67,29,101,1207,TelcoQA
SELECT,42.0,0,1,1,1,3,10,3,0,1,0,1,0,0,0,1,0,2,0,0,22,8,25,4,57.5,32,115,42,10,6,0.1548,420,113,739,7324,TelcoQA
SELECT,19.5,0,1,1,1,2,3,0,0,1,0,1,0,0,0,1,0,2,0,0,11,7,6,4,27.0,7,7,3,4,6,0.314,86,30,113,1601,TelcoQA
SELECT,15.0,0,0,1,3,0,2,0,0,1,0,1,0,0,0,1,0,0,0,0,8,5,5,2,19.5,6,2,4,6,6,0.4423,52,23,79,995,TelcoQA
SELECT,19.5,0,0,1,1,0,7,0,0,1,0,1,0,0,0,1,0,2,0,0,13,6,6,2,23.0,8,6,5,7,5,0.3951,81,31,128,1417,TelcoQA
ASK,1.5,0,0,1,0,0,1,0,0,0,0,0,0,0,0,0,0,0,0,0,1,1,1,2,5.5,3,4,0,3,5,0.5,32,16,46,645,TelcoQA
SELECT,21.0,0,1,1,1,1,4,1,0,1,0,1,0,0,0,1,0,2,0,0,12,8,6,2,27.0,14,17,21,5,6,0.3053,131,53,211,2720,TelcoQA
SELECT,12.0,0,0,1,0,0,4,0,0,1,0,1,0,0,0,1,0,0,0,0,7,4,4,2,16.0,4,2,3,3,5,0.4565,46,18,68,839,TelcoQA
SELECT,21.0,0,1,1,1,1,6,0,0,1,0,1,0,0,0,1,0,2,0,0,13,7,7,2,26.5,9,11,3,7,5,0.3297,91,35,145,1569,TelcoQA
SELECT,18.0,0,1,1,1,1,4,0,0,1,0,1,0,0,0,1,0,2,0,0,11,7,6,3,26.0,7,4,5,5,5,0.3889,72,28,105,1358,TelcoQA
SELECT,13.5,0,1,1,0,1,3,0,0,1,0,1,0,0,0,1,0,0,0,0,7,5,5,2,19.5,8,9,4,3,5,0.3529,68,21,104,1168,TelcoQA
ASK,4.5,0,1,1,0,1,1,0,0,0,0,0,0,0,0,0,0,0,0,0,2,2,2,3,10.0,5,7,1,4,6,0.4286,49,22,71,955,TelcoQA
SELECT,11.0,0,0,1,1,0,2,0,0,1,0,1,0,0,0,1,0,0,0,0,6,5,3,2,16.5,4,2,2,4,5,0.5,40,18,60,772,TelcoQA
SELECT,17.5,1,0,1,2,0,5,0,0,1,0,1,0,0,0,1,0,0,0,0,10,5,8,2,24.0,10,2,10,5,6,0.4324,74,29,112,1284,TelcoQA
SELECT,12.0,0,0,1,1,0,2,0,0,1,0,1,0,0,0,1,0,2,0,0,8,6,4,2,20.0,5,3,2,3,5,0.3922,51,22,71,963,TelcoQA
SELECT,12.0,0,0,1,0,0,4,0,0,1,0,1,0,0,0,1,0,0,0,0,7,4,4,2,16.0,5,2,4,3,5,0.451,51,19,72,897,TelcoQA
SELECT,13.5,0,0,1,1,0,3,0,0,1,0,1,0,0,0,1,0,2,0,0,9,6,5,2,21.5,6,4,7,4,5,0.3731,67,28,96,1320,TelcoQA
SELECT,13.5,0,0,1,1,0,3,0,0,1,0,1,0,0,0,1,0,2,0,0,9,6,6,2,23.0,9,7,7,4,5,0.3103,87,31,108,1605,TelcoQA
SELECT,13.0,0,0,1,2,0,2,0,0,1,0,1,0,0,0,1,0,0,0,0,7,5,4,2,18.0,5,2,3,5,5,0.4681,47,20,68,884,TelcoQA
SELECT,18.0,0,1,1,1,1,4,0,0,1,0,1,0,0,0,1,0,2,0,0,11,7,4,3,23.0,5,3,1,5,5,0.4167,60,22,88,1070,TelcoQA
SELECT,13.5,0,0,1,1,0,3,0,0,1,0,1,0,0,0,1,0,2,0,0,9,6,4,2,20.0,6,3,2,4,5,0.4098,61,22,80,1031,TelcoQA
SELECT,12.0,0,0,1,0,0,4,0,0,1,0,1,0,0,0,1,0,0,0,0,7,4,4,2,16.0,5,2,4,3,5,0.4314,51,19,72,938,TelcoQA
SELECT,12.0,0,0,1,1,0,2,0,0,1,0,1,0,0,0,1,0,2,0,0,8,6,2,2,17.0,6,1,2,3,5,0.48,50,21,63,861,TelcoQA
ASK,1.5,0,0,1,0,0,1,0,0,0,0,0,0,0,0,0,0,0,0,0,1,1,4,2,10.0,9,13,1,3,6,0.3667,60,27,89,1095,TelcoQA
SELECT,45.0,0,1,1,1,5,10,2,0,1,0,1,0,0,0,1,0,2,0,0,23,8,8,7,35.0,11,30,12,10,6,0.2389,180,60,308,3375,TelcoQA
SELECT,17.0,0,1,1,1,1,3,0,0,1,1,1,0,0,0,1,0,2,0,0,11,8,11,3,35.5,18,19,14,4,6,0.2701,137,52,189,2535,TelcoQA
SELECT,15.0,0,0,1,1,0,4,0,0,1,0,1,0,0,0,1,0,2,0,0,10,6,7,2,24.5,8,7,5,5,6,0.3444,90,31,117,1505,TelcoQA
SELECT,15.0,0,0,1,1,0,4,0,0,1,0,1,0,0,0,1,0,2,0,0,10,6,6,2,23.0,8,8,6,5,6,0.3043,92,33,122,1549,TelcoQA
SELECT,15.0,0,1,1,0,1,4,0,0,1,0,1,0,0,0,1,0,0,0,0,8,5,5,2,19.5,6,2,4,4,6,0.4727,55,21,84,1061,TelcoQA
SELECT,18.0,0,0,1,1,0,6,0,0,1,0,1,0,0,0,1,0,2,0,0,12,6,5,2,21.5,7,4,2,6,5,0.4028,72,25,103,1250,TelcoQA
ASK,1.5,0,0,1,0,0,1,0,0,0,0,0,0,0,0,0,0,0,0,0,1,1,3,2,8.5,5,13,0,3,6,0.3077,52,26,85,997,TelcoQA
SELECT,25.5,0,1,1,1,2,7,0,0,1,0,1,0,0,0,1,0,2,0,0,15,7,9,3,30.5,15,12,12,7,5,0.3445,119,45,183,2284,TelcoQA
SELECT,18.0,0,1,1,1,1,4,0,0,1,0,1,0,0,0,1,0,2,0,0,11,7,7,3,27.5,9,9,10,5,5,0.3056,108,37,141,1801,TelcoQA
ASK,1.5,0,0,1,0,0,1,0,0,0,0,0,0,0,0,0,0,0,0,0,1,1,0,2,4.0,1,2,0,3,5,0.5172,29,14,38,572,TelcoQA
SELECT,12.0,0,0,1,0,0,4,0,0,1,0,1,0,0,0,1,0,0,0,0,7,4,4,2,16.0,4,2,3,3,6,0.4565,46,19,71,886,TelcoQA
SELECT,12.0,1,0,1,0,0,4,0,0,1,0,1,0,0,0,1,0,0,0,0,7,4,11,2,26.5,14,3,31,3,5,0.183,153,49,186,2924,TelcoQA
SELECT,13.0,0,0,1,2,0,2,0,0,1,0,1,0,0,0,1,0,0,0,0,7,5,3,2,16.5,4,2,3,5,6,0.4773,44,21,71,903,TelcoQA
SELECT,27.0,0,1,1,1,3,6,0,0,1,0,1,0,0,0,1,0,2,0,0,15,7,14,3,38.0,18,21,16,7,6,0.2588,170,60,243,2937,TelcoQA
SELECT,7.5,0,0,1,0,0,1,0,0,1,0,1,0,0,0,1,0,0,0,0,4,4,3,2,14.5,8,9,5,5,5,0.3472,72,30,97,1354,TelcoQA
SELECT,16.5,0,1,1,1,1,3,0,0,1,0,1,0,0,0,1,0,2,0,0,10,7,4,2,22.0,4,5,1,4,5,0.4,55,23,92,1019,TelcoQA
SELECT,16.5,0,0,1,1,0,5,0,0,1,0,1,0,0,0,1,0,2,0,0,11,6,10,2,29.0,13,15,13,6,5,0.2701,137,42,178,2347,TelcoQA
ASK,1.5,0,0,1,0,0,1,0,0,0,0,0,0,0,0,0,0,0,0,0,1,1,1,2,5.5,4,3,2,5,6,0.4894,47,20,59,887,TelcoQA
SELECT,13.5,0,0,1,1,0,3,0,0,1,0,1,0,0,0,1,0,2,0,0,9,6,6,2,23.0,7,6,3,4,5,0.403,67,26,98,1140,TelcoQA
ASK,1.5,0,0,1,0,0,1,0,0,0,0,0,0,0,0,0,0,0,0,0,1,1,1,2,5.5,2,6,1,3,5,0.4706,34,19,58,719,TelcoQA
ASK,1.5,0,0,1,0,0,1,0,0,0,0,0,0,0,0,0,0,0,0,0,1,1,3,2,8.5,6,13,1,3,6,0.3962,53,27,89,1046,TelcoQA
SELECT,19.5,0,1,1,1,2,3,0,0,1,0,1,0,0,0,1,0,2,0,0,11,7,9,2,29.5,11,23,10,4,6,0.2348,132,41,204,2270,TelcoQA
SELECT,13.5,0,0,1,1,0,3,0,0,1,0,1,0,0,0,1,0,2,0,0,9,6,8,2,26.0,13,8,9,4,5,0.3723,94,34,124,1615,TelcoQA
SELECT,7.5,0,0,1,0,0,1,0,0,1,0,1,0,0,0,1,0,0,0,0,4,4,4,2,16.0,10,8,4,11,6,0.3564,101,35,122,1756,TelcoQA
SELECT,12.0,0,0,1,0,0,4,0,0,1,0,1,0,0,0,1,0,0,0,0,7,4,4,2,16.0,4,2,3,3,5,0.4565,46,18,68,839,TelcoQA
SELECT,21.0,0,1,1,1,2,4,0,0,1,0,1,0,0,0,1,0,2,0,0,12,7,4,4,24.0,6,3,2,5,6,0.3913,69,25,100,1264,TelcoQA
SELECT,16.5,0,1,1,1,1,3,0,0,1,0,1,0,0,0,1,0,2,0,0,10,7,6,3,26.0,6,9,1,4,5,0.3165,79,26,112,1344,TelcoQA
SELECT,19.5,0,0,1,1,0,7,0,0,1,0,1,0,0,0,1,0,2,0,0,13,6,6,2,23.0,8,5,7,7,6,0.3333,96,33,130,1712,TelcoQA
ASK,1.5,0,0,1,0,0,1,0,0,0,0,0,0,0,0,0,0,0,0,0,1,1,8,2,16.0,17,34,1,3,6,0.2456,114,48,173,1840,TelcoQA
SELECT,12.0,0,0,1,0,0,4,0,0,1,0,1,0,0,0,1,0,0,0,0,7,4,4,2,16.0,5,2,3,3,5,0.4681,47,18,68,846,TelcoQA
SELECT,15.0,0,0,1,1,0,4,0,0,1,0,1,0,0,0,1,0,2,0,0,10,6,6,2,23.0,9,8,5,5,5,0.3896,77,31,117,1380,TelcoQA
SELECT,13.5,0,0,1,1,0,3,0,0,1,0,1,0,0,0,1,0,2,0,0,9,6,5,2,21.5,5,4,4,4,6,0.3239,71,26,90,1287,TelcoQA
ASK,1.5,0,0,1,0,0,1,0,0,0,0,0,0,0,0,0,0,0,0,0,1,1,0,2,4.0,2,3,0,3,5,0.5,30,15,42,596,TelcoQA
SELECT,7.5,0,0,1,0,0,1,0,0,1,0,1,0,0,0,1,0,0,0,0,4,4,3,2,14.5,3,2,2,3,5,0.4634,41,17,53,724,TelcoQA
SELECT,12.0,0,0,1,0,0,4,0,0,1,0,1,0,0,0,1,0,0,0,0,7,4,4,2,16.0,5,2,3,3,5,0.4681,47,18,68,846,TelcoQA
SELECT,12.0,0,0,1,1,0,2,0,0,1,0,1,0,0,0,1,0,2,0,0,8,6,2,2,17.0,6,1,2,3,5,0.4898,49,21,63,866,TelcoQA
ASK,1.5,0,0,1,0,0,1,0,0,0,0,0,0,0,0,0,0,0,0,0,1,1,2,2,7.0,9,9,1,3,6,0.451,51,23,73,887,TelcoQA
ASK,1.5,0,0,1,0,0,1,0,0,0,0,0,0,0,0,0,0,0,0,0,1,1,3,2,8.5,9,13,1,3,6,0.3548,62,27,89,1094,TelcoQA
SELECT,16.5,0,1,1,1,1,3,0,0,1,0,1,0,0,0,1,0,2,0,0,10,7,3,3,21.5,7,7,9,4,6,0.3086,81,34,121,1584,TelcoQA
ASK,1.5,0,0,1,0,0,1,0,0,0,0,0,0,0,0,0,0,0,0,0,1,1,2,2,7.0,3,4,1,6,5,0.449,49,20,60,855,TelcoQA
SELECT,16.5,0,0,1,1,0,5,0,0,1,0,1,0,0,0,1,0,2,0,0,11,6,6,2,23.0,8,9,8,5,5,0.3596,89,35,132,1610,TelcoQA
SELECT,36.0,0,1,1,1,1,6,5,0,1,0,1,0,0,0,1,0,2,0,0,18,8,7,2,28.5,8,25,8,7,5,0.193,171,44,240,2582,TelcoQA
SELECT,21.0,0,1,1,1,2,4,0,0,1,0,1,0,0,0,1,0,2,0,0,12,7,8,3,29.0,14,18,15,5,6,0.295,139,54,205,2583,TelcoQA
SELECT,12.0,0,0,1,0,0,4,0,0,1,0,1,0,0,0,1,0,0,0,0,7,4,4,2,16.0,5,2,4,3,6,0.4706,51,20,75,951,TelcoQA
SELECT,19.5,0,1,1,1,1,5,0,0,1,0,1,0,0,0,1,0,2,0,0,12,7,9,2,29.5,11,12,8,6,5,0.2833,120,40,156,2074,TelcoQA
SELECT,12.0,1,0,1,0,0,4,0,0,1,0,1,0,0,0,1,0,0,0,0,7,4,7,2,20.5,13,3,18,3,5,0.3034,89,36,134,1923,TelcoQA
SELECT,12.0,0,0,1,1,0,2,0,0,1,0,1,0,0,0,1,0,2,0,0,8,6,3,2,18.5,5,1,3,3,6,0.44,50,23,66,991,TelcoQA
ASK,4.5,0,1,1,0,1,1,0,0,0,0,0,0,0,0,0,0,0,0,0,2,2,2,3,10.0,3,3,2,4,5,0.4884,43,18,56,799,TelcoQA
SELECT,10.5,0,0,1,0,0,3,0,0,1,0,1,0,0,0,1,0,0,0,0,6,4,7,2,20.5,7,2,6,3,5,0.4237,59,21,81,948,TelcoQA
ASK,1.5,0,0,1,0,0,1,0,0,0,0,0,0,0,0,0,0,0,0,0,1,1,2,2,7.0,6,5,4,4,5,0.4151,53,22,62,1022,TelcoQA
SELECT,13.5,0,0,1,1,0,3,0,0,1,0,1,0,0,0,1,0,2,0,0,9,6,4,2,20.0,5,3,1,4,6,0.4138,58,22,79,1048,TelcoQA
SELECT,15.0,0,1,1,0,1,4,0,0,1,0,1,0,0,0,1,0,0,0,0,8,5,5,2,19.5,6,2,4,4,5,0.4727,55,20,81,1019,TelcoQA
SELECT,7.5,0,0,1,0,0,1,0,0,1,0,1,0,0,0,1,0,0,0,0,4,4,3,2,14.5,3,2,2,3,6,0.4634,41,18,56,771,TelcoQA
ASK,1.5,0,0,1,0,0,1,0,0,0,0,0,0,0,0,0,0,0,0,0,1,1,0,2,4.0,1,1,0,3,5,0.5357,28,16,36,593,TelcoQA
SELECT,10.5,0,1,1,0,1,1,0,0,1,0,1,0,0,0,1,0,0,0,0,5,5,5,3,20.5,12,8,8,7,6,0.3232,99,35,123,1671,TelcoQA
SELECT,26.0,0,0,1,7,0,4,0,0,1,0,1,0,0,0,1,0,0,0,0,14,5,11,2,28.5,12,2,10,10,6,0.3448,87,33,127,1497,TelcoQA
SELECT,7.5,0,0,1,0,0,1,0,0,1,0,1,0,0,0,1,0,0,0,0,4,4,3,2,14.5,3,2,2,3,5,0.4634,41,17,53,724,TelcoQA
SELECT,18.0,0,1,1,1,1,4,0,0,1,0,1,0,0,0,1,0,2,0,0,11,7,11,2,32.5,13,13,8,5,6,0.287,115,41,159,2009,TelcoQA
SELECT,12.0,0,0,1,0,0,4,0,0,1,0,1,0,0,0,1,0,0,0,0,7,4,4,2,16.0,4,2,3,3,5,0.4565,46,18,68,839,TelcoQA
SELECT,12.0,0,0,1,0,0,4,0,0,1,0,1,0,0,0,1,0,0,0,0,7,4,4,2,16.0,4,2,3,3,5,0.4565,46,18,68,839,TelcoQA
SELECT,7.5,0,0,1,0,0,1,0,0,1,0,1,0,0,0,1,0,0,0,0,4,4,1,2,11.5,9,3,6,7,6,0.3944,71,28,87,1325,TelcoQA
SELECT,17.5,0,0,1,2,0,5,0,0,1,0,1,0,0,0,1,0,0,0,0,10,5,8,2,24.0,8,4,8,5,5,0.3671,79,26,111,1256,TelcoQA
SELECT,15.0,0,0,1,3,0,2,0,0,1,0,1,0,0,0,1,0,0,0,0,8,5,5,2,19.5,6,2,4,6,5,0.4286,63,22,78,976,TelcoQA
ASK,1.5,0,0,1,0,0,1,0,0,0,0,0,0,0,0,0,0,0,0,0,1,1,1,2,5.5,4,4,2,4,5,0.4545,44,19,56,849,TelcoQA
SELECT,16.5,0,0,1,1,0,5,0,0,1,0,1,0,0,0,1,0,2,0,0,11,6,9,2,27.5,12,9,11,5,6,0.3137,102,39,143,1940,TelcoQA
SELECT,17.0,0,0,1,4,0,2,0,0,1,0,1,0,0,0,1,0,0,0,0,9,5,6,2,21.0,7,2,5,7,6,0.3731,67,25,87,1083,TelcoQA
SELECT,12.0,0,0,1,0,0,4,0,0,1,0,1,0,0,0,1,0,0,0,0,7,4,4,2,16.0,4,2,3,3,5,0.4565,46,18,68,839,TelcoQA
SELECT,16.5,0,0,1,3,0,3,0,0,1,0,1,0,0,0,1,0,0,0,0,9,5,6,2,21.0,7,2,5,6,6,0.3939,66,24,87,1099,TelcoQA
SELECT,19.5,0,1,1,1,1,5,0,0,1,0,1,0,0,0,1,0,2,0,0,12,7,8,3,29.0,11,6,5,5,5,0.3647,85,30,119,1511,TelcoQA
SELECT,10.5,0,0,1,0,0,3,0,0,1,0,1,0,0,0,1,0,0,0,0,6,4,4,2,16.0,6,2,3,3,5,0.4894,47,18,65,843,TelcoQA
SELECT,15.0,0,1,1,0,1,4,0,0,1,0,1,0,0,0,1,0,0,0,0,8,5,5,2,19.5,6,2,4,4,6,0.4727,55,21,84,1061,TelcoQA
SELECT,7.5,0,0,1,0,0,1,0,0,1,0,1,0,0,0,1,0,0,0,0,4,4,2,2,13.0,8,5,3,9,5,0.3671,79,28,90,1343,TelcoQA
SELECT,25.5,0,1,1,1,2,7,0,0,1,0,1,0,0,0,1,0,2,0,0,15,7,8,4,30.0,14,14,14,6,6,0.2927,123,50,191,2500,TelcoQA
SELECT,12.0,0,0,1,0,0,4,0,0,1,0,1,0,0,0,1,0,0,0,0,7,4,4,2,16.0,4,2,3,3,5,0.4565,46,18,68,839,TelcoQA
SELECT,15.0,0,0,1,1,0,4,0,0,1,0,1,0,0,0,1,0,2,0,0,10,6,4,2,20.0,6,3,2,5,5,0.4154,65,23,86,1111,TelcoQA
SELECT,13.5,0,0,1,1,0,3,0,0,1,0,1,0,0,0,1,0,2,0,0,9,6,3,2,18.5,5,2,2,4,5,0.4107,56,21,73,1023,TelcoQA
SELECT,18.0,0,1,1,1,1,4,0,0,1,0,1,0,0,0,1,0,2,0,0,11,7,7,3,27.5,9,13,8,5,6,0.3333,93,41,155,1833,TelcoQA
SELECT,12.5,0,0,1,1,0,3,0,0,1,0,1,0,0,0,1,0,0,0,0,7,5,4,2,18.0,5,2,3,4,6,0.44,50,20,71,922,TelcoQA
SELECT,11.0,0,0,1,1,0,2,0,0,1,0,1,0,0,0,1,0,0,0,0,6,5,3,2,16.5,4,2,2,4,5,0.5,40,18,60,782,TelcoQA
SELECT,18.0,0,1,1,1,1,4,0,0,1,0,1,0,0,0,1,0,2,0,0,11,7,3,2,20.5,7,4,3,5,5,0.3836,73,26,101,1245,TelcoQA
ASK,4.5,0,0,1,0,0,1,1,0,0,0,0,0,0,0,0,0,0,0,0,2,2,4,2,12.0,5,16,7,7,5,0.266,94,33,131,1733,TelcoQA
SELECT,12.0,0,0,1,0,0,4,0,0,1,0,1,0,0,0,1,0,0,0,0,7,4,4,2,16.0,4,2,3,3,5,0.4565,46,18,68,839,TelcoQA
SELECT,30.0,0,0,1,1,0,8,3,0,1,0,1,0,0,0,1,0,2,0,0,17,7,12,2,34.0,19,44,25,8,6,0.2008,244,70,368,4112,TelcoQA
SELECT,12.0,0,0,1,0,0,4,0,0,1,0,1,0,0,0,1,0,0,0,0,7,4,4,2,16.0,5,2,4,3,5,0.451,51,19,72,897,TelcoQA
SELECT,13.5,0,0,1,1,0,3,0,0,1,0,1,0,0,0,1,0,2,0,0,9,6,5,2,21.5,7,4,2,4,6,0.3939,66,24,88,1137,TelcoQA
SELECT,7.5,0,0,1,0,0,1,0,0,1,0,1,0,0,0,1,0,0,0,0,4,4,2,2,13.0,8,6,4,7,5,0.3544,79,28,92,1310,TelcoQA
SELECT,15.0,0,0,1,1,0,4,0,0,1,0,1,0,0,0,1,0,2,0,0,10,6,5,2,21.5,6,7,2,5,5,0.3289,76,27,104,1260,TelcoQA
SELECT,18.5,0,0,1,4,0,3,0,0,1,0,1,0,0,0,1,0,0,0,0,10,5,7,2,22.5,8,2,6,7,5,0.4308,65,25,93,1090,TelcoQA
SELECT,16.5,0,0,1,1,0,5,0,0,1,0,1,0,0,0,1,0,2,0,0,11,6,7,2,24.5,11,8,6,6,5,0.4186,86,33,132,1525,TelcoQA
SELECT,27.0,0,1,1,1,1,10,0,0,1,0,1,0,0,0,1,0,2,0,0,17,7,9,2,29.5,18,13,15,10,6,0.3377,154,53,219,2829,TelcoQA
SELECT,13.5,0,0,1,1,0,3,0,0,1,0,1,0,0,0,1,0,2,0,0,9,6,3,2,18.5,3,2,2,4,5,0.386,57,21,73,972,TelcoQA
SELECT,27.0,0,0,1,1,0,6,3,0,1,0,1,0,0,0,1,0,2,0,0,15,7,12,2,34.0,17,42,23,7,5,0.1797,256,57,350,3606,TelcoQA
SELECT,19.5,0,1,1,1,1,5,0,0,1,0,1,0,0,0,1,0,2,0,0,12,7,4,2,22.0,5,4,3,6,5,0.3377,77,27,107,1370,TelcoQA
ASK,1.5,0,0,1,0,0,1,0,0,0,0,0,0,0,0,0,0,0,0,0,1,1,1,2,5.5,1,5,0,3,5,0.4667,30,17,50,652,TelcoQA
ASK,1.5,0,0,1,0,0,1,0,0,0,0,0,0,0,0,0,0,0,0,0,1,1,1,2,5.5,4,4,3,4,5,0.4091,44,20,56,896,TelcoQA
SELECT,7.5,0,0,1,0,0,1,0,0,1,0,1,0,0,0,1,0,0,0,0,4,4,3,2,14.5,3,2,2,3,5,0.4634,41,17,53,724,TelcoQA
SELECT,15.0,0,1,1,0,1,4,0,0,1,0,1,0,0,0,1,0,0,0,0,8,5,5,2,19.5,6,2,4,4,5,0.4727,55,20,81,1014,TelcoQA
ASK,1.5,0,0,1,0,0,1,0,0,0,0,0,0,0,0,0,0,0,0,0,1,1,1,2,5.5,5,6,1,3,6,0.475,40,20,61,802,TelcoQA
SELECT,11.0,0,0,1,1,0,2,0,0,1,0,1,0,0,0,1,0,0,0,0,6,5,3,2,16.5,4,2,2,4,6,0.5,40,19,63,809,TelcoQA
SELECT,15.0,0,0,1,1,0,4,0,0,1,0,1,0,0,0,1,0,2,0,0,10,6,4,2,20.0,5,4,1,5,5,0.4062,64,23,88,1099,TelcoQA
SELECT,17.0,0,0,1,4,0,2,0,0,1,0,1,0,0,0,1,0,0,0,0,9,5,5,2,19.5,6,2,5,7,5,0.4407,59,24,88,1036,TelcoQA
SELECT,18.0,0,1,1,1,2,2,0,0,1,0,1,0,0,0,1,0,2,0,0,10,7,2,3,20.0,5,1,2,3,5,0.5,50,21,72,919,TelcoQA
SELECT,10.5,0,0,1,0,0,3,0,0,1,0,1,0,0,0,1,0,0,0,0,6,4,4,2,16.0,6,2,3,3,6,0.5116,43,19,68,888,TelcoQA
SELECT,12.0,1,0,1,0,0,4,0,0,1,0,1,0,0,0,1,0,0,0,0,7,4,5,2,17.5,7,3,6,3,6,0.4259,54,25,89,1136,TelcoQA
SELECT,13.0,0,0,1,2,0,2,0,0,1,0,1,0,0,0,1,0,0,0,0,7,5,4,2,18.0,5,2,3,5,5,0.4681,47,20,69,852,TelcoQA
SELECT,25.0,2,0,1,5,0,4,1,0,1,0,1,0,0,0,1,0,0,0,0,13,6,12,2,32.0,12,12,8,4,6,0.3667,90,33,159,1591,TelcoQA
SELECT,22.5,0,1,1,1,2,3,1,0,1,0,1,0,0,0,1,0,2,0,0,12,8,7,4,30.5,8,11,6,4,6,0.2989,87,36,145,1780,TelcoQA
SELECT,7.5,0,0,1,0,0,1,0,0,1,0,1,0,0,0,1,0,0,0,0,4,4,3,2,14.5,7,5,3,7,5,0.4262,61,26,84,1218,TelcoQA
SELECT,12.0,0,0,1,0,0,4,0,0,1,0,1,0,0,0,1,0,0,0,0,7,4,4,2,16.0,4,2,3,3,5,0.4565,46,18,68,839,TelcoQA
SELECT,14.5,0,0,1,2,0,3,0,0,1,0,1,0,0,0,1,0,0,0,0,8,5,5,2,19.5,6,2,4,5,6,0.449,49,22,79,961,TelcoQA
SELECT,24.0,0,1,1,1,1,8,0,0,1,0,1,0,0,0,1,0,2,0,0,15,7,7,2,26.5,13,6,13,9,6,0.3228,127,43,165,2167,TelcoQA
SELECT,13.0,0,0,1,2,0,2,0,0,1,0,1,0,0,0,1,0,0,0,0,7,5,3,2,16.5,4,2,3,5,5,0.4364,55,20,71,875,TelcoQA
SELECT,12.0,0,0,1,0,0,4,0,0,1,0,1,0,0,0,1,0,0,0,0,7,4,4,2,16.0,5,2,3,3,6,0.4681,47,19,71,898,TelcoQA
SELECT,36.0,1,0,1,3,0,6,5,0,1,0,1,0,0,0,1,0,0,0,0,17,6,19,2,42.5,24,76,33,6,6,0.1647,340,42,523,4957,TelcoQA
SELECT,15.0,0,1,1,0,1,4,0,0,1,0,1,0,0,0,1,0,0,0,0,8,5,5,2,19.5,6,2,4,4,6,0.4727,55,21,84,1061,TelcoQA
SELECT,16.5,0,0,1,1,0,5,0,0,1,0,1,0,0,0,1,0,2,0,0,11,6,9,2,27.5,12,9,6,5,6,0.3678,87,34,134,1609,TelcoQA
SELECT,12.0,0,0,1,1,0,2,0,0,1,0,1,0,0,0,1,0,2,0,0,8,6,4,2,20.0,5,3,1,3,5,0.3889,54,21,69,947,TelcoQA
SELECT,12.0,0,0,1,0,0,4,0,0,1,0,1,0,0,0,1,0,0,0,0,7,4,4,2,16.0,5,2,3,3,5,0.4681,47,18,68,846,TelcoQA
SELECT,12.0,1,0,1,0,0,4,0,0,1,0,1,0,0,0,1,0,0,0,0,7,4,10,2,25.0,18,3,30,3,6,0.2185,151,49,185,3171,TelcoQA
SELECT,11.0,0,0,1,1,0,2,0,0,1,0,1,0,0,0,1,0,0,0,0,6,5,3,2,16.5,4,2,2,4,5,0.4667,45,18,60,802,TelcoQA
SELECT,13.5,0,0,1,1,0,3,0,0,1,0,1,0,0,0,1,0,2,0,0,9,6,7,2,24.5,10,6,4,4,5,0.4028,72,27,99,1269,TelcoQA
ASK,1.5,0,0,1,0,0,1,0,0,0,0,0,0,0,0,0,0,0,0,0,1,1,2,2,7.0,6,3,6,4,5,0.4314,51,22,60,1053,TelcoQA
SELECT,31.5,0,1,1,1,1,7,3,0,1,0,1,0,0,0,1,0,2,0,0,17,8,13,2,37.5,16,32,21,7,5,0.2018,223,57,307,3271,TelcoQA
SELECT,15.0,0,0,1,3,0,2,0,0,1,0,1,0,0,0,1,0,0,0,0,8,5,5,2,19.5,6,2,4,6,6,0.4545,55,23,81,985,TelcoQA
SELECT,15.0,0,0,1,3,0,2,0,0,1,0,1,0,0,0,1,0,0,0,0,8,5,5,2,19.5,6,2,4,6,5,0.4423,52,22,76,955,TelcoQA
SELECT,11.0,0,0,1,1,0,2,0,0,1,0,1,0,0,0,1,0,0,0,0,6,5,3,2,16.5,4,2,2,4,6,0.4872,39,19,63,819,TelcoQA
SELECT,12.0,0,0,1,1,0,2,0,0,1,0,1,0,0,0,1,0,2,0,0,8,6,3,2,18.5,5,1,3,3,5,0.44,50,22,63,955,TelcoQA
SELECT,12.0,0,0,1,0,0,4,0,0,1,0,1,0,0,0,1,0,0,0,0,7,4,4,2,16.0,5,2,3,3,6,0.4681,47,19,71,893,TelcoQA
SELECT,30.0,0,1,1,1,3,8,0,0,1,0,1,0,0,0,1,0,2,0,0,17,7,11,5,35.5,14,45,10,9,5,0.224,192,80,329,3526,TelcoQA
SELECT,13.5,0,0,1,1,0,3,0,0,1,0,1,0,0,0,1,0,2,0,0,9,6,7,2,24.5,9,9,7,4,5,0.358,81,33,118,1472,TelcoQA
ASK,1.5,0,0,1,0,0,1,0,0,0,0,0,0,0,0,0,0,0,0,0,1,1,5,2,11.5,9,16,1,3,6,0.3538,65,30,101,1211,TelcoQA
SELECT,12.0,0,0,1,1,0,2,0,0,1,0,1,0,0,0,1,0,2,0,0,8,6,3,2,18.5,4,2,3,3,6,0.42,50,23,73,992,TelcoQA
SELECT,16.0,1,0,1,2,0,4,0,0,1,0,1,0,0,0,1,0,0,0,0,9,5,9,2,25.5,9,6,8,4,5,0.4028,72,27,117,1260,TelcoQA
SELECT,10.5,0,1,1,0,1,1,0,0,1,0,1,0,0,0,1,0,0,0,0,5,5,12,2,30.0,26,27,21,10,6,0.2564,195,70,243,3386,TelcoQA
SELECT,15.0,0,1,1,0,1,4,0,0,1,0,1,0,0,0,1,0,0,0,0,8,5,5,2,19.5,6,2,4,4,6,0.4727,55,21,84,1063,TelcoQA
SELECT,15.0,0,1,1,0,1,4,0,0,1,0,1,0,0,0,1,0,0,0,0,8,5,5,2,19.5,5,2,4,4,5,0.463,54,20,81,1007,TelcoQA
SELECT,12.0,1,0,1,0,0,4,0,0,1,0,1,0,0,0,1,0,0,0,0,7,4,7,2,20.5,10,3,15,3,6,0.2976,84,34,125,1874,TelcoQA
SELECT,21.0,0,1,1,1,1,6,0,0,1,0,1,0,0,0,1,0,2,0,0,13,7,12,2,34.0,20,23,17,6,6,0.2756,156,61,233,2950,TelcoQA
SELECT,12.0,0,0,1,0,0,4,0,0,1,0,1,0,0,0,1,0,0,0,0,7,4,4,2,16.0,5,2,3,3,5,0.4681,47,18,68,846,TelcoQA
SELECT,10.5,0,0,1,0,0,3,0,0,1,0,1,0,0,0,1,0,0,0,0,6,4,4,2,16.0,5,2,3,3,6,0.5,42,19,68,879,TelcoQA
ASK,1.5,0,0,1,0,0,1,0,0,0,0,0,0,0,0,0,0,0,0,0,1,1,2,2,7.0,7,7,5,5,5,0.4328,67,24,85,1083,TelcoQA
SELECT,12.0,0,0,1,0,0,4,0,0,1,0,1,0,0,0,1,0,0,0,0,7,4,4,2,16.0,5,2,3,3,6,0.4565,46,19,71,892,TelcoQA
SELECT,12.0,0,0,1,0,0,4,0,0,1,0,1,0,0,0,1,0,0,0,0,7,4,4,2,16.0,4,2,3,3,5,0.4565,46,18,68,839,TelcoQA
SELECT,18.0,0,0,1,1,0,6,0,0,1,0,1,0,0,0,1,0,2,0,0,12,6,9,2,27.5,14,12,13,7,6,0.3509,114,46,170,2240,TelcoQA
SELECT,15.0,0,1,1,0,1,4,0,0,1,0,1,0,0,0,1,0,0,0,0,8,5,5,2,19.5,6,2,4,4,6,0.4727,55,21,84,1061,TelcoQA
SELECT,12.0,0,0,1,0,0,4,0,0,1,0,1,0,0,0,1,0,0,0,0,7,4,4,2,16.0,5,2,3,3,5,0.4681,47,18,68,846,TelcoQA
SELECT,25.5,0,1,1,1,1,9,0,0,1,0,1,0,0,0,1,0,2,0,0,16,7,9,3,30.5,10,12,20,10,6,0.2603,146,56,211,2881,TelcoQA
SELECT,7.5,0,0,1,0,0,1,0,0,1,0,1,0,0,0,1,0,0,0,0,4,4,2,2,13.0,4,4,2,5,5,0.4118,51,22,68,992,TelcoQA
SELECT,15.0,0,1,1,0,1,4,0,0,1,0,1,0,0,0,1,0,0,0,0,8,5,5,2,19.5,5,2,4,4,6,0.463,54,21,84,1054,TelcoQA
SELECT,22.5,0,0,1,1,0,7,1,0,1,0,1,0,0,0,1,0,2,0,0,14,7,10,2,31.0,21,29,33,6,6,0.2368,190,72,291,3958,TelcoQA
SELECT,12.0,0,0,1,0,0,4,0,0,1,0,1,0,0,0,1,0,0,0,0,7,4,4,2,16.0,5,2,3,3,5,0.4681,47,18,68,846,TelcoQA
SELECT,13.5,0,0,1,1,0,3,0,0,1,0,1,0,0,0,1,0,2,0,0,9,6,3,2,18.5,4,2,2,4,5,0.4107,56,21,73,979,TelcoQA
SELECT,24.0,0,1,1,1,1,8,0,0,1,0,1,0,0,0,1,0,2,0,0,15,7,6,2,25.0,11,17,14,9,6,0.2819,149,48,216,2795,TelcoQA
SELECT,21.0,0,1,1,1,2,4,0,0,1,0,1,0,0,0,1,0,2,0,0,12,7,7,2,26.5,10,4,8,5,6,0.4146,82,32,126,1607,TelcoQA
SELECT,12.0,0,0,1,0,0,4,0,0,1,0,1,0,0,0,1,0,0,0,0,7,4,4,2,16.0,5,2,3,3,5,0.4681,47,18,68,846,TelcoQA
SELECT,15.0,0,0,1,1,0,4,0,0,1,0,1,0,0,0,1,0,2,0,0,10,6,4,2,20.0,4,3,2,5,5,0.3939,66,23,87,1046,TelcoQA
SELECT,12.0,0,0,1,1,0,2,0,0,1,0,1,0,0,0,1,0,2,0,0,8,6,2,2,17.0,4,1,1,3,5,0.4565,46,20,59,831,TelcoQA
ASK,1.5,0,0,1,0,0,1,0,0,0,0,0,0,0,0,0,0,0,0,0,1,1,3,2,8.5,4,7,3,6,5,0.4032,62,25,78,1082,TelcoQA
SELECT,15.0,0,1,1,0,1,4,0,0,1,0,1,0,0,0,1,0,0,0,0,8,5,5,2,19.5,5,2,4,4,6,0.463,54,21,84,1054,TelcoQA
SELECT,15.0,0,1,1,0,1,4,0,0,1,0,1,0,0,0,1,0,0,0,0,8,5,5,2,19.5,5,2,4,4,5,0.463,54,20,81,1007,TelcoQA
SELECT,40.5,0,1,1,1,2,5,6,0,1,0,1,0,0,0,1,0,2,0,0,19,8,11,4,36.5,15,61,17,6,6,0.1951,205,66,414,3975,TelcoQA
SELECT,17.5,0,0,1,2,0,5,0,0,1,0,1,0,0,0,1,0,0,0,0,10,5,7,2,22.5,8,2,6,5,6,0.4333,60,24,96,1111,TelcoQA
SELECT,31.5,0,1,1,1,1,7,3,0,1,0,1,0,0,0,1,0,2,0,0,17,8,7,3,29.5,11,17,15,8,5,0.2201,159,51,215,2775,TelcoQA
SELECT,19.5,0,1,1,1,1,5,0,0,1,0,1,0,0,0,1,0,2,0,0,12,7,6,2,25.0,10,6,5,6,6,0.4024,82,32,127,1525,TelcoQA
SELECT,12.0,0,0,1,0,0,4,0,0,1,0,1,0,0,0,1,0,0,0,0,7,4,4,2,16.0,4,2,3,3,5,0.4565,46,18,68,839,TelcoQA
SELECT,7.5,0,0,1,0,0,1,0,0,1,0,1,0,0,0,1,0,0,0,0,4,4,3,2,14.5,3,2,2,3,6,0.4634,41,18,56,771,TelcoQA
SELECT,15.0,0,1,1,0,1,4,0,0,1,0,1,0,0,0,1,0,0,0,0,8,5,5,2,19.5,5,2,4,4,6,0.463,54,21,84,1054,TelcoQA
SELECT,12.0,0,0,1,1,0,2,0,0,1,0,1,0,0,0,1,0,2,0,0,8,6,5,2,21.5,5,5,2,3,5,0.3607,61,24,80,1051,TelcoQA
SELECT,12.0,0,0,1,0,0,4,0,0,1,0,1,0,0,0,1,0,0,0,0,7,4,4,2,16.0,5,2,3,3,5,0.4468,47,18,68,852,TelcoQA
SELECT,15.0,0,1,1,1,1,2,0,0,1,0,1,0,0,0,1,0,2,0,0,9,7,2,2,19.0,6,1,1,3,5,0.4898,49,21,68,883,TelcoQA
SELECT,18.0,0,1,1,1,1,4,0,0,1,0,1,0,0,0,1,0,2,0,0,11,7,5,3,24.5,10,6,12,5,5,0.3587,92,36,128,1744,TelcoQA
SELECT,18.0,0,1,1,1,1,4,0,0,1,0,1,0,0,0,1,0,2,0,0,11,7,7,2,26.5,9,8,4,5,6,0.3735,83,32,126,1468,TelcoQA
SELECT,13.5,0,1,1,0,1,3,0,0,1,0,1,0,0,0,1,0,0,0,0,7,5,4,2,18.0,6,3,4,3,5,0.4259,54,20,78,988,TelcoQA
SELECT,12.0,0,0,1,0,0,4,0,0,1,0,1,0,0,0,1,0,0,0,0,7,4,4,2,16.0,5,2,4,3,6,0.4889,45,20,75,932,TelcoQA
SELECT,16.5,0,1,1,1,1,3,0,0,1,0,1,0,0,0,1,0,2,0,0,10,7,5,2,23.5,6,4,2,4,5,0.3824,68,23,92,1127,TelcoQA
ASK,1.5,0,0,1,0,0,1,0,0,0,0,0,0,0,0,0,0,0,0,0,1,1,3,2,8.5,9,10,9,5,5,0.3544,79,33,102,1508,TelcoQA
SELECT,15.0,0,0,1,1,0,4,0,0,1,0,1,0,0,0,1,0,2,0,0,10,6,8,2,26.0,8,13,5,5,6,0.3118,93,37,138,1712,TelcoQA
ASK,1.5,0,0,1,0,0,1,0,0,0,0,0,0,0,0,0,0,0,0,0,1,1,2,2,7.0,4,3,2,4,5,0.4651,43,18,50,796,TelcoQA
SELECT,21.0,0,1,1,1,1,6,0,0,1,0,1,0,0,0,1,0,2,0,0,13,7,3,3,21.5,9,5,4,7,6,0.4474,76,31,126,1515,TelcoQA
SELECT,12.0,0,0,1,0,0,4,0,0,1,0,1,0,0,0,1,0,0,0,0,7,4,4,2,16.0,4,2,3,3,5,0.4565,46,18,68,839,TelcoQA
SELECT,20.5,0,0,1,5,0,3,0,0,1,0,1,0,0,0,1,0,0,0,0,11,5,8,2,24.0,9,2,7,8,6,0.4167,72,28,105,1208,TelcoQA
SELECT,10.5,0,1,1,0,1,1,0,0,1,0,1,0,0,0,1,0,0,0,0,5,5,10,2,27.0,31,58,16,11,5,0.2241,232,95,356,3867,TelcoQA
SELECT,21.0,0,1,1,1,2,4,0,0,1,0,1,0,0,0,1,0,2,0,0,12,7,5,4,25.5,11,4,7,5,6,0.3765,85,31,114,1596,TelcoQA
ASK,1.5,0,0,1,0,0,1,0,0,0,0,0,0,0,0,0,0,0,0,0,1,1,7,2,14.5,11,43,1,3,6,0.2066,121,57,209,2163,TelcoQA
SELECT,13.5,0,0,1,1,0,3,0,0,1,0,1,0,0,0,1,0,2,0,0,9,6,9,2,27.5,11,14,7,4,6,0.2743,113,39,144,1820,TelcoQA
SELECT,13.5,0,0,1,1,0,3,0,0,1,0,1,0,0,0,1,0,2,0,0,9,6,5,2,21.5,6,7,3,4,5,0.3676,68,27,98,1228,TelcoQA
SELECT,14.0,0,0,1,1,0,4,0,0,1,0,1,0,0,0,1,0,0,0,0,8,5,8,2,24.0,9,8,7,4,5,0.3333,84,24,117,1312,TelcoQA
SELECT,7.5,0,0,1,0,0,1,0,0,1,0,1,0,0,0,1,0,0,0,0,4,4,5,2,17.5,15,12,12,6,6,0.34,100,42,133,1977,TelcoQA
SELECT,16.5,0,1,1,1,1,3,0,0,1,0,1,0,0,0,1,0,2,0,0,10,7,5,3,24.5,5,4,3,4,6,0.3194,72,26,94,1349,TelcoQA
SELECT,7.5,0,0,1,0,0,1,0,0,1,0,1,0,0,0,1,0,0,0,0,4,4,6,2,19.0,15,16,10,5,5,0.3295,88,42,139,1799,TelcoQA
ASK,4.5,0,1,1,0,1,1,0,0,0,0,0,0,0,0,0,0,0,0,0,2,2,2,3,10.0,3,3,5,5,5,0.375,56,23,68,1039,TelcoQA
SELECT,12.0,0,0,1,0,0,4,0,0,1,0,1,0,0,0,1,0,0,0,0,7,4,4,2,16.0,5,2,3,3,6,0.4681,47,19,71,893,TelcoQA
SELECT,10.5,0,1,1,0,1,1,0,0,1,0,1,0,0,0,1,0,0,0,0,5,5,5,2,19.5,19,10,10,10,6,0.3738,107,42,148,1931,TelcoQA
SELECT,40.5,0,1,1,1,3,9,3,0,1,0,1,0,0,0,1,0,2,0,0,21,8,14,4,41.0,17,67,23,9,5,0.1585,328,78,484,5065,TelcoQA
ASK,1.5,0,0,1,0,0,1,0,0,0,0,0,0,0,0,0,0,0,0,0,1,1,0,2,4.0,3,3,0,3,5,0.4839,31,15,42,609,TelcoQA
SELECT,12.0,0,0,1,0,0,4,0,0,1,0,1,0,0,0,1,0,0,0,0,7,4,4,2,16.0,5,2,3,3,6,0.4565,46,19,71,892,TelcoQA
SELECT,18.0,0,1,1,1,1,4,0,0,1,0,1,0,0,0,1,0,2,0,0,11,7,4,3,23.0,5,6,6,5,5,0.3333,69,31,113,1473,TelcoQA
SELECT,14.5,0,0,1,2,0,3,0,0,1,0,1,0,0,0,1,0,0,0,0,8,5,5,2,19.5,6,2,4,5,5,0.46,50,21,77,922,TelcoQA
SELECT,14.5,0,0,1,2,0,3,0,0,1,0,1,0,0,0,1,0,0,0,0,8,5,5,2,19.5,6,2,4,5,6,0.4694,49,22,79,946,TelcoQA
SELECT,15.0,0,1,1,1,1,2,0,0,1,0,1,0,0,0,1,0,2,0,0,9,7,5,3,24.5,5,4,2,3,5,0.3889,54,24,82,1070,TelcoQA
SELECT,7.5,0,0,1,0,0,1,0,0,1,0,1,0,0,0,1,0,0,0,0,4,4,3,2,14.5,3,2,2,3,5,0.4634,41,17,53,724,TelcoQA
SELECT,16.5,0,0,1,1,0,5,0,0,1,0,1,0,0,0,1,0,2,0,0,11,6,9,2,27.5,14,8,11,5,5,0.35,100,37,134,1878,TelcoQA
SELECT,12.0,0,0,1,1,0,2,0,0,1,0,1,0,0,0,1,0,2,0,0,8,6,3,2,18.5,5,2,3,3,5,0.451,51,22,70,943,TelcoQA
SELECT,27.0,0,0,1,1,0,6,3,0,1,0,1,0,0,0,1,0,2,0,0,15,7,17,2,41.5,20,64,21,7,6,0.1487,316,72,427,4481,TelcoQA
ASK,1.5,0,0,1,0,0,1,0,0,0,0,0,0,0,0,0,0,0,0,0,1,1,4,2,10.0,9,27,1,3,6,0.2588,85,41,145,1475,TelcoQA
SELECT,12.0,0,0,1,1,0,2,0,0,1,0,1,0,0,0,1,0,2,0,0,8,6,3,2,18.5,4,2,1,3,5,0.4082,49,20,64,877,TelcoQA
SELECT,12.0,0,0,1,1,0,2,0,0,1,0,1,0,0,0,1,0,2,0,0,8,6,5,2,21.5,6,4,1,3,5,0.4,55,22,74,983,TelcoQA
SELECT,15.0,0,0,1,1,0,4,0,0,1,0,1,0,0,0,1,0,2,0,0,10,6,7,2,24.5,11,8,12,5,6,0.292,113,39,136,1981,TelcoQA
SELECT,15.0,0,0,1,1,0,4,0,0,1,0,1,0,0,0,1,0,2,0,0,10,6,4,2,20.0,7,3,5,5,5,0.3947,76,26,93,1295,TelcoQA
SELECT,19.5,0,1,1,1,1,5,0,0,1,0,1,0,0,0,1,0,2,0,0,12,7,8,2,28.0,11,11,6,6,6,0.3663,101,38,152,1726,TelcoQA
SELECT,33.0,0,1,1,1,2,6,3,0,1,0,1,0,0,0,1,0,2,0,0,17,8,12,4,38.0,15,63,26,6,6,0.1434,258,75,435,4832,TelcoQA
SELECT,13.5,0,1,1,0,1,3,0,0,1,0,1,0,0,0,1,0,0,0,0,7,5,4,2,18.0,5,3,4,3,6,0.4074,54,21,81,1037,TelcoQA
SELECT,25.5,0,1,1,1,2,3,2,0,1,0,1,0,0,0,1,0,2,0,0,13,8,7,3,29.5,8,13,11,4,6,0.2167,120,42,166,2250,TelcoQA
SELECT,7.5,0,0,1,0,0,1,0,0,1,0,1,0,0,0,1,0,0,0,0,4,4,3,2,14.5,3,2,2,3,6,0.4634,41,18,56,771,TelcoQA
SELECT,12.0,1,0,1,0,0,4,0,0,1,0,1,0,0,0,1,0,0,0,0,7,4,7,2,20.5,7,3,16,3,5,0.2178,101,34,126,1968,TelcoQA
SELECT,12.0,0,0,1,0,0,4,0,0,1,0,1,0,0,0,1,0,0,0,0,7,4,4,2,16.0,5,2,3,3,5,0.4681,47,18,68,846,TelcoQA
ASK,1.5,0,0,1,0,0,1,0,0,0,0,0,0,0,0,0,0,0,0,0,1,1,9,2,17.5,16,49,1,3,6,0.2014,139,63,233,2354,TelcoQA
SELECT,12.0,1,0,1,0,0,4,0,0,1,0,1,0,0,0,1,0,0,0,0,7,4,8,2,22.0,11,3,17,3,5,0.2451,102,35,130,2061,TelcoQA
SELECT,12.0,0,0,1,1,0,2,0,0,1,0,1,0,0,0,1,0,2,0,0,8,6,6,2,23.0,7,5,3,3,5,0.3898,59,25,83,1139,TelcoQA
SELECT,12.0,0,0,1,0,0,4,0,0,1,0,1,0,0,0,1,0,0,0,0,7,4,4,2,16.0,5,2,3,3,6,0.4681,47,19,71,893,TelcoQA
ASK,1.5,0,0,1,0,0,1,0,0,0,0,0,0,0,0,0,0,0,0,0,1,1,3,2,8.5,11,13,1,3,6,0.4,60,27,89,1031,TelcoQA
SELECT,12.0,0,0,1,0,0,4,0,0,1,0,1,0,0,0,1,0,0,0,0,7,4,4,2,16.0,5,2,3,3,5,0.4681,47,18,68,846,TelcoQA
ASK,7.5,0,1,1,0,2,1,0,0,0,0,0,0,0,0,0,0,0,0,0,3,2,3,4,12.5,6,11,8,5,6,0.3111,90,36,122,1587,TelcoQA
SELECT,7.5,0,0,1,0,0,1,0,0,1,0,1,0,0,0,1,0,0,0,0,4,4,3,2,14.5,3,2,2,3,5,0.4634,41,17,53,724,TelcoQA
SELECT,18.0,0,1,1,1,1,4,0,0,1,0,1,0,0,0,1,0,2,0,0,11,7,7,3,27.5,8,6,4,5,5,0.4028,72,29,112,1379,TelcoQA
SELECT,10.5,0,0,1,0,0,3,0,0,1,0,1,0,0,0,1,0,0,0,0,6,4,4,2,16.0,6,2,3,3,5,0.4894,47,18,65,875,TelcoQA
SELECT,36.0,0,1,1,1,2,8,3,0,1,0,1,0,0,0,1,0,2,0,0,19,8,7,3,29.5,14,49,17,8,6,0.1745,235,66,363,4134,TelcoQA
SELECT,16.5,0,0,1,1,0,5,0,0,1,0,1,0,0,0,1,0,2,0,0,11,6,10,2,29.0,12,11,10,6,6,0.3217,115,41,154,1958,TelcoQA
SELECT,12.0,0,0,1,0,0,4,0,0,1,0,1,0,0,0,1,0,0,0,0,7,4,4,2,16.0,5,2,3,3,5,0.4681,47,18,68,846,TelcoQA
ASK,4.5,0,1,1,0,1,1,0,0,0,0,0,0,0,0,0,0,0,0,0,2,2,3,3,11.5,8,7,7,4,5,0.3467,75,28,84,1347,TelcoQA
ASK,4.5,0,1,1,0,1,1,0,0,0,0,0,0,0,0,0,0,0,0,0,2,2,1,3,8.5,2,3,0,3,5,0.4571,35,17,48,707,TelcoQA
ASK,1.5,0,0,1,0,0,1,0,0,0,0,0,0,0,0,0,0,0,0,0,1,1,3,2,8.5,5,7,6,4,5,0.377,61,26,80,1135,TelcoQA
SELECT,19.5,0,1,1,1,1,5,0,0,1,0,1,0,0,0,1,0,2,0,0,12,7,5,2,23.5,5,3,2,6,5,0.4085,71,25,102,1294,TelcoQA
SELECT,30.0,0,1,1,1,1,6,3,0,1,0,1,0,0,0,1,0,2,0,0,16,8,12,2,36.0,15,42,15,6,5,0.1778,225,52,326,3293,TelcoQA
SELECT,10.5,0,0,1,0,0,3,0,0,1,0,1,0,0,0,1,0,0,0,0,6,4,4,2,16.0,6,2,3,3,5,0.5116,43,18,65,839,TelcoQA
SELECT,12.5,0,0,1,1,0,3,0,0,1,0,1,0,0,0,1,0,0,0,0,7,5,4,2,18.0,5,2,3,4,6,0.4773,44,20,71,896,TelcoQA
SELECT,11.0,0,0,1,1,0,2,0,0,1,0,1,0,0,0,1,0,0,0,0,6,5,3,2,16.5,4,2,2,4,5,0.5385,39,18,60,746,TelcoQA
SELECT,13.5,0,1,1,0,2,1,0,0,1,0,1,0,0,0,1,0,0,0,0,6,5,7,3,23.5,13,12,10,8,6,0.2719,114,43,150,2178,TelcoQA
SELECT,12.0,0,0,1,0,0,4,0,0,1,0,1,0,0,0,1,0,0,0,0,7,4,4,2,16.0,5,2,3,3,6,0.4681,47,19,71,898,TelcoQA
SELECT,15.0,0,0,1,1,0,4,0,0,1,0,1,0,0,0,1,0,2,0,0,10,6,5,2,21.5,7,6,4,4,5,0.338,71,27,100,1242,TelcoQA
DESCRIBE,4.5,0,1,1,0,1,1,0,0,0,0,0,0,0,0,0,0,0,0,0,2,2,2,3,10.0,7,1,10,3,5,0.3538,65,25,65,1323,TelcoQA
SELECT,15.0,0,1,1,0,1,4,0,0,1,0,1,0,0,0,1,0,0,0,0,8,5,5,2,19.5,5,2,4,4,6,0.463,54,21,84,1054,TelcoQA
SELECT,21.0,0,1,1,1,1,6,0,0,1,0,1,0,0,0,1,0,2,0,0,13,7,9,3,30.5,9,9,1,7,6,0.3537,82,32,137,1527,TelcoQA
SELECT,7.5,0,0,1,0,0,1,0,0,1,0,1,0,0,0,1,0,0,0,0,4,4,3,2,14.5,3,2,2,3,6,0.4634,41,18,56,771,TelcoQA
ASK,1.5,0,0,1,0,0,1,0,0,0,0,0,0,0,0,0,0,0,0,0,1,1,1,2,5.5,11,18,1,3,6,0.3968,63,32,109,1213,TelcoQA
ASK,4.5,0,1,1,0,1,1,0,0,0,0,0,0,0,0,0,0,0,0,0,2,2,4,2,12.0,11,10,8,6,5,0.3511,94,34,115,1462,TelcoQA
SELECT,7.5,0,0,1,0,0,1,0,0,1,0,1,0,0,0,1,0,0,0,0,4,4,2,2,13.0,5,5,7,7,5,0.3824,68,29,89,1365,TelcoQA
ASK,1.5,0,0,1,0,0,1,0,0,0,0,0,0,0,0,0,0,0,0,0,1,1,5,2,11.5,10,30,1,3,6,0.284,81,44,157,1592,TelcoQA
SELECT,12.0,1,0,1,0,0,4,0,0,1,0,1,0,0,0,1,0,0,0,0,7,4,5,2,17.5,11,3,15,3,6,0.3171,82,34,125,1844,TelcoQA
SELECT,19.0,0,0,1,5,0,2,0,0,1,0,1,0,0,0,1,0,0,0,0,10,5,7,2,22.5,8,2,6,8,6,0.4118,68,27,96,1181,TelcoQA
SELECT,11.0,0,0,1,1,0,2,0,0,1,0,1,0,0,0,1,0,0,0,0,6,5,3,2,16.5,4,2,2,4,6,0.5122,41,19,65,822,TelcoQA
ASK,4.5,0,1,1,0,1,1,0,0,0,0,0,0,0,0,0,0,0,0,0,2,2,3,2,10.5,4,5,1,4,5,0.4419,43,19,63,777,TelcoQA
SELECT,10.5,0,1,1,0,1,1,0,0,1,0,1,0,0,0,1,0,0,0,0,5,5,3,3,17.5,10,10,7,6,6,0.358,81,36,120,1657,TelcoQA
SELECT,15.0,0,1,1,0,1,4,0,0,1,0,1,0,0,0,1,0,0,0,0,8,5,5,2,19.5,6,2,4,4,6,0.4727,55,21,84,1061,TelcoQA
SELECT,19.5,0,0,1,1,0,7,0,0,1,0,1,0,0,0,1,0,2,0,0,13,6,8,2,26.0,11,16,8,7,5,0.2537,134,44,176,2110,TelcoQA
SELECT,10.5,0,1,1,0,1,1,0,0,1,0,1,0,0,0,1,0,0,0,0,5,5,10,3,28.0,22,38,19,9,5,0.2327,202,78,276,3352,TelcoQA
ASK,1.5,0,0,1,0,0,1,0,0,0,0,0,0,0,0,0,0,0,0,0,1,1,0,2,4.0,1,2,0,3,5,0.5172,29,14,38,560,TelcoQA
SELECT,13.5,0,0,1,1,0,3,0,0,1,0,1,0,0,0,1,0,2,0,0,9,6,4,2,20.0,7,3,7,4,5,0.3472,72,27,89,1420,TelcoQA
SELECT,13.5,0,0,1,1,0,3,0,0,1,0,1,0,0,0,1,0,2,0,0,9,6,4,2,20.0,5,4,6,4,5,0.3939,66,27,94,1290,TelcoQA
SELECT,12.0,0,0,1,0,0,4,0,0,1,0,1,0,0,0,1,0,0,0,0,7,4,4,2,16.0,5,2,3,3,6,0.4681,47,19,71,893,TelcoQA
SELECT,18.0,2,0,1,3,0,4,0,0,1,0,1,0,0,0,1,0,0,0,0,10,5,5,2,19.5,7,6,5,3,5,0.3871,62,26,106,1226,TelcoQA
SELECT,13.0,0,0,1,2,0,2,0,0,1,0,1,0,0,0,1,0,0,0,0,7,5,4,2,18.0,5,2,3,5,5,0.4681,47,20,68,849,TelcoQA
SELECT,37.5,0,1,1,1,1,7,5,0,1,0,1,0,0,0,1,0,2,0,0,19,8,16,3,43.0,21,46,28,8,5,0.2217,230,69,397,4186,TelcoQA
SELECT,18.0,0,1,1,1,1,4,0,0,1,0,1,0,0,0,1,0,2,0,0,11,7,5,3,24.5,7,3,6,5,5,0.3521,71,28,99,1436,TelcoQA
SELECT,15.0,0,0,1,1,0,4,0,0,1,0,1,0,0,0,1,0,2,0,0,10,6,6,2,23.0,7,3,5,4,5,0.3571,70,25,89,1212,TelcoQA
SELECT,17.0,0,0,1,1,0,4,1,0,1,0,1,0,0,0,1,0,0,0,0,9,6,9,2,27.5,10,21,7,4,5,0.2959,98,26,172,1787,TelcoQA
SELECT,12.0,0,0,1,0,0,4,0,0,1,0,1,0,0,0,1,0,0,0,0,7,4,4,2,16.0,5,2,3,3,6,0.4681,47,19,71,893,TelcoQA
SELECT,12.0,0,0,1,1,0,2,0,0,1,0,1,0,0,0,1,0,2,0,0,8,6,4,2,20.0,5,6,3,3,5,0.3898,59,26,87,1118,TelcoQA
SELECT,7.5,0,0,1,0,0,1,0,0,1,0,1,0,0,0,1,0,0,0,0,4,4,3,2,14.5,3,2,2,3,5,0.4634,41,17,53,724,TelcoQA
SELECT,15.0,0,0,1,1,0,4,0,0,1,0,1,0,0,0,1,0,2,0,0,10,6,5,2,21.5,6,4,3,5,5,0.3662,71,25,92,1181,TelcoQA
SELECT,19.5,0,1,1,0,1,3,2,0,1,0,1,0,0,0,1,0,0,0,0,9,6,6,2,23.0,12,27,7,3,5,0.2929,99,25,194,1859,TelcoQA
SELECT,22.5,0,0,1,1,0,7,1,0,1,0,1,0,0,0,1,0,2,0,0,14,7,7,2,26.5,9,13,5,8,6,0.3178,107,37,165,1888,TelcoQA
SELECT,14.0,0,0,1,1,0,4,0,0,1,0,1,0,0,0,1,0,0,0,0,8,5,8,2,24.0,8,2,7,4,5,0.4118,68,23,91,1078,TelcoQA
SELECT,11.0,0,0,1,1,0,2,0,0,1,0,1,0,0,0,1,0,0,0,0,6,5,3,2,16.5,4,2,2,4,6,0.4667,45,19,63,846,TelcoQA
SELECT,12.0,0,0,1,0,0,4,0,0,1,0,1,0,0,0,1,0,0,0,0,7,4,4,2,16.0,4,2,3,3,5,0.4565,46,18,68,839,TelcoQA
SELECT,17.0,0,0,1,4,0,2,0,0,1,0,1,0,0,0,1,0,0,0,0,9,5,6,2,21.0,7,2,5,7,5,0.4068,59,24,85,1048,TelcoQA
ASK,1.5,0,0,1,0,0,1,0,0,0,0,0,0,0,0,0,0,0,0,0,1,1,0,2,4.0,3,1,2,3,5,0.6061,33,17,40,624,TelcoQA
SELECT,19.0,0,0,1,5,0,2,0,0,1,0,1,0,0,0,1,0,0,0,0,10,5,7,2,22.5,8,2,6,8,6,0.3827,81,27,100,1192,TelcoQA
SELECT,43.5,0,1,1,1,3,7,5,0,1,0,1,0,0,0,1,0,2,0,0,21,8,14,5,42.0,20,118,33,8,6,0.1234,381,97,704,7051,TelcoQA
SELECT,12.0,0,0,1,0,0,4,0,0,1,0,1,0,0,0,1,0,0,0,0,7,4,4,2,16.0,5,2,3,3,5,0.4681,47,18,68,846,TelcoQA
SELECT,16.5,0,1,1,1,1,3,0,0,1,0,1,0,0,0,1,0,2,0,0,10,7,9,2,29.5,12,13,7,4,6,0.2793,111,39,149,1879,TelcoQA
SELECT,22.5,0,1,1,1,1,7,0,0,1,0,1,0,0,0,1,0,2,0,0,14,7,13,3,36.5,19,18,16,8,6,0.3103,145,57,220,2767,TelcoQA
SELECT,16.5,0,1,1,1,1,3,0,0,1,0,1,0,0,0,1,0,2,0,0,10,7,4,3,23.0,6,3,2,4,5,0.371,62,23,84,1154,TelcoQA
SELECT,15.0,0,0,1,1,0,4,0,0,1,0,1,0,0,0,1,0,2,0,0,10,6,5,2,21.5,6,4,1,5,6,0.431,58,24,91,1097,TelcoQA
SELECT,12.0,0,0,1,0,0,4,0,0,1,0,1,0,0,0,1,0,0,0,0,7,4,4,2,16.0,5,2,3,3,5,0.4681,47,18,68,851,TelcoQA
SELECT,19.5,0,1,1,1,1,5,0,0,1,0,1,0,0,0,1,0,2,0,0,12,7,5,2,23.5,11,7,7,6,6,0.3542,96,35,133,1756,TelcoQA
SELECT,15.0,0,1,1,0,1,4,0,0,1,0,1,0,0,0,1,0,0,0,0,8,5,5,2,19.5,5,2,4,4,6,0.463,54,21,84,1054,TelcoQA
SELECT,11.0,0,0,1,1,0,2,0,0,1,0,1,0,0,0,1,0,0,0,0,6,5,2,2,15.0,3,2,2,4,5,0.4318,44,18,60,799,TelcoQA
SELECT,22.5,0,1,1,1,1,7,0,0,1,0,1,0,0,0,1,0,2,0,0,14,7,9,3,30.5,12,17,14,7,6,0.2676,142,53,203,2647,TelcoQA
SELECT,12.0,0,0,1,0,0,4,0,0,1,0,1,0,0,0,1,0,0,0,0,7,4,4,2,16.0,4,2,3,3,6,0.4565,46,19,71,886,TelcoQA
SELECT,18.0,0,0,1,1,0,4,1,0,1,0,1,0,0,0,1,0,2,0,0,11,7,5,2,23.5,5,7,1,5,6,0.3289,76,27,110,1268,TelcoQA
SELECT,10.5,0,0,1,0,0,3,0,0,1,0,1,0,0,0,1,0,0,0,0,6,4,4,2,16.0,6,2,3,3,5,0.5116,43,18,65,839,TelcoQA
SELECT,7.5,0,0,1,0,0,1,0,0,1,0,1,0,0,0,1,0,0,0,0,4,4,3,2,14.5,3,2,2,3,5,0.4634,41,17,53,724,TelcoQA
SELECT,12.0,0,0,1,0,0,4,0,0,1,0,1,0,0,0,1,0,0,0,0,7,4,4,2,16.0,5,2,3,3,5,0.4681,47,18,68,846,TelcoQA
SELECT,15.0,0,1,1,0,1,4,0,0,1,0,1,0,0,0,1,0,0,0,0,8,5,5,2,19.5,6,2,4,4,6,0.4727,55,21,84,1061,TelcoQA
SELECT,19.5,0,1,1,1,1,5,0,0,1,0,1,0,0,0,1,0,2,0,0,12,7,5,3,24.5,8,10,6,5,6,0.3375,80,36,139,1676,TelcoQA
SELECT,12.0,0,0,1,0,0,4,0,0,1,0,1,0,0,0,1,0,0,0,0,7,4,4,2,16.0,5,2,3,3,5,0.4565,46,18,68,845,TelcoQA
SELECT,22.5,0,0,1,1,0,3,3,0,1,0,1,0,0,0,1,0,2,0,0,12,7,5,2,23.5,5,9,8,4,6,0.325,80,34,138,1526,TelcoQA
ASK,4.5,0,1,1,0,1,1,0,0,0,0,0,0,0,0,0,0,0,0,0,2,2,4,3,13.0,10,16,11,7,5,0.2893,121,44,149,1892,TelcoQA
SELECT,18.0,0,1,1,1,1,4,0,0,1,0,1,0,0,0,1,0,2,0,0,11,7,4,3,23.0,8,4,5,4,5,0.3836,73,27,101,1400,TelcoQA
SELECT,16.5,0,1,1,1,1,3,0,0,1,0,1,0,0,0,1,0,2,0,0,10,7,6,3,26.0,8,4,5,4,6,0.375,72,27,100,1291,TelcoQA
ASK,1.5,0,0,1,0,0,1,0,0,0,0,0,0,0,0,0,0,0,0,0,1,1,11,2,20.5,13,57,14,8,6,0.1888,196,62,316,3511,TelcoQA
SELECT,12.0,0,0,1,0,0,4,0,0,1,0,1,0,0,0,1,0,0,0,0,7,4,4,2,16.0,5,2,4,3,5,0.44,50,19,72,920,TelcoQA
SELECT,10.5,0,1,1,0,1,1,0,0,1,0,1,0,0,0,1,0,0,0,0,5,5,4,2,18.0,10,8,6,7,5,0.3944,71,32,110,1444,TelcoQA
SELECT,17.5,0,0,1,2,0,5,0,0,1,0,1,0,0,0,1,0,0,0,0,10,5,8,2,24.0,8,2,8,5,5,0.4189,74,25,101,1140,TelcoQA
SELECT,10.5,0,1,1,0,1,1,0,0,1,0,1,0,0,0,1,0,0,0,0,5,5,10,3,28.0,21,32,19,10,6,0.25,176,73,254,3210,TelcoQA
ASK,10.5,0,0,1,0,0,1,3,0,0,0,0,0,0,0,0,0,0,0,0,4,2,12,2,24.0,13,48,13,6,6,0.1604,187,54,286,3112,TelcoQA
SELECT,11.0,0,0,1,1,0,2,0,0,1,0,1,0,0,0,1,0,0,0,0,6,5,3,2,16.5,4,2,2,4,5,0.4889,45,18,62,774,TelcoQA
SELECT,18.0,0,1,1,1,1,4,0,0,1,0,1,0,0,0,1,0,2,0,0,11,7,7,3,27.5,9,10,6,5,5,0.3571,84,34,134,1528,TelcoQA
SELECT,12.0,0,0,1,0,0,4,0,0,1,0,1,0,0,0,1,0,0,0,0,7,4,4,2,16.0,5,2,3,3,5,0.4681,47,18,68,846,TelcoQA
SELECT,12.0,0,0,1,0,0,4,0,0,1,0,1,0,0,0,1,0,0,0,0,7,4,4,2,16.0,5,2,3,3,5,0.4681,47,18,68,846,TelcoQA
SELECT,12.0,0,0,1,0,0,4,0,0,1,0,1,0,0,0,1,0,0,0,0,7,4,4,2,16.0,5,2,3,3,5,0.4681,47,18,68,846,TelcoQA
SELECT,21.0,0,0,1,1,0,4,2,0,1,0,1,0,0,0,1,0,2,0,0,12,7,8,2,28.0,11,25,11,5,5,0.2385,130,43,211,2298,TelcoQA
SELECT,12.0,0,0,1,0,0,4,0,0,1,0,1,0,0,0,1,0,0,0,0,7,4,4,2,16.0,4,2,3,3,5,0.4565,46,18,68,839,TelcoQA
SELECT,7.5,0,0,1,0,0,1,0,0,1,0,1,0,0,0,1,0,0,0,0,4,4,3,2,14.5,3,2,2,3,6,0.4634,41,18,56,771,TelcoQA
SELECT,14.0,0,0,1,1,0,4,0,0,1,0,1,0,0,0,1,0,0,0,0,8,5,8,2,24.0,8,2,7,4,5,0.4412,68,23,91,1063,TelcoQA
ASK,1.5,0,0,1,0,0,1,0,0,0,0,0,0,0,0,0,0,0,0,0,1,1,3,2,8.5,6,10,0,3,6,0.3673,49,23,73,929,TelcoQA
ASK,1.5,0,0,1,0,0,1,0,0,0,0,0,0,0,0,0,0,0,0,0,1,1,1,2,5.5,4,6,0,3,5,0.4324,37,18,54,726,TelcoQA
SELECT,12.0,0,0,1,1,0,2,0,0,1,0,1,0,0,0,1,0,2,0,0,8,6,4,2,20.0,4,3,1,3,5,0.42,50,21,71,868,TelcoQA
SELECT,27.0,0,1,1,1,4,4,0,0,1,0,1,0,0,0,1,0,2,0,0,14,7,8,5,31.0,9,7,7,5,5,0.3563,87,35,143,1783,TelcoQA
SELECT,10.5,0,0,1,0,0,3,0,0,1,0,1,0,0,0,1,0,0,0,0,6,4,4,2,16.0,5,2,3,3,6,0.4894,47,19,68,899,TelcoQA
SELECT,12.0,0,0,1,0,0,4,0,0,1,0,1,0,0,0,1,0,0,0,0,7,4,4,2,16.0,5,2,3,3,5,0.4681,47,18,68,846,TelcoQA
SELECT,16.5,0,0,1,3,0,3,0,0,1,0,1,0,0,0,1,0,0,0,0,9,5,6,2,21.0,7,2,5,6,6,0.4407,59,24,90,1084,TelcoQA
SELECT,19.0,0,0,1,5,0,2,0,0,1,0,1,0,0,0,1,0,0,0,0,10,5,7,2,22.5,8,2,6,8,6,0.3514,74,27,95,1147,TelcoQA
SELECT,7.5,0,0,1,0,0,1,0,0,1,0,1,0,0,0,1,0,0,0,0,4,4,11,2,26.5,25,44,15,9,6,0.2595,185,79,288,3196,TelcoQA
SELECT,15.0,0,1,1,0,1,4,0,0,1,0,1,0,0,0,1,0,0,0,0,8,5,5,2,19.5,6,2,4,4,5,0.4545,55,20,81,1019,TelcoQA
ASK,1.5,0,0,1,0,0,1,0,0,0,0,0,0,0,0,0,0,0,0,0,1,1,1,2,5.5,7,3,7,6,5,0.3871,62,25,68,1217,TelcoQA
SELECT,13.5,0,0,1,1,0,3,0,0,1,0,1,0,0,0,1,0,2,0,0,9,6,4,2,20.0,5,3,4,4,5,0.3768,69,24,84,1146,TelcoQA
SELECT,15.0,0,0,1,1,0,4,0,0,1,0,1,0,0,0,1,0,2,0,0,10,6,4,2,20.0,4,3,5,5,6,0.3333,75,27,94,1371,TelcoQA
ASK,1.5,0,0,1,0,0,1,0,0,0,0,0,0,0,0,0,0,0,0,0,1,1,1,2,5.5,4,6,0,3,5,0.4595,37,18,54,694,TelcoQA
SELECT,15.0,0,1,1,0,1,4,0,0,1,0,1,0,0,0,1,0,0,0,0,8,5,5,2,19.5,6,2,4,4,6,0.4727,55,21,84,1061,TelcoQA
SELECT,19.5,0,1,1,1,1,5,0,0,1,0,1,0,0,0,1,0,2,0,0,12,7,10,3,32.0,17,9,18,6,6,0.3162,136,47,174,2396,TelcoQA
SELECT,15.0,0,1,1,0,1,4,0,0,1,0,1,0,0,0,1,0,0,0,0,8,5,5,2,19.5,6,2,4,4,6,0.463,54,21,84,1060,TelcoQA
SELECT,19.5,0,0,1,1,0,7,0,0,1,0,1,0,0,0,1,0,2,0,0,13,6,6,2,23.0,6,6,3,8,6,0.3563,87,31,126,1494,TelcoQA
SELECT,18.0,0,1,1,1,1,4,0,0,1,0,1,0,0,0,1,0,2,0,0,11,7,4,3,23.0,6,4,3,5,5,0.3824,68,26,97,1319,TelcoQA
SELECT,14.0,1,0,1,1,0,4,0,0,1,0,1,0,0,0,1,0,0,0,0,8,5,8,2,24.0,10,2,9,4,6,0.4348,69,27,102,1198,TelcoQA
SELECT,7.5,0,0,1,0,0,1,0,0,1,0,1,0,0,0,1,0,0,0,0,4,4,3,2,14.5,3,2,2,3,5,0.4634,41,17,53,724,TelcoQA
ASK,1.5,0,0,1,0,0,1,0,0,0,0,0,0,0,0,0,0,0,0,0,1,1,2,2,7.0,5,4,8,6,5,0.3667,60,27,74,1264,TelcoQA
SELECT,13.5,0,1,1,0,1,3,0,0,1,0,1,0,0,0,1,0,0,0,0,7,5,4,2,18.0,6,3,4,3,6,0.4468,47,21,81,1005,TelcoQA
SELECT,16.5,0,1,1,1,1,3,0,0,1,0,1,0,0,0,1,0,2,0,0,10,7,6,3,26.0,6,15,7,4,6,0.268,97,41,151,1788,TelcoQA
SELECT,31.5,0,1,1,1,2,5,3,0,1,0,1,0,0,0,1,0,2,0,0,16,8,9,3,32.5,10,24,20,6,6,0.2069,174,51,267,2836,TelcoQA
SELECT,10.5,0,1,1,0,1,1,0,0,1,0,1,0,0,0,1,0,0,0,0,5,5,6,3,22.0,13,8,9,6,6,0.3263,95,36,120,1757,TelcoQA
SELECT,7.5,0,0,1,0,0,1,0,0,1,0,1,0,0,0,1,0,0,0,0,4,4,3,2,14.5,3,2,2,3,5,0.4634,41,17,53,724,TelcoQA
SELECT,28.5,0,1,1,1,1,5,3,0,1,0,1,0,0,0,1,0,2,0,0,15,8,14,3,40.0,17,31,16,6,5,0.2077,207,52,276,3146,TelcoQA
ASK,1.5,0,0,1,0,0,1,0,0,0,0,0,0,0,0,0,0,0,0,0,1,1,7,2,14.5,13,28,1,3,6,0.2907,86,42,149,1569,TelcoQA
ASK,1.5,0,0,1,0,0,1,0,0,0,0,0,0,0,0,0,0,0,0,0,1,1,2,2,7.0,5,5,4,5,5,0.48,50,23,72,963,TelcoQA
SELECT,13.5,0,0,1,1,0,3,0,0,1,0,1,0,0,0,1,0,2,0,0,9,6,6,2,23.0,7,5,1,4,5,0.4098,61,23,86,1131,TelcoQA
SELECT,24.5,0,0,1,7,0,3,0,0,1,0,1,0,0,0,1,0,0,0,0,13,5,10,2,27.0,11,2,9,10,5,0.3636,99,31,120,1440,TelcoQA
SELECT,13.5,0,1,1,0,1,3,0,0,1,0,1,0,0,0,1,0,0,0,0,7,5,4,2,18.0,6,3,4,3,6,0.449,49,21,81,984,TelcoQA
SELECT,15.0,0,1,1,0,1,4,0,0,1,0,1,0,0,0,1,0,0,0,0,8,5,5,2,19.5,6,2,4,4,5,0.4545,55,20,81,1019,TelcoQA
SELECT,12.0,1,0,1,0,0,4,0,0,1,0,1,0,0,0,1,0,0,0,0,7,4,5,2,17.5,5,3,8,3,5,0.3333,63,26,94,1277,TelcoQA
ASK,1.5,0,0,1,0,0,1,0,0,0,0,0,0,0,0,0,0,0,0,0,1,1,4,2,10.0,11,7,10,6,6,0.3797,79,33,99,1587,TelcoQA
SELECT,12.0,0,0,1,0,0,4,0,0,1,0,1,0,0,0,1,0,0,0,0,7,4,4,2,16.0,5,2,3,3,5,0.4681,47,18,68,846,TelcoQA
SELECT,7.5,0,0,1,0,0,1,0,0,1,0,1,0,0,0,1,0,0,0,0,4,4,3,2,14.5,3,2,2,3,5,0.4634,41,17,53,724,TelcoQA
SELECT,16.5,0,0,1,3,0,3,0,0,1,0,1,0,0,0,1,0,0,0,0,9,5,6,2,21.0,7,2,5,6,6,0.403,67,24,89,1115,TelcoQA
SELECT,20.0,2,0,1,4,0,4,0,0,1,0,1,0,0,0,1,0,0,0,0,11,5,5,2,19.5,7,7,5,3,5,0.4138,58,27,114,1269,TelcoQA
SELECT,24.0,0,1,1,1,3,4,0,0,1,0,1,0,0,0,1,0,2,0,0,13,7,10,4,33.0,11,10,8,5,5,0.3163,98,37,151,1799,TelcoQA
SELECT,13.0,0,0,1,2,0,2,0,0,1,0,1,0,0,0,1,0,0,0,0,7,5,4,2,18.0,5,2,3,5,5,0.4423,52,20,68,861,TelcoQA
SELECT,11.0,0,0,1,1,0,2,0,0,1,0,1,0,0,0,1,0,0,0,0,6,5,3,2,16.5,4,2,2,4,5,0.4773,44,18,60,786,TelcoQA
ASK,1.5,0,0,1,0,0,1,0,0,0,0,0,0,0,0,0,0,0,0,0,1,1,1,2,5.5,2,3,0,3,5,0.4848,33,15,42,599,TelcoQA
ASK,1.5,0,0,1,0,0,1,0,0,0,0,0,0,0,0,0,0,0,0,0,1,1,5,2,11.5,13,25,1,3,5,0.3289,76,38,134,1436,TelcoQA
SELECT,16.5,0,0,1,1,0,5,0,0,1,0,1,0,0,0,1,0,2,0,0,11,6,5,2,21.5,7,4,9,6,5,0.3448,87,32,115,1646,TelcoQA
SELECT,12.0,0,0,1,0,0,4,0,0,1,0,1,0,0,0,1,0,0,0,0,7,4,4,2,16.0,4,2,3,3,5,0.4565,46,18,68,839,TelcoQA
SELECT,7.5,0,0,1,0,0,1,0,0,1,0,1,0,0,0,1,0,0,0,0,4,4,3,2,14.5,3,2,2,3,6,0.4634,41,18,56,771,TelcoQA
ASK,1.5,0,0,1,0,0,1,0,0,0,0,0,0,0,0,0,0,0,0,0,1,1,3,2,8.5,9,14,1,3,6,0.3667,60,28,93,1060,TelcoQA
SELECT,22.5,0,1,1,1,2,5,0,0,1,0,1,0,0,0,1,0,2,0,0,13,7,5,4,25.5,7,4,6,6,6,0.3579,95,32,122,1776,TelcoQA
SELECT,12.0,0,0,1,1,0,2,0,0,1,0,1,0,0,0,1,0,2,0,0,8,6,2,2,17.0,5,1,1,3,5,0.4783,46,20,61,798,TelcoQA
SELECT,15.0,0,0,1,1,0,4,0,0,1,0,1,0,0,0,1,0,2,0,0,10,6,6,2,23.0,8,7,3,5,5,0.3415,82,28,108,1334,TelcoQA
SELECT,10.5,0,0,1,0,0,3,0,0,1,0,1,0,0,0,1,0,0,0,0,6,4,7,2,20.5,7,2,6,3,5,0.3968,63,21,81,976,TelcoQA
SELECT,18.0,0,0,1,1,0,6,0,0,1,0,1,0,0,0,1,0,2,0,0,12,6,4,2,20.0,5,3,2,7,5,0.3973,73,25,100,1255,TelcoQA
SELECT,10.5,0,0,1,0,0,3,0,0,1,0,1,0,0,0,1,0,0,0,0,6,4,7,2,20.5,7,2,6,3,5,0.4286,63,21,81,964,TelcoQA
SELECT,12.0,0,0,1,0,0,4,0,0,1,0,1,0,0,0,1,0,0,0,0,7,4,4,2,16.0,4,2,3,3,6,0.4565,46,19,71,886,TelcoQA
SELECT,12.0,0,0,1,0,0,4,0,0,1,0,1,0,0,0,1,0,0,0,0,7,4,4,2,16.0,5,2,3,3,6,0.4565,46,19,71,891,TelcoQA
SELECT,15.0,0,0,1,1,0,4,0,0,1,0,1,0,0,0,1,0,2,0,0,10,6,7,2,24.5,10,10,11,5,6,0.3168,101,40,145,1911,TelcoQA
SELECT,15.0,0,0,1,1,0,4,0,0,1,0,1,0,0,0,1,0,2,0,0,10,6,6,2,23.0,6,6,7,5,5,0.3034,89,31,110,1625,TelcoQA
ASK,4.5,0,1,1,0,1,1,0,0,0,0,0,0,0,0,0,0,0,0,0,2,2,3,2,10.5,5,2,7,4,6,0.4902,51,24,74,1074,TelcoQA
SELECT,12.0,0,0,1,0,0,4,0,0,1,0,1,0,0,0,1,0,0,0,0,7,4,4,2,16.0,5,2,3,3,6,0.4681,47,19,71,893,TelcoQA
SELECT,15.0,0,0,1,1,0,4,0,0,1,0,1,0,0,0,1,0,2,0,0,10,6,5,2,21.5,7,4,3,5,5,0.4154,65,25,94,1161,TelcoQA
SELECT,7.5,0,0,1,0,0,1,0,0,1,0,1,0,0,0,1,0,0,0,0,4,4,3,2,14.5,8,6,4,7,6,0.3188,69,29,92,1359,TelcoQA
SELECT,12.0,0,0,1,0,0,4,0,0,1,0,1,0,0,0,1,0,0,0,0,7,4,4,2,16.0,5,2,3,3,6,0.4565,46,19,71,892,TelcoQA
ASK,1.5,0,0,1,0,0,1,0,0,0,0,0,0,0,0,0,0,0,0,0,1,1,3,2,8.5,5,7,3,5,5,0.4314,51,24,74,974,TelcoQA
SELECT,23.0,1,0,1,1,0,4,3,0,1,0,1,0,0,0,1,0,0,0,0,11,6,14,2,35.0,19,20,15,4,6,0.3309,136,34,209,2153,TelcoQA
SELECT,15.0,0,0,1,3,0,2,0,0,1,0,1,0,0,0,1,0,0,0,0,8,5,5,2,19.5,6,2,4,6,6,0.4444,54,23,81,1007,TelcoQA
SELECT,12.0,0,0,1,0,0,4,0,0,1,0,1,0,0,0,1,0,0,0,0,7,4,4,2,16.0,5,2,3,3,5,0.4681,47,18,68,846,TelcoQA
SELECT,12.0,0,0,1,1,0,2,0,0,1,0,1,0,0,0,1,0,2,0,0,8,6,4,2,20.0,5,3,1,3,5,0.4,50,21,69,912,TelcoQA
SELECT,34.5,0,1,1,1,2,9,2,0,1,0,1,0,0,0,1,0,2,0,0,19,8,12,4,38.0,15,40,21,9,5,0.2,215,67,346,3875,TelcoQA
SELECT,15.0,0,0,1,1,0,4,0,0,1,0,1,0,0,0,1,0,2,0,0,10,6,6,2,23.0,7,6,4,5,5,0.3939,66,28,104,1276,TelcoQA
SELECT,12.0,0,0,1,0,0,4,0,0,1,0,1,0,0,0,1,0,0,0,0,7,4,4,2,16.0,5,2,3,3,6,0.4565,46,19,71,891,TelcoQA
SELECT,31.5,1,0,1,6,0,9,0,0,1,0,1,0,0,0,1,0,0,0,0,18,5,10,2,27.0,15,2,31,9,5,0.2857,140,53,217,2733,TelcoQA
SELECT,7.5,0,0,1,0,0,1,0,0,1,0,1,0,0,0,1,0,0,0,0,4,4,2,2,13.0,7,3,3,7,5,0.4909,55,23,75,1011,TelcoQA
SELECT,15.0,0,0,1,3,0,2,0,0,1,0,1,0,0,0,1,0,0,0,0,8,5,5,2,19.5,6,2,4,6,5,0.4528,53,22,78,950,TelcoQA
SELECT,12.0,0,0,1,0,0,4,0,0,1,0,1,0,0,0,1,0,0,0,0,7,4,4,2,16.0,4,2,3,3,6,0.4565,46,19,71,886,TelcoQA
SELECT,12.0,0,0,1,1,0,2,0,0,1,0,1,0,0,0,1,0,2,0,0,8,6,6,2,23.0,6,5,5,3,5,0.3151,73,27,89,1267,TelcoQA
SELECT,15.0,0,0,1,1,0,4,0,0,1,0,1,0,0,0,1,0,2,0,0,10,6,6,2,23.0,9,3,13,5,6,0.3412,85,35,114,1765,TelcoQA
SELECT,12.0,0,0,1,0,0,4,0,0,1,0,1,0,0,0,1,0,0,0,0,7,4,4,2,16.0,4,2,3,3,5,0.4565,46,18,68,839,TelcoQA
SELECT,19.5,0,1,1,1,2,3,0,0,1,0,1,0,0,0,1,0,2,0,0,11,7,5,4,25.5,9,11,8,4,5,0.31,100,34,143,1874,TelcoQA
SELECT,12.0,0,0,1,0,0,4,0,0,1,0,1,0,0,0,1,0,0,0,0,7,4,4,2,16.0,5,2,3,3,5,0.4681,47,18,68,848,TelcoQA
SELECT,15.0,0,0,1,1,0,4,0,0,1,0,1,0,0,0,1,0,2,0,0,10,6,6,2,23.0,7,5,5,5,5,0.3939,66,28,102,1286,TelcoQA
SELECT,10.5,0,0,1,0,0,3,0,0,1,0,1,0,0,0,1,0,0,0,0,6,4,3,2,14.5,4,2,2,3,6,0.5,36,18,63,794,TelcoQA
SELECT,12.0,0,0,1,0,0,4,0,0,1,0,1,0,0,0,1,0,0,0,0,7,4,4,2,16.0,5,2,3,3,5,0.4681,47,18,68,851,TelcoQA
SELECT,12.0,0,0,1,0,0,4,0,0,1,0,1,0,0,0,1,0,0,0,0,7,4,4,2,16.0,5,2,4,3,5,0.4783,46,19,72,890,TelcoQA
SELECT,15.0,0,1,1,0,1,4,0,0,1,0,1,0,0,0,1,0,0,0,0,8,5,5,2,19.5,5,2,4,4,5,0.463,54,20,81,1007,TelcoQA
SELECT,12.0,0,0,1,0,0,4,0,0,1,0,1,0,0,0,1,0,0,0,0,7,4,4,2,16.0,4,2,3,3,5,0.4565,46,18,68,839,TelcoQA
SELECT,17.5,0,0,1,2,0,5,0,0,1,0,1,0,0,0,1,0,0,0,0,10,5,8,2,24.0,8,2,8,5,5,0.4133,75,25,101,1165,TelcoQA
SELECT,16.5,0,1,1,1,1,3,0,0,1,0,1,0,0,0,1,0,2,0,0,10,7,6,2,25.0,6,5,1,4,5,0.3731,67,24,95,1105,TelcoQA
SELECT,27.0,0,1,1,1,1,4,3,0,1,0,1,0,0,0,1,0,2,0,0,14,8,5,3,26.5,9,16,13,4,5,0.2736,106,41,193,2043,TelcoQA
SELECT,15.0,0,0,1,1,0,4,0,0,1,0,1,0,0,0,1,0,2,0,0,10,6,3,2,18.5,4,3,2,4,5,0.375,64,23,86,1068,TelcoQA
SELECT,15.0,0,1,1,0,1,4,0,0,1,0,1,0,0,0,1,0,0,0,0,8,5,5,2,19.5,5,2,4,4,5,0.463,54,20,81,1007,TelcoQA
SELECT,15.0,0,1,1,0,1,4,0,0,1,0,1,0,0,0,1,0,0,0,0,8,5,5,2,19.5,5,2,4,4,6,0.463,54,21,84,1054,TelcoQA
SELECT,15.0,0,1,1,0,1,4,0,0,1,0,1,0,0,0,1,0,0,0,0,8,5,5,2,19.5,6,2,4,4,6,0.4727,55,21,84,1061,TelcoQA
SELECT,18.0,0,0,1,3,0,4,0,0,1,0,1,0,0,0,1,0,0,0,0,10,5,7,2,22.5,8,2,6,6,6,0.3571,70,25,96,1177,TelcoQA
SELECT,12.0,0,0,1,1,0,2,0,0,1,0,1,0,0,0,1,0,2,0,0,8,6,2,2,17.0,3,2,1,3,5,0.4,50,20,63,890,TelcoQA
SELECT,24.0,0,1,1,1,2,6,0,0,1,0,1,0,0,0,1,0,2,0,0,14,7,13,3,36.5,16,47,11,6,5,0.1923,208,56,322,3509,TelcoQA
SELECT,12.0,0,0,1,0,0,4,0,0,1,0,1,0,0,0,1,0,0,0,0,7,4,4,2,16.0,5,2,3,3,5,0.4681,47,18,68,846,TelcoQA
SELECT,12.0,0,0,1,0,0,4,0,0,1,0,1,0,0,0,1,0,0,0,0,7,4,4,2,16.0,5,2,3,3,5,0.4681,47,18,68,846,TelcoQA
SELECT,21.0,0,1,1,1,1,6,0,0,1,0,1,0,0,0,1,0,2,0,0,13,7,6,3,26.0,10,13,11,5,6,0.3039,102,44,167,2036,TelcoQA
SELECT,16.5,0,0,1,1,0,5,0,0,1,0,1,0,0,0,1,0,2,0,0,11,6,5,2,21.5,6,5,5,6,6,0.3452,84,30,111,1463,TelcoQA
SELECT,16.0,0,0,1,2,0,4,0,0,1,0,1,0,0,0,1,0,0,0,0,9,5,6,2,21.0,7,2,5,5,5,0.4127,63,22,86,1085,TelcoQA
ASK,1.5,0,0,1,0,0,1,0,0,0,0,0,0,0,0,0,0,0,0,0,1,1,4,2,10.0,8,5,6,4,5,0.4706,51,24,72,1004,TelcoQA
SELECT,15.0,0,1,1,0,1,4,0,0,1,0,1,0,0,0,1,0,0,0,0,8,5,5,2,19.5,5,2,4,4,6,0.463,54,21,84,1054,TelcoQA
SELECT,12.0,0,0,1,0,0,4,0,0,1,0,1,0,0,0,1,0,0,0,0,7,4,4,2,16.0,5,2,3,3,5,0.4681,47,18,68,846,TelcoQA
SELECT,24.0,0,1,1,1,2,6,0,0,1,0,1,0,0,0,1,0,2,0,0,14,7,11,4,34.5,15,15,10,7,5,0.3228,127,46,188,2260,TelcoQA
SELECT,12.0,0,0,1,0,0,4,0,0,1,0,1,0,0,0,1,0,0,0,0,7,4,4,2,16.0,4,2,3,3,6,0.4565,46,19,71,886,TelcoQA
SELECT,7.5,0,0,1,0,0,1,0,0,1,0,1,0,0,0,1,0,0,0,0,4,4,3,2,14.5,3,2,2,3,5,0.4634,41,17,53,724,TelcoQA
SELECT,15.0,0,1,1,0,1,4,0,0,1,0,1,0,0,0,1,0,0,0,0,8,5,5,2,19.5,6,2,4,4,6,0.4727,55,21,84,1061,TelcoQA
SELECT,15.0,0,0,1,3,0,2,0,0,1,0,1,0,0,0,1,0,0,0,0,8,5,5,2,19.5,6,2,4,6,6,0.4444,54,23,79,1012,TelcoQA
SELECT,19.5,0,1,1,1,1,5,0,0,1,0,1,0,0,0,1,0,2,0,0,12,7,5,3,24.5,6,6,7,6,6,0.3523,88,34,128,1662,TelcoQA
SELECT,12.5,0,0,1,1,0,3,0,0,1,0,1,0,0,0,1,0,0,0,0,7,5,4,2,18.0,5,2,3,4,6,0.5106,47,20,75,880,TelcoQA
SELECT,12.0,0,0,1,0,0,4,0,0,1,0,1,0,0,0,1,0,0,0,0,7,4,4,2,16.0,5,2,3,3,5,0.4681,47,18,68,846,TelcoQA
ASK,1.5,0,0,1,0,0,1,0,0,0,0,0,0,0,0,0,0,0,0,0,1,1,6,2,13.0,13,34,1,3,6,0.2328,116,48,173,1992,TelcoQA
ASK,7.5,0,1,1,0,2,1,0,0,0,0,0,0,0,0,0,0,0,0,0,3,2,2,4,11.0,11,9,9,4,5,0.321,81,33,102,1706,TelcoQA
SELECT,12.0,0,0,1,1,0,2,0,0,1,0,1,0,0,0,1,0,2,0,0,8,6,2,2,17.0,2,1,0,3,5,0.4545,44,20,57,772,TelcoQA
SELECT,24.0,2,0,1,6,0,4,0,0,1,0,1,0,0,0,1,0,0,0,0,13,5,9,2,25.5,12,7,8,4,5,0.4024,82,30,135,1419,TelcoQA
SELECT,12.0,0,0,1,0,0,4,0,0,1,0,1,0,0,0,1,0,0,0,0,7,4,4,2,16.0,4,2,3,3,5,0.4565,46,18,68,839,TelcoQA
ASK,1.5,0,0,1,0,0,1,0,0,0,0,0,0,0,0,0,0,0,0,0,1,1,4,2,10.0,6,6,9,7,6,0.4189,74,32,97,1459,TelcoQA
SELECT,16.5,0,1,1,1,1,3,0,0,1,0,1,0,0,0,1,0,2,0,0,10,7,4,3,23.0,5,5,4,4,5,0.3243,74,27,96,1393,TelcoQA
SELECT,12.0,0,0,1,0,0,4,0,0,1,0,1,0,0,0,1,0,0,0,0,7,4,4,2,16.0,5,2,3,3,5,0.4681,47,18,68,856,TelcoQA
SELECT,13.5,0,0,1,1,0,3,0,0,1,0,1,0,0,0,1,0,2,0,0,9,6,5,2,21.5,5,5,1,4,5,0.3438,64,23,87,1050,TelcoQA
SELECT,16.0,2,0,1,2,0,4,0,0,1,0,1,0,0,0,1,0,0,0,0,9,5,5,2,19.5,7,5,5,3,5,0.3833,60,25,98,1174,TelcoQA
SELECT,10.5,0,1,1,0,1,1,0,0,1,0,1,0,0,0,1,0,0,0,0,5,5,4,3,19.0,17,15,11,8,6,0.3333,117,47,163,2177,TelcoQA
SELECT,24.5,1,0,1,1,0,5,3,0,1,0,1,0,0,0,1,0,0,0,0,12,6,15,2,36.5,20,26,21,4,6,0.293,157,34,260,2504,TelcoQA
SELECT,18.0,0,1,1,1,1,4,0,0,1,0,1,0,0,0,1,0,2,0,0,11,7,5,3,24.5,6,3,5,5,5,0.3521,71,27,99,1363,TelcoQA
SELECT,18.0,0,1,1,1,1,4,0,0,1,0,1,0,0,0,1,0,2,0,0,11,7,3,2,20.5,4,2,3,5,6,0.3913,69,25,95,1239,TelcoQA
SELECT,23.0,0,0,1,7,0,2,0,0,1,0,1,0,0,0,1,0,0,0,0,12,5,9,2,25.5,10,2,8,10,6,0.3182,88,31,111,1354,TelcoQA
SELECT,16.5,0,1,1,0,3,1,0,0,1,0,1,0,0,0,1,0,0,0,0,7,5,6,5,24.0,14,17,9,7,5,0.2541,122,47,167,2323,TelcoQA
SELECT,19.5,0,1,1,1,1,5,0,0,1,0,1,0,0,0,1,0,2,0,0,12,7,9,3,30.5,12,18,10,6,6,0.2764,123,48,185,2305,TelcoQA
ASK,1.5,0,0,1,0,0,1,0,0,0,0,0,0,0,0,0,0,0,0,0,1,1,1,2,5.5,4,6,0,3,6,0.4595,37,19,57,757,TelcoQA
SELECT,22.5,0,0,1,6,0,3,0,0,1,0,1,0,0,0,1,0,0,0,0,12,5,9,2,25.5,10,2,8,9,6,0.3896,77,30,115,1343,TelcoQA
SELECT,19.5,0,1,1,1,1,5,0,0,1,0,1,0,0,0,1,0,2,0,0,12,7,10,3,32.0,11,10,8,6,5,0.3063,111,38,150,1984,TelcoQA
SELECT,12.0,0,0,1,0,0,4,0,0,1,0,1,0,0,0,1,0,0,0,0,7,4,4,2,16.0,5,2,4,3,5,0.451,51,19,72,915,TelcoQA
SELECT,12.0,0,0,1,0,0,4,0,0,1,0,1,0,0,0,1,0,0,0,0,7,4,4,2,16.0,4,2,3,3,5,0.4565,46,18,68,843,TelcoQA
SELECT,13.0,0,0,1,2,0,2,0,0,1,0,1,0,0,0,1,0,0,0,0,7,5,4,2,18.0,5,2,3,5,5,0.463,54,20,71,873,TelcoQA
SELECT,15.0,0,1,1,0,1,4,0,0,1,0,1,0,0,0,1,0,0,0,0,8,5,5,2,19.5,6,2,4,4,6,0.4727,55,21,84,1066,TelcoQA
SELECT,12.0,1,0,1,0,0,4,0,0,1,0,1,0,0,0,1,0,0,0,0,7,4,7,2,20.5,11,3,17,3,6,0.2453,106,36,133,2022,TelcoQA
SELECT,28.5,0,1,1,1,3,7,0,0,1,0,1,0,0,0,1,0,2,0,0,16,7,7,5,29.5,11,7,5,7,6,0.3673,98,35,154,1726,TelcoQA
SELECT,11.0,0,0,1,1,0,2,0,0,1,0,1,0,0,0,1,0,0,0,0,6,5,3,2,16.5,4,2,2,4,6,0.5128,39,19,64,800,TelcoQA
SELECT,7.5,0,0,1,0,0,1,0,0,1,0,1,0,0,0,1,0,0,0,0,4,4,3,2,14.5,3,2,2,3,6,0.4634,41,18,56,771,TelcoQA
SELECT,13.5,0,0,1,1,0,3,0,0,1,0,1,0,0,0,1,0,2,0,0,9,6,5,2,21.5,6,5,6,4,5,0.3253,83,28,97,1408,TelcoQA
ASK,1.5,0,0,1,0,0,1,0,0,0,0,0,0,0,0,0,0,0,0,0,1,1,5,2,11.5,12,24,1,3,6,0.3375,80,38,133,1461,TelcoQA
SELECT,12.0,0,0,1,0,0,4,0,0,1,0,1,0,0,0,1,0,0,0,0,7,4,4,2,16.0,5,2,3,3,6,0.4565,46,19,71,892,TelcoQA
SELECT,22.5,0,1,1,1,2,5,0,0,1,0,1,0,0,0,1,0,2,0,0,13,7,3,4,22.5,4,3,3,6,5,0.4,70,27,108,1318,TelcoQA
SELECT,14.0,0,0,1,1,0,4,0,0,1,0,1,0,0,0,1,0,0,0,0,8,5,5,2,19.5,6,2,4,4,6,0.4182,55,21,79,956,TelcoQA
SELECT,14.0,1,0,1,1,0,4,0,0,1,0,1,0,0,0,1,0,0,0,0,8,5,9,2,25.5,14,21,9,4,5,0.3009,113,27,177,1811,TelcoQA
SELECT,12.0,0,0,1,0,0,4,0,0,1,0,1,0,0,0,1,0,0,0,0,7,4,4,2,16.0,4,2,3,3,6,0.4565,46,19,71,886,TelcoQA
SELECT,27.0,0,1,1,1,1,4,3,0,1,0,1,0,0,0,1,0,2,0,0,14,8,12,3,37.0,16,54,18,5,5,0.152,250,62,371,4261,TelcoQA
SELECT,15.0,0,0,1,1,0,4,0,0,1,0,1,0,0,0,1,0,2,0,0,10,6,5,2,21.5,7,9,4,5,6,0.3111,90,29,123,1489,TelcoQA
SELECT,15.0,0,1,1,0,1,4,0,0,1,0,1,0,0,0,1,0,0,0,0,8,5,5,2,19.5,6,2,4,4,6,0.4727,55,21,84,1061,TelcoQA
SELECT,22.5,0,1,1,1,1,7,0,0,1,0,1,0,0,0,1,0,2,0,0,14,7,6,2,25.0,10,6,7,8,5,0.3789,95,35,141,1741,TelcoQA
SELECT,15.0,0,1,1,0,1,4,0,0,1,0,1,0,0,0,1,0,0,0,0,8,5,5,2,19.5,5,2,4,4,5,0.463,54,20,81,1007,TelcoQA
SELECT,13.5,0,0,1,1,0,3,0,0,1,0,1,0,0,0,1,0,2,0,0,9,6,3,2,18.5,4,2,1,4,5,0.4151,53,20,71,953,TelcoQA
SELECT,18.0,0,1,1,1,1,4,0,0,1,0,1,0,0,0,1,0,2,0,0,11,7,8,3,29.0,12,10,12,5,6,0.3083,120,42,154,2179,TelcoQA
SELECT,16.5,0,0,1,1,0,5,0,0,1,0,1,0,0,0,1,0,2,0,0,11,6,3,2,18.5,4,3,1,6,6,0.4545,55,24,94,1101,TelcoQA
SELECT,13.5,0,0,1,1,0,3,0,0,1,0,1,0,0,0,1,0,2,0,0,9,6,5,2,21.5,7,5,3,4,5,0.3651,63,25,89,1164,TelcoQA
SELECT,12.0,0,0,1,1,0,2,0,0,1,0,1,0,0,0,1,0,2,0,0,8,6,3,2,18.5,4,2,1,3,5,0.42,50,20,64,876,TelcoQA
ASK,1.5,0,0,1,0,0,1,0,0,0,0,0,0,0,0,0,0,0,0,0,1,1,0,2,4.0,1,2,0,3,5,0.5185,27,14,38,562,TelcoQA
SELECT,15.0,0,1,1,1,1,2,0,0,1,0,1,0,0,0,1,0,2,0,0,9,7,4,3,23.0,5,3,2,3,5,0.3667,60,23,77,1072,TelcoQA
SELECT,16.5,0,0,1,1,0,5,0,0,1,0,1,0,0,0,1,0,2,0,0,11,6,7,2,24.5,8,9,5,6,6,0.35,100,34,134,1621,TelcoQA
SELECT,17.0,0,0,1,4,0,2,0,0,1,0,1,0,0,0,1,0,0,0,0,9,5,6,2,21.0,7,2,5,7,6,0.4237,59,25,89,1051,TelcoQA
SELECT,15.0,0,0,1,1,0,4,0,0,1,0,1,0,0,0,1,0,2,0,0,10,6,6,2,23.0,7,4,5,5,5,0.3733,75,27,96,1354,TelcoQA
SELECT,15.0,0,0,1,1,0,4,0,0,1,0,1,0,0,0,1,0,2,0,0,10,6,5,2,21.5,6,4,4,5,5,0.3611,72,26,95,1314,TelcoQA
ASK,4.5,0,1,1,0,1,1,0,0,0,0,0,0,0,0,0,0,0,0,0,2,2,1,3,8.5,3,3,3,5,5,0.4884,43,21,64,916,TelcoQA
SELECT,13.5,0,1,1,0,1,3,0,0,1,0,1,0,0,0,1,0,0,0,0,7,5,3,2,16.5,4,3,4,3,5,0.3962,53,20,78,1036,TelcoQA
SELECT,34.5,0,1,1,1,2,7,3,0,1,0,1,0,0,0,1,0,2,0,0,18,8,13,3,38.5,15,37,14,7,6,0.181,221,57,312,3425,TelcoQA
SELECT,25.5,0,1,1,1,1,9,0,0,1,0,1,0,0,0,1,0,2,0,0,16,7,12,3,35.0,17,17,15,10,6,0.3101,158,56,227,2628,TelcoQA
SELECT,13.5,0,1,1,0,1,3,0,0,1,0,1,0,0,0,1,0,0,0,0,7,5,4,2,18.0,5,3,4,3,5,0.4565,46,20,78,946,TelcoQA
SELECT,14.0,1,0,1,1,0,4,0,0,1,0,1,0,0,0,1,0,0,0,0,8,5,8,2,24.0,10,2,9,4,5,0.4412,68,26,99,1136,TelcoQA
ASK,1.5,0,0,1,0,0,1,0,0,0,0,0,0,0,0,0,0,0,0,0,1,1,0,2,4.0,1,2,0,3,5,0.5172,29,14,38,564,TelcoQA
SELECT,15.0,0,0,1,1,0,4,0,0,1,0,1,0,0,0,1,0,2,0,0,10,6,3,2,18.5,4,2,3,5,5,0.4062,64,23,84,1120,TelcoQA
SELECT,11.0,0,0,1,1,0,2,0,0,1,0,1,0,0,0,1,0,0,0,0,6,5,3,2,16.5,4,2,2,4,5,0.5366,41,18,63,762,TelcoQA
SELECT,24.0,0,1,1,1,3,4,0,0,1,0,1,0,0,0,1,0,2,0,0,13,7,11,5,35.5,12,20,12,5,6,0.2593,135,54,209,2536,TelcoQA
SELECT,10.5,0,0,1,0,0,3,0,0,1,0,1,0,0,0,1,0,0,0,0,6,4,4,2,16.0,5,2,3,3,5,0.5,42,18,65,832,TelcoQA
SELECT,19.0,1,0,1,2,0,6,0,0,1,0,1,0,0,0,1,0,0,0,0,11,5,8,2,24.0,10,2,10,5,6,0.4324,74,29,115,1292,TelcoQA
SELECT,22.5,0,1,1,0,1,3,3,0,1,0,1,0,0,0,1,0,0,0,0,10,6,11,2,30.5,22,59,14,3,6,0.2304,191,28,356,3299,TelcoQA
SELECT,12.0,0,0,1,0,0,4,0,0,1,0,1,0,0,0,1,0,0,0,0,7,4,4,2,16.0,5,2,3,3,6,0.4681,47,19,71,893,TelcoQA
SELECT,15.0,0,0,1,1,0,4,0,0,1,0,1,0,0,0,1,0,2,0,0,10,6,5,2,21.5,7,4,6,5,5,0.3836,73,28,100,1352,TelcoQA
SELECT,10.5,0,0,1,0,0,3,0,0,1,0,1,0,0,0,1,0,0,0,0,6,4,4,2,16.0,6,2,3,3,5,0.5116,43,18,65,839,TelcoQA
SELECT,16.5,0,0,1,1,0,5,0,0,1,0,1,0,0,0,1,0,2,0,0,11,6,5,2,21.5,8,4,8,5,5,0.3457,81,30,106,1520,TelcoQA
SELECT,27.0,0,1,1,1,1,4,3,0,1,0,1,0,0,0,1,0,2,0,0,14,8,6,3,28.0,7,17,11,5,6,0.2348,115,44,189,2278,TelcoQA
SELECT,15.0,0,1,1,0,1,4,0,0,1,0,1,0,0,0,1,0,0,0,0,8,5,5,2,19.5,6,2,4,4,6,0.4727,55,21,84,1061,TelcoQA
SELECT,12.0,0,0,1,0,0,4,0,0,1,0,1,0,0,0,1,0,0,0,0,7,4,4,2,16.0,4,2,3,3,6,0.4565,46,19,71,886,TelcoQA
SELECT,15.0,0,1,1,0,1,4,0,0,1,0,1,0,0,0,1,0,0,0,0,8,5,5,2,19.5,6,2,4,4,6,0.4727,55,21,84,1061,TelcoQA
SELECT,24.0,0,1,1,1,2,6,0,0,1,0,1,0,0,0,1,0,2,0,0,14,7,10,3,32.0,11,14,14,7,6,0.2748,131,50,192,2572,TelcoQA
SELECT,22.5,0,1,1,0,1,3,3,0,1,0,1,0,0,0,1,0,0,0,0,10,6,8,2,26.0,9,47,10,3,5,0.1558,154,27,289,2607,TelcoQA
SELECT,12.0,0,0,1,0,0,4,0,0,1,0,1,0,0,0,1,0,0,0,0,7,4,4,2,16.0,5,2,3,3,6,0.4681,47,19,71,893,TelcoQA
SELECT,13.5,0,0,1,1,0,3,0,0,1,0,1,0,0,0,1,0,2,0,0,9,6,4,2,20.0,5,3,4,4,5,0.4237,59,24,83,1122,TelcoQA
SELECT,15.0,0,0,1,1,0,4,0,0,1,0,1,0,0,0,1,0,2,0,0,10,6,4,2,20.0,4,4,2,5,5,0.3731,67,24,89,1099,TelcoQA
ASK,1.5,0,0,1,0,0,1,0,0,0,0,0,0,0,0,0,0,0,0,0,1,1,1,2,5.5,3,2,1,3,5,0.5,34,15,42,619,TelcoQA
SELECT,12.0,0,0,1,0,0,4,0,0,1,0,1,0,0,0,1,0,0,0,0,7,4,4,2,16.0,5,2,3,3,6,0.4681,47,19,71,893,TelcoQA
SELECT,12.0,0,0,1,0,0,4,0,0,1,0,1,0,0,0,1,0,0,0,0,7,4,4,2,16.0,4,2,3,3,6,0.4565,46,19,71,886,TelcoQA
SELECT,13.5,0,1,1,0,1,3,0,0,1,0,1,0,0,0,1,0,0,0,0,7,5,4,2,18.0,8,11,4,3,5,0.4182,55,21,112,1164,TelcoQA
SELECT,16.5,0,1,1,1,1,3,0,0,1,0,1,0,0,0,1,0,2,0,0,10,7,6,3,26.0,7,6,7,4,5,0.2889,90,31,107,1704,TelcoQA
SELECT,18.0,0,1,1,1,1,4,0,0,1,0,1,0,0,0,1,0,2,0,0,11,7,5,2,23.5,7,4,3,5,6,0.4348,69,27,106,1296,TelcoQA
SELECT,30.0,0,0,1,1,0,8,3,0,1,0,1,0,0,0,1,0,2,0,0,17,7,9,2,29.5,12,57,22,7,5,0.153,268,61,415,3992,TelcoQA
SELECT,16.5,0,1,1,1,1,3,0,0,1,0,1,0,0,0,1,0,2,0,0,10,7,6,3,26.0,7,4,6,4,5,0.3824,68,28,101,1331,TelcoQA
SELECT,12.0,0,0,1,0,0,4,0,0,1,0,1,0,0,0,1,0,0,0,0,7,4,4,2,16.0,5,2,4,3,6,0.46,50,20,75,952,TelcoQA
SELECT,12.0,0,0,1,0,0,4,0,0,1,0,1,0,0,0,1,0,0,0,0,7,4,4,2,16.0,5,2,3,3,5,0.4681,47,18,68,846,TelcoQA
SELECT,16.5,0,1,1,1,1,3,0,0,1,0,1,0,0,0,1,0,2,0,0,10,7,8,3,29.0,9,12,10,4,6,0.2871,101,40,145,1998,TelcoQA
SELECT,12.0,0,0,1,0,0,4,0,0,1,0,1,0,0,0,1,0,0,0,0,7,4,4,2,16.0,5,2,3,3,6,0.4681,47,19,71,893,TelcoQA
SELECT,19.5,0,1,1,1,2,3,0,0,1,0,1,0,0,0,1,0,2,0,0,11,7,7,3,27.5,10,7,9,4,5,0.3061,98,35,126,1896,TelcoQA
SELECT,15.0,0,0,1,1,0,4,0,0,1,0,1,0,0,0,1,0,2,0,0,10,6,5,2,21.5,7,7,6,5,5,0.3784,74,31,114,1417,TelcoQA
SELECT,18.0,0,1,1,1,1,4,0,0,1,0,1,0,0,0,1,0,2,0,0,11,7,7,3,27.5,9,6,5,5,5,0.3735,83,29,114,1448,TelcoQA
SELECT,16.5,0,1,1,1,1,3,0,0,1,0,1,0,0,0,1,0,2,0,0,10,7,8,3,29.0,9,11,3,4,6,0.3176,85,32,125,1505,TelcoQA
ASK,13.5,0,1,1,0,4,1,0,0,0,0,0,0,0,0,0,0,0,0,0,5,2,5,5,16.5,16,20,11,8,6,0.2769,130,52,184,2342,TelcoQA
SELECT,13.5,0,1,1,0,1,3,0,0,1,0,1,0,0,0,1,0,0,0,0,7,5,4,2,18.0,6,3,4,3,6,0.4681,47,21,81,1005,TelcoQA
SELECT,11.0,0,0,1,1,0,2,0,0,1,0,1,0,0,0,1,0,0,0,0,6,5,3,2,16.5,4,2,2,4,6,0.4667,45,19,63,854,TelcoQA
SELECT,18.0,0,0,1,1,0,6,0,0,1,0,1,0,0,0,1,0,2,0,0,12,6,7,2,24.5,9,6,4,7,6,0.4096,83,31,123,1496,TelcoQA
ASK,10.5,0,1,1,0,3,1,0,0,0,0,0,0,0,0,0,0,0,0,0,4,2,6,3,16.0,13,16,14,5,6,0.3158,114,45,160,2061,TelcoQA
SELECT,13.5,0,0,1,1,0,3,0,0,1,0,1,0,0,0,1,0,2,0,0,9,6,6,2,23.0,8,6,6,4,5,0.3378,74,29,103,1373,TelcoQA
ASK,1.5,0,0,1,0,0,1,0,0,0,0,0,0,0,0,0,0,0,0,0,1,1,1,2,5.5,3,5,1,3,5,0.4857,35,18,54,694,TelcoQA
SELECT,13.5,0,0,1,1,0,3,0,0,1,0,1,0,0,0,1,0,2,0,0,9,6,3,2,18.5,3,2,1,4,6,0.3929,56,21,76,980,TelcoQA
SELECT,12.0,0,0,1,1,0,2,0,0,1,0,1,0,0,0,1,0,2,0,0,8,6,4,2,20.0,4,3,2,3,5,0.3966,58,22,73,1012,TelcoQA
ASK,10.5,0,0,1,0,0,1,3,0,0,0,0,0,0,0,0,0,0,0,0,4,2,10,2,21.0,12,27,17,4,5,0.1963,163,44,207,2562,TelcoQA
SELECT,12.0,1,0,1,0,0,4,0,0,1,0,1,0,0,0,1,0,0,0,0,7,4,6,2,19.0,9,3,12,3,5,0.3333,75,30,110,1602,TelcoQA
SELECT,13.5,0,0,1,1,0,3,0,0,1,0,1,0,0,0,1,0,2,0,0,9,6,5,2,21.5,7,5,6,4,5,0.3881,67,28,99,1269,TelcoQA
SELECT,22.5,0,0,1,1,0,3,3,0,1,0,1,0,0,0,1,0,2,0,0,12,7,5,2,23.5,6,8,5,4,5,0.2927,82,31,122,1489,TelcoQA
SELECT,16.5,0,0,1,1,0,5,0,0,1,0,1,0,0,0,1,0,2,0,0,11,6,5,2,21.5,8,3,4,6,5,0.4412,68,26,98,1227,TelcoQA
SELECT,22.5,0,1,1,1,1,7,0,0,1,0,1,0,0,0,1,0,2,0,0,14,7,11,2,32.5,18,17,21,7,5,0.2601,173,59,218,3176,TelcoQA
SELECT,24.0,0,0,1,1,0,4,3,0,1,0,1,0,0,0,1,0,2,0,0,13,7,6,2,25.0,7,20,7,5,5,0.2077,130,39,184,2013,TelcoQA
SELECT,15.0,0,1,1,0,1,4,0,0,1,0,1,0,0,0,1,0,0,0,0,8,5,5,2,19.5,6,2,4,4,6,0.4727,55,21,84,1062,TelcoQA
SELECT,34.5,0,0,1,1,0,7,5,0,1,0,1,0,0,0,1,0,2,0,0,18,7,8,2,28.0,11,33,11,6,5,0.1777,197,50,275,3213,TelcoQA
ASK,10.5,0,0,1,0,0,1,3,0,0,0,0,0,0,0,0,0,0,0,0,4,2,11,2,22.5,12,27,9,8,5,0.2333,150,43,198,2359,TelcoQA
SELECT,16.5,0,0,1,1,0,5,0,0,1,0,1,0,0,0,1,0,2,0,0,11,6,7,2,24.5,10,5,10,5,5,0.35,100,33,124,1631,TelcoQA
ASK,1.5,0,0,1,0,0,1,0,0,0,0,0,0,0,0,0,0,0,0,0,1,1,1,2,5.5,5,4,1,5,5,0.4783,46,19,56,814,TelcoQA
SELECT,15.0,0,0,1,1,0,4,0,0,1,0,1,0,0,0,1,0,2,0,0,10,6,3,2,18.5,5,2,3,5,5,0.4746,59,23,84,1069,TelcoQA
SELECT,20.0,0,0,1,4,0,4,0,0,1,0,1,0,0,0,1,0,0,0,0,11,5,8,2,24.0,9,2,7,7,6,0.3462,78,27,104,1276,TelcoQA
SELECT,15.0,0,1,1,0,1,4,0,0,1,0,1,0,0,0,1,0,0,0,0,8,5,5,2,19.5,6,2,4,4,6,0.4727,55,21,84,1066,TelcoQA
SELECT,13.0,0,0,1,2,0,2,0,0,1,0,1,0,0,0,1,0,0,0,0,7,5,4,2,18.0,5,2,3,5,5,0.4667,45,20,68,848,TelcoQA
SELECT,25.5,0,1,1,1,1,9,0,0,1,0,1,0,0,0,1,0,2,0,0,16,7,8,3,29.0,12,14,11,10,6,0.296,125,50,198,2485,TelcoQA
SELECT,15.0,0,0,1,1,0,4,0,0,1,0,1,0,0,0,1,0,2,0,0,10,6,4,2,20.0,6,5,5,5,5,0.403,67,28,102,1279,TelcoQA
SELECT,13.0,0,0,1,2,0,2,0,0,1,0,1,0,0,0,1,0,0,0,0,7,5,4,2,18.0,5,2,3,5,6,0.4118,51,21,71,991,TelcoQA
SELECT,7.5,0,0,1,0,0,1,0,0,1,0,1,0,0,0,1,0,0,0,0,4,4,5,2,17.5,14,15,10,9,5,0.3208,106,45,149,2007,TelcoQA
SELECT,13.5,0,0,1,1,0,3,0,0,1,0,1,0,0,0,1,0,2,0,0,9,6,5,2,21.5,7,5,4,4,5,0.3623,69,26,96,1269,TelcoQA
SELECT,12.0,0,0,1,0,0,4,0,0,1,0,1,0,0,0,1,0,0,0,0,7,4,4,2,16.0,4,2,3,3,5,0.4565,46,18,68,839,TelcoQA
SELECT,40.0,2,0,1,14,0,4,0,0,1,0,1,0,0,0,1,0,0,0,0,21,5,7,2,22.5,9,17,5,3,6,0.2927,82,38,197,1875,TelcoQA
ASK,1.5,0,0,1,0,0,1,0,0,0,0,0,0,0,0,0,0,0,0,0,1,1,11,2,20.5,18,57,1,3,6,0.1786,168,71,265,2900,TelcoQA
ASK,1.5,0,0,1,0,0,1,0,0,0,0,0,0,0,0,0,0,0,0,0,1,1,1,2,5.5,4,3,1,3,6,0.5405,37,17,49,689,TelcoQA
SELECT,13.5,0,0,1,1,0,3,0,0,1,0,1,0,0,0,1,0,2,0,0,9,6,8,2,26.0,8,7,5,4,6,0.3133,83,30,107,1455,TelcoQA
SELECT,7.5,0,0,1,0,0,1,0,0,1,0,1,0,0,0,1,0,0,0,0,4,4,5,2,17.5,15,13,8,7,6,0.3918,97,40,136,1741,TelcoQA
SELECT,18.0,0,0,1,1,0,6,0,0,1,0,1,0,0,0,1,0,2,0,0,12,6,7,2,24.5,10,7,11,6,6,0.3204,103,38,139,1924,TelcoQA
SELECT,12.0,0,0,1,0,0,4,0,0,1,0,1,0,0,0,1,0,0,0,0,7,4,4,2,16.0,4,2,3,3,5,0.4565,46,18,68,839,TelcoQA
SELECT,13.5,0,0,1,1,0,3,0,0,1,0,1,0,0,0,1,0,2,0,0,9,6,4,2,20.0,5,3,1,4,5,0.431,58,21,77,1043,TelcoQA
SELECT,13.5,0,0,1,1,0,3,0,0,1,0,1,0,0,0,1,0,2,0,0,9,6,9,2,27.5,9,11,4,4,5,0.3295,88,32,123,1420,TelcoQA
SELECT,18.0,0,0,1,1,0,6,0,0,1,0,1,0,0,0,1,0,2,0,0,12,6,8,2,26.0,9,9,8,7,6,0.3529,102,38,148,1845,TelcoQA
SELECT,12.0,0,0,1,0,0,4,0,0,1,0,1,0,0,0,1,0,0,0,0,7,4,4,2,16.0,4,2,3,3,5,0.4565,46,18,68,839,TelcoQA
SELECT,7.5,0,0,1,0,0,1,0,0,1,0,1,0,0,0,1,0,0,0,0,4,4,1,2,11.5,7,5,3,7,5,0.4386,57,26,84,1147,TelcoQA
SELECT,13.5,0,1,1,0,1,3,0,0,1,0,1,0,0,0,1,0,0,0,0,7,5,4,2,18.0,6,3,4,3,6,0.5,42,21,81,970,TelcoQA
ASK,1.5,0,0,1,0,0,1,0,0,0,0,0,0,0,0,0,0,0,0,0,1,1,3,2,8.5,9,10,11,5,5,0.3297,91,35,110,1508,TelcoQA
SELECT,27.0,0,1,1,1,1,4,3,0,1,0,1,0,0,0,1,0,2,0,0,14,8,10,3,34.0,12,21,10,5,5,0.2329,146,43,206,2385,TelcoQA
SELECT,15.0,0,1,1,1,1,2,0,0,1,0,1,0,0,0,1,0,2,0,0,9,7,7,2,26.5,7,6,3,3,5,0.3548,62,27,96,1201,TelcoQA
SELECT,10.5,0,0,1,0,0,3,0,0,1,0,1,0,0,0,1,0,0,0,0,6,4,4,2,16.0,5,2,3,3,5,0.5,42,18,65,837,TelcoQA
SELECT,12.0,0,0,1,0,0,4,0,0,1,0,1,0,0,0,1,0,0,0,0,7,4,4,2,16.0,5,2,4,3,5,0.451,51,19,72,913,TelcoQA
SELECT,12.0,0,0,1,0,0,4,0,0,1,0,1,0,0,0,1,0,0,0,0,7,4,4,2,16.0,5,2,3,3,5,0.4681,47,18,68,846,TelcoQA
SELECT,19.5,0,0,1,1,0,7,0,0,1,0,1,0,0,0,1,0,2,0,0,13,6,7,2,24.5,7,5,11,8,5,0.3125,112,37,138,2111,TelcoQA
SELECT,12.0,0,0,1,0,0,4,0,0,1,0,1,0,0,0,1,0,0,0,0,7,4,4,2,16.0,4,2,3,3,6,0.4565,46,19,71,890,TelcoQA
SELECT,21.0,0,1,1,1,1,4,1,0,1,0,1,0,0,0,1,0,2,0,0,12,8,7,3,29.5,8,11,5,5,6,0.2843,102,34,142,1720,TelcoQA
ASK,1.5,0,0,1,0,0,1,0,0,0,0,0,0,0,0,0,0,0,0,0,1,1,1,2,5.5,3,4,1,4,5,0.4524,42,18,52,795,TelcoQA
SELECT,13.5,0,0,1,1,0,3,0,0,1,0,1,0,0,0,1,0,2,0,0,9,6,4,2,20.0,5,4,1,4,5,0.44,50,22,82,950,TelcoQA
SELECT,12.5,0,0,1,1,0,3,0,0,1,0,1,0,0,0,1,0,0,0,0,7,5,4,2,18.0,5,2,3,4,5,0.4375,48,19,68,882,TelcoQA
SELECT,16.5,0,0,1,1,0,5,0,0,1,0,1,0,0,0,1,0,2,0,0,11,6,10,2,29.0,13,11,11,6,5,0.322,118,41,154,2019,TelcoQA
SELECT,12.0,0,0,1,0,0,4,0,0,1,0,1,0,0,0,1,0,0,0,0,7,4,4,2,16.0,5,2,3,3,6,0.4681,47,19,71,893,TelcoQA
SELECT,12.0,1,0,1,0,0,4,0,0,1,0,1,0,0,0,1,0,0,0,0,7,4,4,2,16.0,5,3,6,3,5,0.4151,53,24,86,1078,TelcoQA
ASK,1.5,0,0,1,0,0,1,0,0,0,0,0,0,0,0,0,0,0,0,0,1,1,8,2,16.0,13,41,1,3,6,0.2241,116,55,201,2092,TelcoQA
SELECT,13.0,0,0,1,2,0,2,0,0,1,0,1,0,0,0,1,0,0,0,0,7,5,3,2,16.5,4,2,3,5,5,0.4259,54,20,70,915,TelcoQA
ASK,1.5,0,0,1,0,0,1,0,0,0,0,0,0,0,0,0,0,0,0,0,1,1,5,2,11.5,11,16,15,6,6,0.292,113,47,150,2192,TelcoQA
SELECT,15.0,0,1,1,0,1,4,0,0,1,0,1,0,0,0,1,0,0,0,0,8,5,5,2,19.5,5,2,4,4,6,0.463,54,21,84,1054,TelcoQA
SELECT,16.5,0,0,1,1,0,5,0,0,1,0,1,0,0,0,1,0,2,0,0,11,6,8,2,26.0,11,8,10,4,6,0.3571,98,36,139,1742,TelcoQA
SELECT,15.0,0,1,1,0,1,4,0,0,1,0,1,0,0,0,1,0,0,0,0,8,5,5,2,19.5,6,2,4,4,6,0.4727,55,21,84,1061,TelcoQA
SELECT,24.5,0,0,1,7,0,3,0,0,1,0,1,0,0,0,1,0,0,0,0,13,5,10,2,27.0,11,2,9,10,6,0.369,84,32,122,1461,TelcoQA
ASK,4.5,0,1,1,0,1,1,0,0,0,0,0,0,0,0,0,0,0,0,0,2,2,3,2,10.5,9,5,8,5,6,0.4167,72,28,86,1285,TelcoQA
SELECT,31.5,0,1,1,1,4,7,0,0,1,0,1,0,0,0,1,0,2,0,0,17,7,12,5,37.0,19,27,28,7,6,0.2027,222,79,296,3883,TelcoQA
SELECT,30.0,0,0,1,1,0,8,3,0,1,0,1,0,0,0,1,0,2,0,0,17,7,9,2,29.5,12,23,19,8,6,0.2467,150,52,264,2915,TelcoQA
ASK,1.5,0,0,1,0,0,1,0,0,0,0,0,0,0,0,0,0,0,0,0,1,1,1,2,5.5,4,5,1,3,6,0.5,36,19,57,747,TelcoQA
SELECT,15.0,0,0,1,3,0,2,0,0,1,0,1,0,0,0,1,0,0,0,0,8,5,5,2,19.5,6,2,4,6,5,0.4,60,22,76,1002,TelcoQA
ASK,1.5,0,0,1,0,0,1,0,0,0,0,0,0,0,0,0,0,0,0,0,1,1,0,2,4.0,5,5,0,3,5,0.4595,37,17,50,673,TelcoQA
SELECT,12.0,0,0,1,1,0,2,0,0,1,0,1,0,0,0,1,0,2,0,0,8,6,2,2,17.0,4,1,1,3,5,0.4681,47,20,59,832,TelcoQA
SELECT,13.0,0,0,1,2,0,2,0,0,1,0,1,0,0,0,1,0,0,0,0,7,5,4,2,18.0,5,2,3,5,5,0.4259,54,20,71,921,TelcoQA
SELECT,15.0,0,1,1,0,1,4,0,0,1,0,1,0,0,0,1,0,0,0,0,8,5,5,2,19.5,5,2,4,4,5,0.463,54,20,81,1007,TelcoQA
SELECT,13.5,0,0,1,1,0,3,0,0,1,0,1,0,0,0,1,0,2,0,0,9,6,6,2,23.0,7,23,6,4,5,0.2261,115,46,170,2129,TelcoQA
SELECT,12.0,0,0,1,0,0,4,0,0,1,0,1,0,0,0,1,0,0,0,0,7,4,4,2,16.0,5,2,3,3,5,0.4468,47,18,68,851,TelcoQA
SELECT,20.5,0,0,1,5,0,3,0,0,1,0,1,0,0,0,1,0,0,0,0,11,5,8,2,24.0,9,2,7,8,6,0.3913,69,28,106,1238,TelcoQA
SELECT,18.0,0,1,1,1,1,4,0,0,1,0,1,0,0,0,1,0,2,0,0,11,7,6,3,26.0,7,4,15,5,5,0.2759,116,38,130,2044,TelcoQA
SELECT,15.0,0,0,1,1,0,4,0,0,1,0,1,0,0,0,1,0,2,0,0,10,6,3,2,18.5,4,2,1,5,5,0.4068,59,21,78,995,TelcoQA
SELECT,13.5,0,1,1,0,1,3,0,0,1,0,1,0,0,0,1,0,0,0,0,7,5,4,2,18.0,5,3,4,3,5,0.4375,48,20,78,986,TelcoQA
SELECT,13.0,0,0,1,2,0,2,0,0,1,0,1,0,0,0,1,0,0,0,0,7,5,4,2,18.0,5,2,3,5,5,0.4151,53,20,68,906,TelcoQA
SELECT,16.5,0,1,1,1,1,3,0,0,1,0,1,0,0,0,1,0,2,0,0,10,7,7,3,27.5,7,6,3,4,5,0.3562,73,27,101,1354,TelcoQA
SELECT,21.0,0,1,1,1,1,6,0,0,1,0,1,0,0,0,1,0,2,0,0,13,7,6,2,25.0,8,7,7,7,5,0.3537,82,35,136,1702,TelcoQA
SELECT,25.5,0,1,1,1,1,9,0,0,1,0,1,0,0,0,1,0,2,0,0,16,7,5,3,24.5,5,5,3,10,5,0.3232,99,32,137,1690,TelcoQA
SELECT,15.0,0,0,1,1,0,4,0,0,1,0,1,0,0,0,1,0,2,0,0,10,6,5,2,21.5,7,5,5,5,6,0.3803,71,29,103,1396,TelcoQA
SELECT,10.5,0,1,1,0,1,1,0,0,1,0,1,0,0,0,1,0,0,0,0,5,5,6,3,22.0,14,12,9,7,5,0.297,101,40,136,1834,TelcoQA
SELECT,19.5,0,0,1,1,0,7,0,0,1,0,1,0,0,0,1,0,2,0,0,13,6,12,2,32.0,14,13,13,8,6,0.3066,137,48,187,2383,TelcoQA
SELECT,21.0,0,0,1,1,0,8,0,0,1,0,1,0,0,0,1,0,2,0,0,14,6,6,2,23.0,8,7,9,9,6,0.3838,99,39,155,1824,TelcoQA
SELECT,25.5,0,0,1,1,0,5,3,0,1,0,1,0,0,0,1,0,2,0,0,14,7,15,2,38.5,17,68,24,6,5,0.1489,282,67,446,4461,TelcoQA
SELECT,12.0,0,0,1,0,0,4,0,0,1,0,1,0,0,0,1,0,0,0,0,7,4,4,2,16.0,4,2,3,3,5,0.4565,46,18,68,839,TelcoQA
SELECT,14.0,0,0,1,1,0,4,0,0,1,0,1,0,0,0,1,0,0,0,0,8,5,8,2,24.0,8,2,7,4,5,0.4118,68,23,91,1078,TelcoQA
SELECT,15.0,0,0,1,1,0,4,0,0,1,0,1,0,0,0,1,0,2,0,0,10,6,3,2,18.5,3,3,2,5,5,0.3636,66,23,84,1221,TelcoQA
SELECT,12.0,0,0,1,0,0,4,0,0,1,0,1,0,0,0,1,0,0,0,0,7,4,4,2,16.0,5,2,3,3,6,0.4681,47,19,71,898,TelcoQA
SELECT,22.5,0,1,1,1,2,5,0,0,1,0,1,0,0,0,1,0,2,0,0,13,7,5,4,25.5,7,4,6,6,6,0.3579,95,32,122,1776,TelcoQA
SELECT,16.5,0,0,1,3,0,3,0,0,1,0,1,0,0,0,1,0,0,0,0,9,5,5,2,19.5,6,2,5,6,5,0.3788,66,23,87,1003,TelcoQA
SELECT,16.5,0,0,1,1,0,5,0,0,1,0,1,0,0,0,1,0,2,0,0,11,6,5,2,21.5,5,9,4,6,5,0.3333,90,32,126,1542,TelcoQA
SELECT,15.0,0,1,1,1,1,2,0,0,1,0,1,0,0,0,1,0,2,0,0,9,7,6,3,26.0,8,7,7,3,5,0.3288,73,31,104,1392,TelcoQA
SELECT,13.5,0,0,1,1,0,3,0,0,1,0,1,0,0,0,1,0,2,0,0,9,6,4,2,20.0,4,5,1,4,5,0.4231,52,23,86,992,TelcoQA
SELECT,16.5,0,0,1,1,0,5,0,0,1,0,1,0,0,0,1,0,2,0,0,11,6,9,2,27.5,12,15,11,6,6,0.2806,139,46,174,2368,TelcoQA
SELECT,13.5,0,0,1,1,0,3,0,0,1,0,1,0,0,0,1,0,2,0,0,9,6,6,2,23.0,8,4,8,4,6,0.3373,83,30,100,1511,TelcoQA
SELECT,15.0,0,0,1,1,0,4,0,0,1,0,1,0,0,0,1,0,2,0,0,10,6,5,2,21.5,5,4,3,5,5,0.3906,64,25,94,1176,TelcoQA
SELECT,24.0,0,1,1,1,1,4,2,0,1,0,1,0,0,0,1,0,2,0,0,13,8,9,3,32.5,10,17,10,5,6,0.2627,118,43,183,2255,TelcoQA
SELECT,13.5,0,0,1,1,0,3,0,0,1,0,1,0,0,0,1,0,2,0,0,9,6,6,2,23.0,7,6,3,4,5,0.3472,72,26,96,1228,TelcoQA
SELECT,13.5,1,0,1,0,0,5,0,0,1,0,1,0,0,0,1,0,0,0,0,8,4,5,2,17.5,6,3,6,3,6,0.4138,58,25,92,1191,TelcoQA
SELECT,12.0,0,0,1,0,0,4,0,0,1,0,1,0,0,0,1,0,0,0,0,7,4,4,2,16.0,5,2,3,3,5,0.4681,47,18,68,846,TelcoQA
SELECT,18.0,0,0,1,1,0,6,0,0,1,0,1,0,0,0,1,0,2,0,0,12,6,8,2,26.0,11,9,6,7,5,0.3627,102,35,141,1738,TelcoQA
ASK,13.5,0,0,1,0,0,1,4,0,0,0,0,0,0,0,0,0,0,0,0,5,2,13,2,25.5,15,29,14,5,5,0.2236,161,46,213,2485,TelcoQA
SELECT,12.0,0,0,1,1,0,2,0,0,1,0,1,0,0,0,1,0,2,0,0,8,6,5,2,21.5,5,4,2,3,5,0.381,63,23,78,1000,TelcoQA
ASK,1.5,0,0,1,0,0,1,0,0,0,0,0,0,0,0,0,0,0,0,0,1,1,1,2,5.5,3,4,1,5,5,0.4468,47,19,58,801,TelcoQA
SELECT,18.0,0,0,1,1,0,6,0,0,1,0,1,0,0,0,1,0,2,0,0,12,6,4,2,20.0,5,3,5,7,5,0.3827,81,28,108,1356,TelcoQA
SELECT,13.0,0,0,1,2,0,2,0,0,1,0,1,0,0,0,1,0,0,0,0,7,5,4,2,18.0,5,2,3,5,6,0.4423,52,21,73,922,TelcoQA
ASK,1.5,0,0,1,0,0,1,0,0,0,0,0,0,0,0,0,0,0,0,0,1,1,2,2,7.0,8,3,11,5,5,0.3974,78,28,82,1319,TelcoQA
SELECT,40.5,0,1,1,1,4,7,3,0,1,0,1,0,0,0,1,0,2,0,0,20,8,13,5,40.5,15,49,10,8,6,0.168,244,60,367,3781,TelcoQA
SELECT,12.0,0,0,1,1,0,2,0,0,1,0,1,0,0,0,1,0,2,0,0,8,6,6,2,23.0,6,10,3,3,5,0.3088,68,30,103,1247,TelcoQA
SELECT,28.5,0,1,1,1,2,9,0,0,1,0,1,0,0,0,1,0,2,0,0,17,7,12,4,36.0,18,31,13,8,6,0.2595,185,68,281,3331,TelcoQA
SELECT,12.0,0,0,1,1,0,2,0,0,1,0,1,0,0,0,1,0,2,0,0,8,6,2,2,17.0,6,1,3,3,5,0.4808,52,22,65,934,TelcoQA
SELECT,16.5,0,0,1,1,0,5,0,0,1,0,1,0,0,0,1,0,2,0,0,11,6,6,2,23.0,9,7,15,6,6,0.2991,117,42,149,2046,TelcoQA
SELECT,26.5,0,0,1,8,0,3,0,0,1,0,1,0,0,0,1,0,0,0,0,14,5,10,2,27.0,11,2,10,11,6,0.382,89,34,129,1483,TelcoQA
SELECT,15.0,0,0,1,1,0,4,0,0,1,0,1,0,0,0,1,0,2,0,0,10,6,5,2,21.5,5,3,2,5,5,0.4483,58,23,87,1038,TelcoQA
SELECT,24.0,0,1,1,1,1,4,2,0,1,0,1,0,0,0,1,0,2,0,0,13,8,11,2,34.5,13,29,19,5,6,0.2102,157,54,258,3120,TelcoQA
SELECT,24.0,0,1,1,1,1,8,0,0,1,0,1,0,0,0,1,0,2,0,0,15,7,12,2,34.0,18,20,9,7,5,0.3383,133,50,214,2292,TelcoQA
SELECT,31.5,0,0,1,1,0,7,4,0,1,0,1,0,0,0,1,0,2,0,0,17,7,11,2,32.5,12,35,11,8,6,0.1925,213,51,288,2973,TelcoQA
SELECT,10.5,0,1,1,0,1,1,0,0,1,0,1,0,0,0,1,0,0,0,0,5,5,3,2,16.5,6,5,5,6,5,0.3649,74,27,93,1277,TelcoQA
SELECT,13.0,0,0,1,2,0,2,0,0,1,0,1,0,0,0,1,0,0,0,0,7,5,4,2,18.0,5,2,3,5,6,0.4314,51,21,71,959,TelcoQA
SELECT,12.0,0,0,1,0,0,4,0,0,1,0,1,0,0,0,1,0,0,0,0,7,4,4,2,16.0,4,2,3,3,6,0.4565,46,19,71,886,TelcoQA
SELECT,16.5,0,0,1,1,0,5,0,0,1,0,1,0,0,0,1,0,2,0,0,11,6,5,2,21.5,7,4,4,6,5,0.4146,82,27,107,1359,TelcoQA
SELECT,17.0,0,0,1,4,0,2,0,0,1,0,1,0,0,0,1,0,0,0,0,9,5,5,2,19.5,6,2,5,7,6,0.3768,69,25,88,1194,TelcoQA
SELECT,12.0,0,0,1,0,0,4,0,0,1,0,1,0,0,0,1,0,0,0,0,7,4,4,2,16.0,5,2,3,3,6,0.4681,47,19,71,893,TelcoQA
SELECT,11.0,0,0,1,1,0,2,0,0,1,0,1,0,0,0,1,0,0,0,0,6,5,2,2,15.0,3,2,2,4,5,0.5135,37,18,60,775,TelcoQA
SELECT,13.5,0,1,1,0,2,1,0,0,1,0,1,0,0,0,1,0,0,0,0,6,5,8,3,25.0,29,17,28,10,6,0.2703,185,68,223,3546,TelcoQA
SELECT,19.0,0,0,1,5,0,2,0,0,1,0,1,0,0,0,1,0,0,0,0,10,5,7,2,22.5,8,2,6,8,5,0.403,67,26,92,1126,TelcoQA
ASK,1.5,0,0,1,0,0,1,0,0,0,0,0,0,0,0,0,0,0,0,0,1,1,2,2,7.0,5,8,0,3,6,0.3913,46,21,65,843,TelcoQA
SELECT,10.5,0,0,1,0,0,3,0,0,1,0,1,0,0,0,1,0,0,0,0,6,4,3,2,14.5,4,2,2,3,6,0.5,36,18,63,799,TelcoQA
SELECT,13.5,0,1,1,0,2,1,0,0,1,0,1,0,0,0,1,0,0,0,0,6,5,4,4,20.0,14,19,11,8,6,0.314,121,52,177,2407,TelcoQA
SELECT,19.5,0,0,1,1,0,7,0,0,1,0,1,0,0,0,1,0,2,0,0,13,6,10,2,29.0,12,29,10,7,5,0.2587,143,59,236,2688,TelcoQA
SELECT,12.5,0,0,1,1,0,3,0,0,1,0,1,0,0,0,1,0,0,0,0,7,5,4,2,18.0,5,2,3,4,5,0.4773,44,19,69,854,TelcoQA
ASK,1.5,0,0,1,0,0,1,0,0,0,0,0,0,0,0,0,0,0,0,0,1,1,0,2,4.0,2,3,0,3,5,0.4688,32,15,42,612,TelcoQA
SELECT,18.0,0,0,1,1,0,6,0,0,1,0,1,0,0,0,1,0,2,0,0,12,6,5,2,21.5,8,5,7,6,5,0.3646,96,31,122,1479,TelcoQA
SELECT,13.5,0,0,1,1,0,3,0,0,1,0,1,0,0,0,1,0,2,0,0,9,6,4,2,20.0,5,3,1,4,5,0.4182,55,21,76,981,TelcoQA
ASK,1.5,0,0,1,0,0,1,0,0,0,0,0,0,0,0,0,0,0,0,0,1,1,6,2,13.0,13,31,1,3,6,0.2812,96,45,161,1682,TelcoQA
SELECT,22.5,0,1,1,1,3,3,0,0,1,0,1,0,0,0,1,0,2,0,0,12,7,6,5,28.0,8,5,6,4,6,0.3377,77,32,118,1619,TelcoQA
SELECT,22.0,0,0,1,5,0,4,0,0,1,0,1,0,0,0,1,0,0,0,0,12,5,9,2,25.5,10,2,8,8,5,0.3919,74,28,110,1247,TelcoQA
SELECT,16.5,0,0,1,1,0,5,0,0,1,0,1,0,0,0,1,0,2,0,0,11,6,8,2,26.0,11,13,10,6,5,0.313,115,42,159,2015,TelcoQA
SELECT,12.0,1,0,1,0,0,4,0,0,1,0,1,0,0,0,1,0,0,0,0,7,4,5,2,17.5,10,3,20,3,6,0.2637,91,39,145,2141,TelcoQA
SELECT,12.0,0,0,1,0,0,4,0,0,1,0,1,0,0,0,1,0,0,0,0,7,4,4,2,16.0,4,2,3,3,5,0.4565,46,18,68,839,TelcoQA
SELECT,21.0,0,0,1,6,0,2,0,0,1,0,1,0,0,0,1,0,0,0,0,11,5,8,2,24.0,9,2,7,9,6,0.3333,81,29,103,1262,TelcoQA
SELECT,13.5,0,0,1,1,0,3,0,0,1,0,1,0,0,0,1,0,2,0,0,9,6,3,2,18.5,3,2,1,4,5,0.4074,54,20,71,962,TelcoQA
SELECT,12.0,0,0,1,1,0,2,0,0,1,0,1,0,0,0,1,0,2,0,0,8,6,3,2,18.5,5,2,2,3,5,0.3962,53,21,66,951,TelcoQA
SELECT,7.5,0,0,1,0,0,1,0,0,1,0,1,0,0,0,1,0,0,0,0,4,4,3,2,14.5,8,7,4,8,6,0.4286,70,31,105,1378,TelcoQA
SELECT,12.0,1,0,1,0,0,4,0,0,1,0,1,0,0,0,1,0,0,0,0,7,4,7,2,20.5,8,3,17,3,5,0.2316,95,35,130,1956,TelcoQA
SELECT,10.5,0,1,1,0,1,1,0,0,1,0,1,0,0,0,1,0,0,0,0,5,5,7,3,23.5,15,12,12,7,5,0.2845,116,43,141,2109,TelcoQA
SELECT,12.0,0,0,1,1,0,2,0,0,1,0,1,0,0,0,1,0,2,0,0,8,6,3,2,18.5,4,1,2,3,5,0.4375,48,21,61,883,TelcoQA
SELECT,25.5,0,1,1,1,3,5,0,0,1,0,1,0,0,0,1,0,2,0,0,14,7,6,4,27.0,9,5,10,6,5,0.3736,91,36,139,1797,TelcoQA
SELECT,7.5,0,0,1,0,0,1,0,0,1,0,1,0,0,0,1,0,0,0,0,4,4,1,2,11.5,7,2,3,7,5,0.44,50,23,72,1036,TelcoQA
SELECT,10.5,0,0,1,0,0,3,0,0,1,0,1,0,0,0,1,0,0,0,0,6,4,3,2,14.5,4,2,2,3,6,0.4634,41,18,63,808,TelcoQA
SELECT,13.0,0,0,1,2,0,2,0,0,1,0,1,0,0,0,1,0,0,0,0,7,5,3,2,16.5,4,2,3,5,5,0.3922,51,20,68,961,TelcoQA
SELECT,15.0,0,1,1,1,1,2,0,0,1,0,1,0,0,0,1,0,2,0,0,9,7,2,2,19.0,6,1,2,3,5,0.4808,52,22,70,951,TelcoQA
SELECT,13.5,1,0,1,0,0,5,0,0,1,0,1,0,0,0,1,0,0,0,0,8,4,5,2,17.5,7,3,6,3,5,0.4167,60,24,89,1160,TelcoQA
SELECT,7.5,0,0,1,0,0,1,0,0,1,0,1,0,0,0,1,0,0,0,0,4,4,3,2,14.5,8,5,5,14,5,0.3409,88,35,119,1625,TelcoQA
SELECT,15.0,0,1,1,0,1,4,0,0,1,0,1,0,0,0,1,0,0,0,0,8,5,5,2,19.5,5,2,4,4,5,0.463,54,20,81,1007,TelcoQA
SELECT,12.0,0,0,1,0,0,4,0,0,1,0,1,0,0,0,1,0,0,0,0,7,4,4,2,16.0,5,2,3,3,5,0.4681,47,18,68,852,TelcoQA
SELECT,12.0,0,0,1,0,0,4,0,0,1,0,1,0,0,0,1,0,0,0,0,7,4,4,2,16.0,5,2,3,3,6,0.4681,47,19,71,893,TelcoQA
SELECT,12.0,0,0,1,0,0,4,0,0,1,0,1,0,0,0,1,0,0,0,0,7,4,4,2,16.0,5,2,3,3,6,0.4681,47,19,71,893,TelcoQA
SELECT,10.5,0,0,1,0,0,3,0,0,1,0,1,0,0,0,1,0,0,0,0,6,4,4,2,16.0,5,2,3,3,5,0.4783,46,18,65,872,TelcoQA
SELECT,12.0,0,0,1,0,0,4,0,0,1,0,1,0,0,0,1,0,0,0,0,7,4,4,2,16.0,5,2,3,3,5,0.4681,47,18,68,846,TelcoQA
SELECT,16.5,0,1,1,1,1,3,0,0,1,0,1,0,0,0,1,0,2,0,0,10,7,6,2,25.0,7,5,1,4,6,0.4062,64,24,96,1135,TelcoQA
SELECT,10.5,0,0,1,0,0,3,0,0,1,0,1,0,0,0,1,0,0,0,0,6,4,4,2,16.0,6,2,3,3,6,0.5116,43,19,68,886,TelcoQA
SELECT,12.0,1,0,1,0,0,4,0,0,1,0,1,0,0,0,1,0,0,0,0,7,4,5,2,17.5,6,3,6,3,6,0.3966,58,25,89,1184,TelcoQA
ASK,1.5,0,0,1,0,0,1,0,0,0,0,0,0,0,0,0,0,0,0,0,1,1,3,2,8.5,5,6,2,4,5,0.4565,46,21,64,841,TelcoQA
SELECT,13.5,1,0,1,0,0,5,0,0,1,0,1,0,0,0,1,0,0,0,0,8,4,6,2,19.0,6,3,6,3,5,0.3846,65,24,89,1136,TelcoQA
ASK,1.5,0,0,1,0,0,1,0,0,0,0,0,0,0,0,0,0,0,0,0,1,1,2,2,7.0,3,4,4,5,5,0.4348,46,22,64,941,TelcoQA
ASK,1.5,0,0,1,0,0,1,0,0,0,0,0,0,0,0,0,0,0,0,0,1,1,2,2,7.0,3,6,0,3,5,0.4324,37,18,54,698,TelcoQA
ASK,1.5,0,0,1,0,0,1,0,0,0,0,0,0,0,0,0,0,0,0,0,1,1,1,2,5.5,2,2,1,4,5,0.5143,35,16,44,676,TelcoQA
ASK,4.5,0,1,1,0,1,1,0,0,0,0,0,0,0,0,0,0,0,0,0,2,2,4,2,12.0,6,13,1,4,6,0.377,61,28,98,1066,TelcoQA
SELECT,25.5,0,0,1,1,0,5,3,0,1,0,1,0,0,0,1,0,2,0,0,14,7,9,2,29.5,10,26,15,6,6,0.1976,167,50,248,2807,TelcoQA
SELECT,15.0,0,1,1,0,1,4,0,0,1,0,1,0,0,0,1,0,0,0,0,8,5,5,2,19.5,6,2,4,4,6,0.4727,55,21,84,1061,TelcoQA
ASK,1.5,0,0,1,0,0,1,0,0,0,0,0,0,0,0,0,0,0,0,0,1,1,2,2,7.0,11,16,1,3,6,0.3651,63,30,101,1195,TelcoQA
SELECT,11.0,0,0,1,1,0,2,0,0,1,0,1,0,0,0,1,0,0,0,0,6,5,3,2,16.5,4,2,2,4,5,0.5,40,18,60,778,TelcoQA
SELECT,13.5,0,0,1,1,0,3,0,0,1,0,1,0,0,0,1,0,2,0,0,9,6,7,2,24.5,9,6,5,4,5,0.3704,81,28,103,1320,TelcoQA
SELECT,7.5,0,0,1,0,0,1,0,0,1,0,1,0,0,0,1,0,0,0,0,4,4,3,2,14.5,3,2,2,3,6,0.4634,41,18,56,771,TelcoQA
SELECT,19.5,0,1,1,1,1,5,0,0,1,0,1,0,0,0,1,0,2,0,0,12,7,7,2,26.5,10,8,5,5,5,0.3976,83,32,131,1525,TelcoQA
SELECT,22.5,0,0,1,1,0,9,0,0,1,0,1,0,0,0,1,0,2,0,0,15,6,6,2,23.0,7,6,5,9,6,0.3571,84,34,141,1622,TelcoQA
SELECT,15.0,0,0,1,3,0,2,0,0,1,0,1,0,0,0,1,0,0,0,0,8,5,5,2,19.5,6,2,4,6,5,0.4727,55,22,77,981,TelcoQA
SELECT,12.0,0,0,1,0,0,4,0,0,1,0,1,0,0,0,1,0,0,0,0,7,4,4,2,16.0,5,2,4,3,5,0.4706,51,19,72,912,TelcoQA
SELECT,27.0,0,1,1,1,2,4,2,0,1,0,1,0,0,0,1,0,2,0,0,14,8,6,3,28.0,9,18,6,5,6,0.25,132,38,184,2195,TelcoQA
SELECT,24.0,0,1,1,1,2,6,0,0,1,0,1,0,0,0,1,0,2,0,0,14,7,13,2,35.5,15,16,5,7,6,0.3178,129,43,189,2129,TelcoQA
ASK,1.5,0,0,1,0,0,1,0,0,0,0,0,0,0,0,0,0,0,0,0,1,1,5,2,11.5,10,28,1,3,6,0.2875,80,42,149,1566,TelcoQA
SELECT,15.0,0,1,1,0,1,4,0,0,1,0,1,0,0,0,1,0,0,0,0,8,5,5,2,19.5,6,2,4,4,5,0.4727,55,20,81,1014,TelcoQA
SELECT,15.0,0,1,1,0,1,4,0,0,1,0,1,0,0,0,1,0,0,0,0,8,5,5,2,19.5,6,2,4,4,5,0.4727,55,20,81,1014,TelcoQA
SELECT,10.5,0,1,1,0,1,1,0,0,1,0,1,0,0,0,1,0,0,0,0,5,5,4,2,18.0,11,5,5,8,6,0.4156,77,29,104,1327,TelcoQA
SELECT,15.0,0,1,1,0,1,4,0,0,1,0,1,0,0,0,1,0,0,0,0,8,5,5,2,19.5,6,2,4,4,6,0.463,54,21,84,1060,TelcoQA
SELECT,11.0,0,0,1,1,0,2,0,0,1,0,1,0,0,0,1,0,0,0,0,6,5,3,2,16.5,4,2,2,4,5,0.4773,44,18,60,807,TelcoQA
SELECT,12.0,0,0,1,1,0,2,0,0,1,0,1,0,0,0,1,0,2,0,0,8,6,6,2,23.0,6,6,2,3,5,0.3636,55,25,84,1066,TelcoQA
SELECT,15.0,0,1,1,0,1,4,0,0,1,0,1,0,0,0,1,0,0,0,0,8,5,5,2,19.5,6,2,4,4,6,0.4727,55,21,84,1061,TelcoQA
SELECT,12.0,0,0,1,0,0,4,0,0,1,0,1,0,0,0,1,0,0,0,0,7,4,4,2,16.0,4,2,3,3,5,0.4565,46,18,68,839,TelcoQA
SELECT,25.5,0,1,1,1,1,3,3,0,1,0,1,0,0,0,1,0,2,0,0,13,8,7,3,29.5,7,13,7,4,6,0.2967,91,36,159,1680,TelcoQA
ASK,1.5,0,0,1,0,0,1,0,0,0,0,0,0,0,0,0,0,0,0,0,1,1,1,2,5.5,2,2,1,5,5,0.525,40,17,49,743,TelcoQA
SELECT,19.5,0,1,1,0,4,1,0,0,1,0,1,0,0,0,1,0,0,0,0,8,5,6,4,23.0,17,18,14,9,6,0.2692,156,54,203,2520,TelcoQA
SELECT,42.5,2,0,1,10,0,5,3,0,1,0,1,0,0,0,1,0,0,0,0,21,6,12,2,32.0,13,26,16,5,5,0.25,148,42,272,2553,TelcoQA
SELECT,17.5,0,0,1,2,0,5,0,0,1,0,1,0,0,0,1,0,0,0,0,10,5,7,2,22.5,7,2,8,5,6,0.4133,75,26,104,1204,TelcoQA
SELECT,15.0,0,1,1,0,1,4,0,0,1,0,1,0,0,0,1,0,0,0,0,8,5,5,2,19.5,5,2,4,4,5,0.463,54,20,81,1007,TelcoQA
SELECT,15.0,0,1,1,0,1,4,0,0,1,0,1,0,0,0,1,0,0,0,0,8,5,5,2,19.5,6,2,4,4,6,0.4727,55,21,84,1061,TelcoQA
ASK,1.5,0,0,1,0,0,1,0,0,0,0,0,0,0,0,0,0,0,0,0,1,1,2,2,7.0,6,4,6,3,5,0.3929,56,22,64,984,TelcoQA
SELECT,12.0,0,0,1,0,0,4,0,0,1,0,1,0,0,0,1,0,0,0,0,7,4,4,2,16.0,5,2,3,3,5,0.4681,47,18,68,846,TelcoQA
SELECT,13.0,0,0,1,2,0,2,0,0,1,0,1,0,0,0,1,0,0,0,0,7,5,3,2,16.5,4,2,3,5,5,0.4651,43,20,69,853,TelcoQA
SELECT,18.0,0,1,1,1,1,4,0,0,1,0,1,0,0,0,1,0,2,0,0,11,7,5,2,23.5,9,8,9,5,5,0.3556,90,36,135,1771,TelcoQA
SELECT,12.0,0,0,1,0,0,4,0,0,1,0,1,0,0,0,1,0,0,0,0,7,4,4,2,16.0,5,2,3,3,6,0.4681,47,19,71,893,TelcoQA
SELECT,12.0,1,0,1,0,0,4,0,0,1,0,1,0,0,0,1,0,0,0,0,7,4,6,2,19.0,6,3,12,3,5,0.3182,66,30,110,1519,TelcoQA
SELECT,12.0,0,0,1,0,0,4,0,0,1,0,1,0,0,0,1,0,0,0,0,7,4,4,2,16.0,5,2,3,3,6,0.4681,47,19,71,893,TelcoQA
ASK,1.5,0,0,1,0,0,1,0,0,0,0,0,0,0,0,0,0,0,0,0,1,1,1,2,5.5,3,6,1,3,5,0.4722,36,19,58,719,TelcoQA
SELECT,16.5,0,1,1,1,1,3,0,0,1,0,1,0,0,0,1,0,2,0,0,10,7,9,3,30.5,13,21,7,4,6,0.2857,119,38,184,2054,TelcoQA
SELECT,12.0,1,0,1,0,0,4,0,0,1,0,1,0,0,0,1,0,0,0,0,7,4,5,2,17.5,6,3,6,3,6,0.3793,58,25,89,1227,TelcoQA
SELECT,13.0,0,0,1,2,0,2,0,0,1,0,1,0,0,0,1,0,0,0,0,7,5,4,2,18.0,5,2,3,5,6,0.4151,53,21,71,955,TelcoQA
SELECT,15.0,0,1,1,0,1,4,0,0,1,0,1,0,0,0,1,0,0,0,0,8,5,5,2,19.5,5,2,4,4,5,0.463,54,20,81,1007,TelcoQA
SELECT,22.0,2,0,1,5,0,4,0,0,1,0,1,0,0,0,1,0,0,0,0,12,5,5,2,19.5,8,8,5,3,6,0.3514,74,29,125,1411,TelcoQA
SELECT,12.0,0,0,1,0,0,4,0,0,1,0,1,0,0,0,1,0,0,0,0,7,4,4,2,16.0,4,2,3,3,5,0.4565,46,18,68,839,TelcoQA
SELECT,12.0,0,0,1,0,0,4,0,0,1,0,1,0,0,0,1,0,0,0,0,7,4,4,2,16.0,5,2,3,3,6,0.4565,46,19,71,891,TelcoQA
SELECT,12.0,0,0,1,0,0,4,0,0,1,0,1,0,0,0,1,0,0,0,0,7,4,4,2,16.0,5,2,3,3,6,0.4681,47,19,71,893,TelcoQA
SELECT,16.5,0,1,1,1,1,3,0,0,1,0,1,0,0,0,1,0,2,0,0,10,7,6,3,26.0,7,5,10,4,6,0.3021,96,34,121,1683,TelcoQA
SELECT,13.5,0,1,1,0,1,3,0,0,1,0,1,0,0,0,1,0,0,0,0,7,5,4,2,18.0,6,3,4,3,6,0.4259,54,21,81,1029,TelcoQA
ASK,1.5,0,0,1,0,0,1,0,0,0,0,0,0,0,0,0,0,0,0,0,1,1,2,2,7.0,5,4,4,5,5,0.4792,48,22,66,918,TelcoQA
SELECT,13.5,0,0,1,1,0,3,0,0,1,0,1,0,0,0,1,0,2,0,0,9,6,5,2,21.5,5,3,2,4,6,0.3833,60,23,81,1103,TelcoQA
SELECT,7.5,0,0,1,0,0,1,0,0,1,0,1,0,0,0,1,0,0,0,0,4,4,7,2,20.5,15,18,7,8,5,0.2764,123,44,154,2042,TelcoQA
SELECT,18.0,0,1,1,1,1,4,0,0,1,0,1,0,0,0,1,0,2,0,0,11,7,6,3,26.0,7,6,3,5,6,0.3506,77,29,112,1446,TelcoQA
SELECT,24.0,0,1,1,1,1,8,0,0,1,0,1,0,0,0,1,0,2,0,0,15,7,8,2,28.0,16,21,12,8,6,0.2803,157,56,225,2618,TelcoQA
SELECT,12.0,0,0,1,0,0,4,0,0,1,0,1,0,0,0,1,0,0,0,0,7,4,4,2,16.0,5,2,3,3,5,0.4681,47,18,68,846,TelcoQA
SELECT,16.5,0,1,1,1,1,3,0,0,1,0,1,0,0,0,1,0,2,0,0,10,7,6,2,25.0,8,5,8,4,6,0.359,78,32,113,1571,TelcoQA
SELECT,12.0,0,0,1,0,0,4,0,0,1,0,1,0,0,0,1,0,0,0,0,7,4,4,2,16.0,5,2,4,3,5,0.4889,45,19,72,885,TelcoQA
ASK,10.5,0,0,1,0,0,1,3,0,0,0,0,0,0,0,0,0,0,0,0,4,2,7,2,16.5,7,34,7,8,6,0.183,153,45,221,2415,TelcoQA
SELECT,24.0,0,1,1,1,1,4,2,0,1,0,1,0,0,0,1,0,2,0,0,13,8,10,2,33.0,10,18,5,5,5,0.3039,102,36,175,1840,TelcoQA
SELECT,19.5,0,0,1,1,0,7,0,0,1,0,1,0,0,0,1,0,2,0,0,13,6,8,2,26.0,10,9,5,7,6,0.3299,97,35,141,1697,TelcoQA
SELECT,22.5,0,1,1,1,2,5,0,0,1,0,1,0,0,0,1,0,2,0,0,13,7,8,4,30.0,11,21,13,6,6,0.2238,143,56,209,2672,TelcoQA
SELECT,27.0,0,0,1,1,0,12,0,0,1,0,1,0,0,0,1,0,2,0,0,18,6,14,2,35.0,21,28,29,10,5,0.2356,225,80,312,4034,TelcoQA
ASK,1.5,0,0,1,0,0,1,0,0,0,0,0,0,0,0,0,0,0,0,0,1,1,2,2,7.0,3,3,1,4,5,0.5,42,17,50,733,TelcoQA
SELECT,13.5,0,0,1,1,0,3,0,0,1,0,1,0,0,0,1,0,2,0,0,9,6,4,2,20.0,5,5,2,4,6,0.3676,68,25,91,1144,TelcoQA
SELECT,12.0,0,0,1,0,0,4,0,0,1,0,1,0,0,0,1,0,0,0,0,7,4,4,2,16.0,5,2,3,3,5,0.4681,47,18,68,846,TelcoQA
SELECT,12.0,0,0,1,0,0,4,0,0,1,0,1,0,0,0,1,0,0,0,0,7,4,4,2,16.0,5,2,3,3,6,0.4681,47,19,71,893,TelcoQA
SELECT,12.0,0,0,1,0,0,4,0,0,1,0,1,0,0,0,1,0,0,0,0,7,4,4,2,16.0,5,2,3,3,5,0.4681,47,18,68,846,TelcoQA
SELECT,10.5,0,0,1,0,0,3,0,0,1,0,1,0,0,0,1,0,0,0,0,6,4,4,2,16.0,5,2,3,3,6,0.4681,47,19,68,915,TelcoQA
ASK,7.5,0,0,1,0,0,1,2,0,0,0,0,0,0,0,0,0,0,0,0,3,2,4,2,12.0,6,9,4,4,5,0.4035,57,26,92,1034,TelcoQA
SELECT,16.5,0,1,1,1,1,3,0,0,1,0,1,0,0,0,1,0,2,0,0,10,7,6,3,26.0,6,4,2,4,6,0.4032,62,25,94,1164,TelcoQA
SELECT,44.0,2,0,1,10,0,4,4,0,1,0,1,0,0,0,1,0,0,0,0,21,6,15,2,36.5,15,34,10,4,5,0.2317,164,43,281,2742,TelcoQA
ASK,1.5,0,0,1,0,0,1,0,0,0,0,0,0,0,0,0,0,0,0,0,1,1,3,2,8.5,7,9,1,3,6,0.4,50,23,73,933,TelcoQA
SELECT,13.5,0,0,1,1,0,3,0,0,1,0,1,0,0,0,1,0,2,0,0,9,6,6,2,23.0,6,5,2,4,6,0.3623,69,25,91,1185,TelcoQA
SELECT,16.0,0,0,1,2,0,4,0,0,1,0,1,0,0,0,1,0,0,0,0,9,5,6,2,21.0,7,2,5,5,6,0.4219,64,23,90,1060,TelcoQA
SELECT,12.0,1,0,1,0,0,4,0,0,1,0,1,0,0,0,1,0,0,0,0,7,4,6,2,19.0,9,3,10,3,5,0.3478,69,28,102,1470,TelcoQA
ASK,1.5,0,0,1,0,0,1,0,0,0,0,0,0,0,0,0,0,0,0,0,1,1,4,2,10.0,9,16,1,3,5,0.3235,68,29,98,1168,TelcoQA
SELECT,7.5,0,0,1,0,0,1,0,0,1,0,1,0,0,0,1,0,0,0,0,4,4,3,2,14.5,3,2,2,3,5,0.4634,41,17,53,724,TelcoQA
SELECT,15.0,0,0,1,1,0,4,0,0,1,0,1,0,0,0,1,0,2,0,0,10,6,9,2,27.5,11,7,8,5,5,0.35,100,33,120,1638,TelcoQA
SELECT,28.5,0,0,1,1,0,7,3,0,1,0,1,0,0,0,1,0,2,0,0,16,7,10,2,31.0,18,34,23,6,5,0.2339,171,60,299,3484,TelcoQA
SELECT,12.0,1,0,1,0,0,4,0,0,1,0,1,0,0,0,1,0,0,0,0,7,4,5,2,17.5,5,3,6,3,5,0.35,60,24,86,1284,TelcoQA
SELECT,22.5,0,1,1,1,2,3,1,0,1,0,1,0,0,0,1,0,2,0,0,12,8,5,4,27.5,9,9,6,4,6,0.3214,84,34,136,1692,TelcoQA
SELECT,15.0,0,0,1,1,0,4,0,0,1,0,1,0,0,0,1,0,2,0,0,10,6,6,2,23.0,6,6,4,5,6,0.321,81,29,106,1443,TelcoQA
ASK,1.5,0,0,1,0,0,1,0,0,0,0,0,0,0,0,0,0,0,0,0,1,1,6,2,13.0,10,25,0,3,6,0.2683,82,38,133,1467,TelcoQA
SELECT,15.0,0,0,1,3,0,2,0,0,1,0,1,0,0,0,1,0,0,0,0,8,5,4,2,18.0,5,2,4,6,5,0.44,50,22,77,951,TelcoQA
SELECT,21.0,0,0,1,1,0,4,2,0,1,0,1,0,0,0,1,0,2,0,0,12,7,12,2,34.0,15,17,17,5,5,0.25,156,47,200,2539,TelcoQA
SELECT,23.0,0,0,1,1,0,4,3,0,1,0,1,0,0,0,1,0,0,0,0,11,6,10,2,29.0,11,13,11,4,6,0.287,115,31,165,1741,TelcoQA
ASK,4.5,0,1,1,0,1,1,0,0,0,0,0,0,0,0,0,0,0,0,0,2,2,2,2,9.0,5,7,2,6,6,0.4035,57,26,87,1112,TelcoQA
ASK,1.5,0,0,1,0,0,1,0,0,0,0,0,0,0,0,0,0,0,0,0,1,1,3,2,8.5,6,7,3,6,5,0.4211,57,25,76,1072,TelcoQA
SELECT,12.0,0,0,1,0,0,4,0,0,1,0,1,0,0,0,1,0,0,0,0,7,4,4,2,16.0,4,2,3,3,6,0.4565,46,19,71,886,TelcoQA
ASK,1.5,0,0,1,0,0,1,0,0,0,0,0,0,0,0,0,0,0,0,0,1,1,3,2,8.5,8,11,1,3,5,0.3818,55,24,78,913,TelcoQA
SELECT,10.5,0,1,1,0,1,1,0,0,1,0,1,0,0,0,1,0,0,0,0,5,5,2,3,16.0,10,8,5,7,5,0.4133,75,31,107,1366,TelcoQA
SELECT,13.5,0,1,1,0,1,3,0,0,1,0,1,0,0,0,1,0,0,0,0,7,5,4,2,18.0,6,3,4,3,6,0.4681,47,21,81,1000,TelcoQA
SELECT,13.0,0,0,1,2,0,2,0,0,1,0,1,0,0,0,1,0,0,0,0,7,5,4,2,18.0,5,2,3,5,5,0.434,53,20,68,926,TelcoQA
ASK,1.5,0,0,1,0,0,1,0,0,0,0,0,0,0,0,0,0,0,0,0,1,1,5,2,11.5,9,17,1,3,5,0.3333,63,30,102,1115,TelcoQA
SELECT,28.5,0,0,1,1,0,7,3,0,1,0,1,0,0,0,1,0,2,0,0,16,7,9,2,29.5,9,19,10,8,6,0.2263,137,44,217,2506,TelcoQA
ASK,1.5,0,0,1,0,0,1,0,0,0,0,0,0,0,0,0,0,0,0,0,1,1,5,2,11.5,11,21,0,3,6,0.2987,77,34,117,1351,TelcoQA
SELECT,24.0,0,1,1,1,3,4,0,0,1,0,1,0,0,0,1,0,2,0,0,13,7,6,5,28.0,7,5,3,5,5,0.4242,66,28,120,1374,TelcoQA
SELECT,13.0,0,0,1,2,0,2,0,0,1,0,1,0,0,0,1,0,0,0,0,7,5,4,2,18.0,5,2,3,5,5,0.4118,51,20,68,907,TelcoQA
SELECT,12.0,1,0,1,0,0,4,0,0,1,0,1,0,0,0,1,0,0,0,0,7,4,5,2,17.5,8,3,8,3,5,0.375,64,26,94,1338,TelcoQA
SELECT,7.5,0,0,1,0,0,1,0,0,1,0,1,0,0,0,1,0,0,0,0,4,4,2,2,13.0,5,3,3,5,5,0.4565,46,22,67,964,TelcoQA
SELECT,13.5,0,0,1,1,0,3,0,0,1,0,1,0,0,0,1,0,2,0,0,9,6,6,2,23.0,9,13,5,4,5,0.2842,95,31,132,1662,TelcoQA
SELECT,19.5,0,1,1,1,1,5,0,0,1,0,1,0,0,0,1,0,2,0,0,12,7,4,2,22.0,6,10,8,6,5,0.3617,94,37,148,1626,TelcoQA
SELECT,13.0,0,0,1,2,0,2,0,0,1,0,1,0,0,0,1,0,0,0,0,7,5,4,2,18.0,5,2,3,5,5,0.4681,47,20,68,872,TelcoQA
SELECT,12.0,0,0,1,1,0,2,0,0,1,0,1,0,0,0,1,0,2,0,0,8,6,3,2,18.5,4,2,2,3,5,0.3846,52,21,66,948,TelcoQA
ASK,19.5,0,1,1,0,1,1,5,0,0,0,0,0,0,0,0,0,0,0,0,7,3,10,2,23.0,13,53,23,6,6,0.1441,222,65,349,4086,TelcoQA
SELECT,10.5,0,1,1,0,1,1,0,0,1,0,1,0,0,0,1,0,0,0,0,5,5,5,2,19.5,12,17,5,5,5,0.2745,102,38,132,1704,TelcoQA
SELECT,15.0,0,0,1,3,0,2,0,0,1,0,1,0,0,0,1,0,0,0,0,8,5,5,2,19.5,6,2,4,6,5,0.4262,61,22,77,1044,TelcoQA
ASK,1.5,0,0,1,0,0,1,0,0,0,0,0,0,0,0,0,0,0,0,0,1,1,5,2,11.5,12,21,0,3,6,0.32,75,34,117,1322,TelcoQA
SELECT,15.0,0,1,1,0,1,4,0,0,1,0,1,0,0,0,1,0,0,0,0,8,5,5,2,19.5,6,2,4,4,5,0.4727,55,20,81,1014,TelcoQA
ASK,1.5,0,0,1,0,0,1,0,0,0,0,0,0,0,0,0,0,0,0,0,1,1,3,2,8.5,11,22,1,3,5,0.3,80,35,122,1343,TelcoQA
SELECT,7.5,0,0,1,0,0,1,0,0,1,0,1,0,0,0,1,0,0,0,0,4,4,3,2,14.5,3,2,2,3,5,0.4634,41,17,53,724,TelcoQA
SELECT,12.0,0,0,1,0,0,4,0,0,1,0,1,0,0,0,1,0,0,0,0,7,4,4,2,16.0,4,2,3,3,5,0.4565,46,18,68,839,TelcoQA
SELECT,12.0,0,0,1,0,0,4,0,0,1,0,1,0,0,0,1,0,0,0,0,7,4,4,2,16.0,4,2,3,3,5,0.4565,46,18,68,839,TelcoQA
ASK,13.5,0,1,1,0,4,1,0,0,0,0,0,0,0,0,0,0,0,0,0,5,2,3,4,12.5,13,5,12,8,5,0.38,100,37,130,1831,TelcoQA
SELECT,15.0,0,1,1,0,1,4,0,0,1,0,1,0,0,0,1,0,0,0,0,8,5,5,2,19.5,5,2,4,4,5,0.463,54,20,81,1007,TelcoQA
SELECT,33.0,0,1,1,1,2,6,3,0,1,0,1,0,0,0,1,0,2,0,0,17,8,10,3,34.0,17,52,19,7,5,0.2256,195,63,373,3800,TelcoQA
SELECT,25.5,0,0,1,1,0,5,3,0,1,0,1,0,0,0,1,0,2,0,0,14,7,8,2,28.0,8,17,6,6,6,0.2522,115,40,181,2113,TelcoQA
SELECT,17.0,0,0,1,4,0,2,0,0,1,0,1,0,0,0,1,0,0,0,0,9,5,6,2,21.0,7,2,5,7,5,0.3731,67,24,85,1104,TelcoQA
ASK,1.5,0,0,1,0,0,1,0,0,0,0,0,0,0,0,0,0,0,0,0,1,1,5,2,11.5,8,17,1,3,6,0.2941,68,31,105,1202,TelcoQA
SELECT,19.5,0,1,1,1,1,5,0,0,1,0,1,0,0,0,1,0,2,0,0,12,7,7,3,27.5,8,7,1,6,6,0.3704,81,29,119,1451,TelcoQA
SELECT,10.5,0,1,1,0,1,1,0,0,1,0,1,0,0,0,1,0,0,0,0,5,5,6,3,22.0,15,16,11,9,5,0.2881,118,48,163,2267,TelcoQA
SELECT,12.0,0,0,1,0,0,4,0,0,1,0,1,0,0,0,1,0,0,0,0,7,4,4,2,16.0,4,2,3,3,5,0.4565,46,18,68,839,TelcoQA
SELECT,13.0,0,0,1,2,0,2,0,0,1,0,1,0,0,0,1,0,0,0,0,7,5,4,2,18.0,5,2,3,5,6,0.4681,47,21,73,908,TelcoQA
SELECT,21.0,0,0,1,1,0,8,0,0,1,0,1,0,0,0,1,0,2,0,0,14,6,11,2,30.5,15,24,8,9,6,0.2375,160,55,220,2563,TelcoQA
SELECT,12.0,0,0,1,0,0,4,0,0,1,0,1,0,0,0,1,0,0,0,0,7,4,4,2,16.0,4,2,3,3,5,0.4565,46,18,68,839,TelcoQA
ASK,4.5,0,1,1,0,1,1,0,0,0,0,0,0,0,0,0,0,0,0,0,2,2,2,3,10.0,7,4,6,5,6,0.4091,66,26,79,1262,TelcoQA
SELECT,22.5,0,0,1,1,0,3,3,0,1,0,1,0,0,0,1,0,2,0,0,12,7,7,2,26.5,9,19,4,4,5,0.2589,112,35,168,1764,TelcoQA
ASK,7.5,0,1,1,0,2,1,0,0,0,0,0,0,0,0,0,0,0,0,0,3,2,3,4,12.5,7,5,6,5,5,0.375,64,27,84,1358,TelcoQA
SELECT,19.5,0,0,1,1,0,7,0,0,1,0,1,0,0,0,1,0,2,0,0,13,6,8,2,26.0,13,13,7,6,5,0.3214,112,39,157,1875,TelcoQA
SELECT,12.0,0,0,1,0,0,4,0,0,1,0,1,0,0,0,1,0,0,0,0,7,4,4,2,16.0,5,2,3,3,6,0.4681,47,19,71,893,TelcoQA
SELECT,7.5,0,0,1,0,0,1,0,0,1,0,1,0,0,0,1,0,0,0,0,4,4,4,2,16.0,5,5,2,5,5,0.3934,61,23,73,1062,TelcoQA
SELECT,33.0,0,1,1,1,3,10,0,0,1,0,1,0,0,0,1,0,2,0,0,19,7,13,4,37.5,17,21,19,10,6,0.3041,171,66,271,3182,TelcoQA
SELECT,7.5,0,0,1,0,0,1,0,0,1,0,1,0,0,0,1,0,0,0,0,4,4,4,2,16.0,10,12,3,7,6,0.4133,75,34,119,1474,TelcoQA
SELECT,13.5,0,1,1,0,1,3,0,0,1,0,1,0,0,0,1,0,0,0,0,7,5,4,2,18.0,6,3,4,3,6,0.4681,47,21,81,995,TelcoQA
SELECT,13.5,0,0,1,1,0,3,0,0,1,0,1,0,0,0,1,0,2,0,0,9,6,6,2,23.0,11,6,8,4,5,0.3836,73,31,107,1436,TelcoQA
SELECT,12.0,0,0,1,1,0,2,0,0,1,0,1,0,0,0,1,0,2,0,0,8,6,3,2,18.5,4,2,1,3,5,0.4,50,20,64,898,TelcoQA
SELECT,30.0,0,1,1,1,1,6,3,0,1,0,1,0,0,0,1,0,2,0,0,16,8,11,3,35.5,14,36,19,6,6,0.186,215,59,304,3536,TelcoQA
SELECT,14.0,0,0,1,1,0,4,0,0,1,0,1,0,0,0,1,0,0,0,0,8,5,8,2,24.0,8,2,7,4,6,0.4265,68,24,94,1119,TelcoQA
SELECT,13.5,0,1,1,0,1,3,0,0,1,0,1,0,0,0,1,0,0,0,0,7,5,4,2,18.0,5,3,4,3,5,0.4348,46,20,78,951,TelcoQA
SELECT,34.5,0,1,1,1,6,5,0,0,1,0,1,0,0,0,1,0,2,0,0,17,7,8,8,34.0,11,18,16,6,6,0.2483,145,60,233,3028,TelcoQA
SELECT,28.5,0,0,1,1,0,13,0,0,1,0,1,0,0,0,1,0,2,0,0,19,6,7,2,24.5,10,13,6,13,5,0.3077,130,45,197,2330,TelcoQA
SELECT,10.5,0,1,1,0,1,1,0,0,1,0,1,0,0,0,1,0,0,0,0,5,5,3,3,17.5,6,10,6,5,5,0.3768,69,33,111,1413,TelcoQA
SELECT,16.5,0,0,1,1,0,5,0,0,1,0,1,0,0,0,1,0,2,0,0,11,6,10,2,29.0,11,17,6,6,6,0.2991,107,43,168,1907,TelcoQA
SELECT,26.5,1,0,1,2,0,5,3,0,1,0,1,0,0,0,1,0,0,0,0,13,6,16,2,38.0,23,90,22,5,6,0.1608,311,36,523,4896,TelcoQA
SELECT,7.5,0,0,1,0,0,1,0,0,1,0,1,0,0,0,1,0,0,0,0,4,4,3,2,14.5,11,9,7,5,5,0.3816,76,32,103,1488,TelcoQA
SELECT,27.0,0,1,1,1,2,8,0,0,1,0,1,0,0,0,1,0,2,0,0,16,7,8,2,28.0,12,11,11,9,6,0.3661,112,45,192,2099,TelcoQA
SELECT,12.0,0,0,1,0,0,4,0,0,1,0,1,0,0,0,1,0,0,0,0,7,4,3,2,14.5,4,2,4,3,5,0.4314,51,19,72,892,TelcoQA
SELECT,15.0,0,1,1,0,1,4,0,0,1,0,1,0,0,0,1,0,0,0,0,8,5,5,2,19.5,6,2,4,4,5,0.4727,55,20,81,1014,TelcoQA
SELECT,19.0,0,0,1,5,0,2,0,0,1,0,1,0,0,0,1,0,0,0,0,10,5,7,2,22.5,8,2,6,8,5,0.3514,74,26,95,1202,TelcoQA
SELECT,12.0,0,0,1,0,0,4,0,0,1,0,1,0,0,0,1,0,0,0,0,7,4,4,2,16.0,5,2,3,3,5,0.4681,47,18,68,846,TelcoQA
ASK,1.5,0,0,1,0,0,1,0,0,0,0,0,0,0,0,0,0,0,0,0,1,1,0,2,4.0,3,4,0,3,5,0.4848,33,16,46,638,TelcoQA
ASK,1.5,0,0,1,0,0,1,0,0,0,0,0,0,0,0,0,0,0,0,0,1,1,1,2,5.5,3,4,1,3,5,0.5,34,17,50,664,TelcoQA
SELECT,11.0,0,0,1,1,0,2,0,0,1,0,1,0,0,0,1,0,0,0,0,6,5,3,2,16.5,4,2,2,4,5,0.4773,44,18,60,828,TelcoQA
SELECT,25.0,0,0,1,8,0,2,0,0,1,0,1,0,0,0,1,0,0,0,0,13,5,10,2,27.0,11,2,9,11,6,0.382,89,33,122,1462,TelcoQA
SELECT,7.5,0,0,1,0,0,1,0,0,1,0,1,0,0,0,1,0,0,0,0,4,4,3,2,14.5,3,2,2,3,5,0.4634,41,17,53,724,TelcoQA
SELECT,12.0,0,0,1,0,0,4,0,0,1,0,1,0,0,0,1,0,0,0,0,7,4,4,2,16.0,5,2,3,3,5,0.4681,47,18,68,851,TelcoQA
SELECT,28.5,0,1,1,1,1,5,3,0,1,0,1,0,0,0,1,0,2,0,0,15,8,10,3,34.0,12,57,14,6,5,0.1584,221,57,372,3978,TelcoQA
SELECT,13.0,0,0,1,2,0,2,0,0,1,0,1,0,0,0,1,0,0,0,0,7,5,4,2,18.0,5,2,3,5,6,0.4118,51,21,71,928,TelcoQA
SELECT,13.5,0,0,1,1,0,3,0,0,1,0,1,0,0,0,1,0,2,0,0,9,6,13,2,33.5,14,55,10,4,6,0.1651,218,58,328,3536,TelcoQA
SELECT,24.0,0,1,1,1,1,4,2,0,1,0,1,0,0,0,1,0,2,0,0,13,8,8,3,31.0,9,17,8,5,6,0.2214,131,41,183,2244,TelcoQA
SELECT,16.5,0,0,1,1,0,5,0,0,1,0,1,0,0,0,1,0,2,0,0,11,6,4,2,20.0,6,3,3,6,5,0.4054,74,25,96,1205,TelcoQA
SELECT,16.5,0,0,1,1,0,5,0,0,1,0,1,0,0,0,1,0,2,0,0,11,6,3,2,18.5,5,2,2,6,5,0.4737,57,23,88,1079,TelcoQA
SELECT,15.0,0,0,1,1,0,4,0,0,1,0,1,0,0,0,1,0,2,0,0,10,6,8,2,26.0,10,7,6,5,5,0.3444,90,31,118,1497,TelcoQA
SELECT,16.5,0,1,1,1,1,3,0,0,1,0,1,0,0,0,1,0,2,0,0,10,7,7,2,26.5,8,21,4,4,6,0.2718,103,35,173,1907,TelcoQA
SELECT,17.0,0,1,1,1,1,4,0,0,1,0,1,0,0,0,1,0,0,0,0,9,6,8,2,26.0,8,3,7,4,6,0.4462,65,25,103,1147,TelcoQA
SELECT,33.0,0,1,1,1,1,8,3,0,1,0,1,0,0,0,1,0,2,0,0,18,8,8,3,31.0,13,18,14,7,5,0.2483,145,47,227,2528,TelcoQA
SELECT,12.0,0,0,1,1,0,2,0,0,1,0,1,0,0,0,1,0,2,0,0,8,6,2,2,17.0,4,1,1,3,5,0.4783,46,20,59,822,TelcoQA
SELECT,18.0,0,0,1,3,0,4,0,0,1,0,1,0,0,0,1,0,0,0,0,10,5,6,2,21.0,7,2,6,6,5,0.4237,59,24,93,1040,TelcoQA
SELECT,21.0,0,1,1,1,2,4,0,0,1,0,1,0,0,0,1,0,2,0,0,12,7,9,4,31.5,11,10,6,4,5,0.31,100,35,140,1748,TelcoQA
SELECT,12.0,0,0,1,0,0,4,0,0,1,0,1,0,0,0,1,0,0,0,0,7,4,4,2,16.0,4,2,3,3,5,0.4565,46,18,68,839,TelcoQA
SELECT,12.0,1,0,1,0,0,4,0,0,1,0,1,0,0,0,1,0,0,0,0,7,4,6,2,19.0,7,3,13,3,6,0.2472,89,32,117,1754,TelcoQA
SELECT,12.0,0,0,1,0,0,4,0,0,1,0,1,0,0,0,1,0,0,0,0,7,4,4,2,16.0,4,2,3,3,5,0.4565,46,18,68,839,TelcoQA
SELECT,18.0,0,1,1,1,1,4,0,0,1,0,1,0,0,0,1,0,2,0,0,11,7,8,2,28.0,8,7,2,5,5,0.3784,74,27,114,1253,TelcoQA
SELECT,7.5,0,0,1,0,0,1,0,0,1,0,1,0,0,0,1,0,0,0,0,4,4,3,2,14.5,3,2,2,3,5,0.4634,41,17,53,724,TelcoQA
SELECT,12.0,0,0,1,0,0,4,0,0,1,0,1,0,0,0,1,0,0,0,0,7,4,4,2,16.0,5,2,3,3,5,0.4681,47,18,68,846,TelcoQA
SELECT,18.0,0,1,1,1,1,4,0,0,1,0,1,0,0,0,1,0,2,0,0,11,7,6,2,25.0,6,4,5,5,5,0.3846,78,28,111,1316,TelcoQA
SELECT,10.5,0,1,1,0,1,1,0,0,1,0,1,0,0,0,1,0,0,0,0,5,5,7,3,23.5,19,15,15,9,6,0.2794,136,52,175,2444,TelcoQA
SELECT,19.5,0,0,1,1,0,7,0,0,1,0,1,0,0,0,1,0,2,0,0,13,6,7,2,24.5,8,6,7,8,5,0.3333,90,34,133,1655,TelcoQA
SELECT,21.0,0,1,1,1,1,6,0,0,1,0,1,0,0,0,1,0,2,0,0,13,7,7,3,27.5,11,7,11,6,5,0.35,100,38,148,1871,TelcoQA
ASK,1.5,0,0,1,0,0,1,0,0,0,0,0,0,0,0,0,0,0,0,0,1,1,4,2,10.0,8,12,1,3,6,0.3793,58,26,85,1052,TelcoQA
SELECT,22.5,0,1,1,1,2,5,0,0,1,0,1,0,0,0,1,0,2,0,0,13,7,7,3,27.5,8,6,7,6,5,0.3222,90,33,132,1639,TelcoQA
SELECT,12.0,0,0,1,0,0,4,0,0,1,0,1,0,0,0,1,0,0,0,0,7,4,4,2,16.0,5,2,4,3,5,0.4783,46,19,72,892,TelcoQA
SELECT,19.5,0,1,1,1,2,3,0,0,1,0,1,0,0,0,1,0,2,0,0,11,7,7,3,27.5,9,15,10,4,5,0.28,100,44,160,2133,TelcoQA
SELECT,7.5,0,0,1,0,0,1,0,0,1,0,1,0,0,0,1,0,0,0,0,4,4,5,2,17.5,7,8,7,4,5,0.375,64,29,95,1204,TelcoQA
ASK,1.5,0,0,1,0,0,1,0,0,0,0,0,0,0,0,0,0,0,0,0,1,1,2,2,7.0,5,8,1,3,5,0.4545,44,21,66,834,TelcoQA
SELECT,25.5,0,1,1,1,1,9,0,0,1,0,1,0,0,0,1,0,2,0,0,16,7,12,2,34.0,13,20,12,10,5,0.2739,157,56,230,2736,TelcoQA
SELECT,7.5,0,0,1,0,0,1,0,0,1,0,1,0,0,0,1,0,0,0,0,4,4,3,2,14.5,3,2,2,3,5,0.4634,41,17,53,724,TelcoQA
SELECT,15.0,0,1,1,0,1,4,0,0,1,0,1,0,0,0,1,0,0,0,0,8,5,5,2,19.5,5,2,4,4,5,0.4545,55,20,81,1018,TelcoQA
SELECT,15.0,0,0,1,1,0,4,0,0,1,0,1,0,0,0,1,0,2,0,0,10,6,10,2,29.0,11,20,7,5,6,0.2821,117,46,176,2047,TelcoQA
SELECT,12.0,0,0,1,0,0,4,0,0,1,0,1,0,0,0,1,0,0,0,0,7,4,4,2,16.0,5,2,3,3,6,0.4681,47,19,71,893,TelcoQA
SELECT,16.5,0,0,1,1,0,5,0,0,1,0,1,0,0,0,1,0,2,0,0,11,6,2,2,17.0,5,3,3,6,5,0.4576,59,25,99,1103,TelcoQA
SELECT,49.5,0,1,1,1,4,9,5,0,1,0,1,0,0,0,1,0,2,0,0,24,8,14,4,41.0,25,88,32,10,6,0.1511,364,90,605,6069,TelcoQA
SELECT,12.0,0,0,1,1,0,2,0,0,1,0,1,0,0,0,1,0,2,0,0,8,6,5,2,21.5,6,4,2,3,5,0.3621,58,23,76,1019,TelcoQA
SELECT,20.0,0,0,1,1,0,4,2,0,1,0,1,0,0,0,1,0,0,0,0,10,6,9,2,27.5,9,10,9,4,5,0.337,92,28,139,1406,TelcoQA
SELECT,13.5,1,0,1,0,0,5,0,0,1,0,1,0,0,0,1,0,0,0,0,8,4,5,2,17.5,6,3,6,3,6,0.3966,58,25,92,1167,TelcoQA
SELECT,7.5,0,0,1,0,0,1,0,0,1,0,1,0,0,0,1,0,0,0,0,4,4,5,2,17.5,16,14,18,9,5,0.3217,115,52,166,2343,TelcoQA
SELECT,12.0,0,0,1,0,0,4,0,0,1,0,1,0,0,0,1,0,0,0,0,7,4,4,2,16.0,5,2,3,3,5,0.4681,47,18,68,846,TelcoQA
SELECT,16.5,0,0,1,1,0,5,0,0,1,0,1,0,0,0,1,0,2,0,0,11,6,7,2,24.5,8,6,5,6,5,0.3516,91,30,115,1508,TelcoQA
SELECT,19.5,0,1,1,1,1,3,1,0,1,0,1,0,0,0,1,0,2,0,0,11,8,5,3,26.5,8,7,2,4,5,0.3881,67,28,110,1320,TelcoQA
SELECT,13.5,0,1,1,0,1,3,0,0,1,0,1,0,0,0,1,0,0,0,0,7,5,4,2,18.0,5,3,4,3,5,0.4878,41,20,78,916,TelcoQA
SELECT,18.0,0,0,1,1,0,6,0,0,1,0,1,0,0,0,1,0,2,0,0,12,6,5,2,21.5,6,3,5,7,5,0.3855,83,28,107,1406,TelcoQA
SELECT,18.0,0,0,1,1,0,6,0,0,1,0,1,0,0,0,1,0,2,0,0,12,6,4,2,20.0,7,4,4,6,5,0.4615,65,27,108,1232,TelcoQA
SELECT,19.5,0,1,1,1,1,3,1,0,1,0,1,0,0,0,1,0,2,0,0,11,8,4,3,25.0,8,13,4,4,5,0.3562,73,31,137,1467,TelcoQA
SELECT,12.0,0,0,1,0,0,4,0,0,1,0,1,0,0,0,1,0,0,0,0,7,4,4,2,16.0,4,2,3,3,5,0.4565,46,18,68,839,TelcoQA
SELECT,15.0,0,1,1,0,1,4,0,0,1,0,1,0,0,0,1,0,0,0,0,8,5,5,2,19.5,5,2,4,4,6,0.463,54,21,84,1054,TelcoQA
SELECT,7.5,0,0,1,0,0,1,0,0,1,0,1,0,0,0,1,0,0,0,0,4,4,2,2,13.0,4,2,5,6,5,0.4583,48,23,70,1028,TelcoQA
SELECT,22.5,0,1,1,1,2,5,0,0,1,0,1,0,0,0,1,0,2,0,0,13,7,8,4,30.0,10,8,5,6,5,0.3263,95,34,135,1737,TelcoQA
SELECT,12.0,0,0,1,0,0,4,0,0,1,0,1,0,0,0,1,0,0,0,0,7,4,4,2,16.0,5,2,3,3,5,0.4681,47,18,68,846,TelcoQA
SELECT,36.0,0,1,1,1,3,6,3,0,1,0,1,0,0,0,1,0,2,0,0,18,8,7,4,30.5,9,19,11,6,6,0.25,140,47,230,2521,TelcoQA
SELECT,15.0,0,0,1,1,0,4,0,0,1,0,1,0,0,0,1,0,2,0,0,10,6,10,2,29.0,15,15,9,5,5,0.2951,122,42,157,2065,TelcoQA
SELECT,21.0,0,1,1,1,2,4,0,0,1,0,1,0,0,0,1,0,2,0,0,12,7,11,4,34.5,13,15,9,5,6,0.3056,108,45,172,2189,TelcoQA
SELECT,22.5,0,1,1,1,2,5,0,0,1,0,1,0,0,0,1,0,2,0,0,13,7,8,2,28.0,8,7,7,6,5,0.3407,91,34,137,1658,TelcoQA
SELECT,18.0,0,1,1,1,1,4,0,0,1,0,1,0,0,0,1,0,2,0,0,11,7,6,3,26.0,11,12,9,5,5,0.3196,97,40,147,1831,TelcoQA
SELECT,12.0,0,0,1,1,0,2,0,0,1,0,1,0,0,0,1,0,2,0,0,8,6,2,2,17.0,5,1,2,3,5,0.4583,48,21,61,883,TelcoQA
SELECT,20.0,0,0,1,4,0,4,0,0,1,0,1,0,0,0,1,0,0,0,0,11,5,8,2,24.0,9,2,7,7,6,0.4058,69,27,106,1231,TelcoQA
SELECT,10.5,0,1,1,0,1,1,0,0,1,0,1,0,0,0,1,0,0,0,0,5,5,2,3,16.0,4,6,4,8,5,0.3731,67,30,99,1362,TelcoQA
SELECT,12.0,0,0,1,0,0,4,0,0,1,0,1,0,0,0,1,0,0,0,0,7,4,4,2,16.0,5,2,3,3,5,0.4681,47,18,68,846,TelcoQA
SELECT,19.5,0,1,1,1,1,5,0,0,1,0,1,0,0,0,1,0,2,0,0,12,7,5,3,24.5,11,6,9,5,6,0.3933,89,35,136,1670,TelcoQA
SELECT,15.5,1,0,1,1,0,5,0,0,1,0,1,0,0,0,1,0,0,0,0,9,5,8,2,24.0,10,2,9,4,5,0.4559,68,26,102,1149,TelcoQA
SELECT,12.0,0,0,1,0,0,4,0,0,1,0,1,0,0,0,1,0,0,0,0,7,4,4,2,16.0,5,2,3,3,6,0.4681,47,19,71,893,TelcoQA
SELECT,13.5,0,1,1,0,2,1,0,0,1,0,1,0,0,0,1,0,0,0,0,6,5,5,4,21.5,19,16,9,9,5,0.3223,121,47,168,2149,TelcoQA
SELECT,27.0,0,1,1,1,2,6,1,0,1,0,1,0,0,0,1,0,2,0,0,15,8,8,4,32.0,11,37,7,6,5,0.2245,147,47,269,2896,TelcoQA
SELECT,15.0,0,1,1,0,1,4,0,0,1,0,1,0,0,0,1,0,0,0,0,8,5,5,2,19.5,5,2,4,4,6,0.463,54,21,84,1054,TelcoQA
SELECT,12.0,0,0,1,0,0,4,0,0,1,0,1,0,0,0,1,0,0,0,0,7,4,4,2,16.0,4,2,3,3,5,0.4565,46,18,68,839,TelcoQA
SELECT,7.5,0,0,1,0,0,1,0,0,1,0,1,0,0,0,1,0,0,0,0,4,4,3,2,14.5,3,2,2,3,5,0.4634,41,17,53,724,TelcoQA
SELECT,12.0,1,0,1,0,0,4,0,0,1,0,1,0,0,0,1,0,0,0,0,7,4,5,2,17.5,10,3,12,3,6,0.3623,69,31,113,1622,TelcoQA
SELECT,10.5,0,1,1,0,1,1,0,0,1,0,1,0,0,0,1,0,0,0,0,5,5,10,2,27.0,31,43,37,11,6,0.256,250,103,356,4603,TelcoQA
SELECT,10.5,0,0,1,0,0,3,0,0,1,0,1,0,0,0,1,0,0,0,0,6,4,4,2,16.0,5,2,3,3,6,0.4783,46,19,68,887,TelcoQA
SELECT,12.0,0,0,1,0,0,4,0,0,1,0,1,0,0,0,1,0,0,0,0,7,4,4,2,16.0,5,2,3,3,6,0.4681,47,19,71,893,TelcoQA
SELECT,25.5,0,1,1,0,1,3,4,0,1,0,1,0,0,0,1,0,0,0,0,11,6,9,2,27.5,12,59,8,3,6,0.2089,158,30,335,2992,TelcoQA
SELECT,21.0,0,0,1,6,0,2,0,0,1,0,1,0,0,0,1,0,0,0,0,11,5,8,2,24.0,9,2,7,9,5,0.3571,84,28,100,1307,TelcoQA
SELECT,22.0,1,1,1,2,1,6,0,0,1,0,1,0,0,0,1,0,0,0,0,12,6,8,2,26.0,10,3,10,5,6,0.4416,77,30,124,1360,TelcoQA
SELECT,12.0,0,0,1,0,0,4,0,0,1,0,1,0,0,0,1,0,0,0,0,7,4,4,2,16.0,5,2,3,3,6,0.4681,47,19,71,893,TelcoQA
SELECT,12.0,1,0,1,0,0,4,0,0,1,0,1,0,0,0,1,0,0,0,0,7,4,7,2,20.5,7,3,14,3,5,0.2727,77,32,118,1695,TelcoQA
SELECT,13.5,1,0,1,0,0,5,0,0,1,0,1,0,0,0,1,0,0,0,0,8,4,5,2,17.5,7,3,6,3,5,0.4237,59,24,89,1149,TelcoQA
SELECT,18.5,0,0,1,4,0,3,0,0,1,0,1,0,0,0,1,0,0,0,0,10,5,7,2,22.5,8,2,6,7,5,0.3784,74,25,96,1202,TelcoQA
SELECT,12.0,0,0,1,0,0,4,0,0,1,0,1,0,0,0,1,0,0,0,0,7,4,4,2,16.0,4,2,3,3,6,0.4565,46,19,71,886,TelcoQA
SELECT,12.0,0,0,1,0,0,4,0,0,1,0,1,0,0,0,1,0,0,0,0,7,4,4,2,16.0,5,2,3,3,5,0.4681,47,18,68,846,TelcoQA
SELECT,15.0,0,0,1,1,0,4,0,0,1,0,1,0,0,0,1,0,2,0,0,10,6,5,2,21.5,5,4,4,5,6,0.3421,76,27,97,1367,TelcoQA
SELECT,7.5,0,0,1,0,0,1,0,0,1,0,1,0,0,0,1,0,0,0,0,4,4,1,2,11.5,4,3,2,5,6,0.4583,48,21,66,880,TelcoQA
SELECT,21.5,0,0,1,4,0,5,0,0,1,0,1,0,0,0,1,0,0,0,0,12,5,9,2,25.5,10,2,8,7,6,0.4189,74,28,112,1267,TelcoQA
SELECT,18.0,0,0,1,1,0,6,0,0,1,0,1,0,0,0,1,0,2,0,0,12,6,6,2,23.0,10,6,13,6,5,0.3366,101,38,136,1871,TelcoQA
SELECT,12.0,0,0,1,0,0,4,0,0,1,0,1,0,0,0,1,0,0,0,0,7,4,4,2,16.0,5,2,3,3,6,0.4681,47,19,71,895,TelcoQA
SELECT,13.0,0,0,1,2,0,2,0,0,1,0,1,0,0,0,1,0,0,0,0,7,5,4,2,18.0,5,2,3,5,6,0.4783,46,21,71,897,TelcoQA
ASK,1.5,0,0,1,0,0,1,0,0,0,0,0,0,0,0,0,0,0,0,0,1,1,2,2,7.0,7,12,1,3,5,0.4118,51,25,82,950,TelcoQA
SELECT,16.5,0,1,1,1,1,3,0,0,1,0,1,0,0,0,1,0,2,0,0,10,7,4,3,23.0,5,4,1,4,6,0.4286,56,24,89,1122,TelcoQA
SELECT,13.5,0,1,1,0,1,3,0,0,1,0,1,0,0,0,1,0,0,0,0,7,5,4,2,18.0,6,3,4,3,5,0.4681,47,20,78,943,TelcoQA
ASK,1.5,0,0,1,0,0,1,0,0,0,0,0,0,0,0,0,0,0,0,0,1,1,0,2,4.0,6,6,0,3,5,0.45,40,18,54,733,TelcoQA
SELECT,10.5,0,1,1,0,1,1,0,0,1,0,1,0,0,0,1,0,0,0,0,5,5,4,3,19.0,11,15,12,7,5,0.2762,105,46,150,2102,TelcoQA
SELECT,36.0,0,1,1,1,1,10,3,0,1,0,1,0,0,0,1,0,2,0,0,20,8,17,2,43.5,25,101,28,10,6,0.1491,409,92,634,6379,TelcoQA
SELECT,21.0,0,1,1,1,2,4,0,0,1,0,1,0,0,0,1,0,2,0,0,12,7,6,3,26.0,10,19,9,5,5,0.3063,111,40,188,2049,TelcoQA
SELECT,13.5,1,0,1,0,0,5,0,0,1,0,1,0,0,0,1,0,0,0,0,8,4,5,2,17.5,6,3,6,3,6,0.434,53,25,92,1131,TelcoQA
SELECT,17.0,0,1,1,1,1,4,0,0,1,0,1,0,0,0,1,0,0,0,0,9,6,8,2,26.0,8,3,7,4,6,0.4058,69,25,103,1177,TelcoQA
SELECT,12.0,0,0,1,0,0,4,0,0,1,0,1,0,0,0,1,0,0,0,0,7,4,4,2,16.0,5,2,3,3,5,0.4681,47,18,68,846,TelcoQA
SELECT,12.0,0,0,1,1,0,2,0,0,1,0,1,0,0,0,1,0,2,0,0,8,6,3,2,18.5,3,2,0,3,5,0.4043,47,20,62,818,TelcoQA
SELECT,15.0,0,0,1,3,0,2,0,0,1,0,1,0,0,0,1,0,0,0,0,8,5,5,2,19.5,6,2,4,6,6,0.3898,59,23,79,1071,TelcoQA
SELECT,12.0,0,0,1,1,0,2,0,0,1,0,1,0,0,0,1,0,2,0,0,8,6,3,2,18.5,3,3,1,3,5,0.3889,54,21,70,872,TelcoQA
SELECT,12.0,0,0,1,1,0,2,0,0,1,0,1,0,0,0,1,0,2,0,0,8,6,5,2,21.5,5,6,2,3,5,0.3929,56,25,86,1060,TelcoQA
SELECT,19.5,0,1,1,1,1,5,0,0,1,0,1,0,0,0,1,0,2,0,0,12,7,4,2,22.0,5,5,3,6,6,0.3684,76,28,118,1404,TelcoQA
ASK,1.5,0,0,1,0,0,1,0,0,0,0,0,0,0,0,0,0,0,0,0,1,1,2,2,7.0,3,4,1,3,5,0.4615,39,17,50,663,TelcoQA
SELECT,16.5,0,0,1,1,0,5,0,0,1,0,1,0,0,0,1,0,2,0,0,11,6,4,2,20.0,5,3,4,6,5,0.4091,66,26,98,1269,TelcoQA
SELECT,16.5,0,0,1,1,0,5,0,0,1,0,1,0,0,0,1,0,2,0,0,11,6,6,2,23.0,6,8,4,6,6,0.3553,76,32,124,1450,TelcoQA
SELECT,21.0,0,1,1,1,2,4,0,0,1,0,1,0,0,0,1,0,2,0,0,12,7,8,4,30.0,9,9,9,5,6,0.2735,117,39,146,1976,TelcoQA
SELECT,15.0,0,0,1,1,0,4,0,0,1,0,1,0,0,0,1,0,2,0,0,10,6,4,2,20.0,5,3,2,5,6,0.4237,59,24,92,1078,TelcoQA
SELECT,12.0,0,0,1,0,0,4,0,0,1,0,1,0,0,0,1,0,0,0,0,7,4,4,2,16.0,5,2,3,3,6,0.4681,47,19,71,893,TelcoQA
SELECT,15.0,0,1,1,0,1,4,0,0,1,0,1,0,0,0,1,0,0,0,0,8,5,5,2,19.5,6,2,4,4,5,0.4727,55,20,81,1014,TelcoQA
ASK,4.5,0,1,1,0,1,1,0,0,0,0,0,0,0,0,0,0,0,0,0,2,2,2,2,9.0,6,6,9,4,5,0.3418,79,29,91,1491,TelcoQA
SELECT,19.5,0,1,1,1,1,5,0,0,1,0,1,0,0,0,1,0,2,0,0,12,7,5,2,23.5,7,4,2,6,5,0.4058,69,26,107,1261,TelcoQA
SELECT,12.0,0,0,1,0,0,4,0,0,1,0,1,0,0,0,1,0,0,0,0,7,4,4,2,16.0,5,2,4,3,5,0.4783,46,19,72,892,TelcoQA
SELECT,15.0,0,0,1,1,0,4,0,0,1,0,1,0,0,0,1,0,2,0,0,10,6,4,2,20.0,4,2,3,5,5,0.4308,65,23,86,1105,TelcoQA
SELECT,19.5,0,1,1,1,1,5,0,0,1,0,1,0,0,0,1,0,2,0,0,12,7,7,2,26.5,9,7,5,6,6,0.3483,89,32,129,1536,TelcoQA
SELECT,22.5,0,1,1,1,1,7,0,0,1,0,1,0,0,0,1,0,2,0,0,14,7,8,2,28.0,14,12,12,7,6,0.3233,133,46,183,2385,TelcoQA
ASK,1.5,0,0,1,0,0,1,0,0,0,0,0,0,0,0,0,0,0,0,0,1,1,3,2,8.5,8,12,11,5,5,0.3077,91,37,116,1590,TelcoQA
ASK,28.5,0,1,1,0,4,1,5,0,0,0,0,0,0,0,0,0,0,0,0,10,3,6,3,18.0,8,15,15,5,5,0.229,131,38,194,1837,TelcoQA
SELECT,7.5,0,0,1,0,0,1,0,0,1,0,1,0,0,0,1,0,0,0,0,4,4,3,2,14.5,3,2,2,3,5,0.4634,41,17,53,724,TelcoQA
ASK,1.5,0,0,1,0,0,1,0,0,0,0,0,0,0,0,0,0,0,0,0,1,1,2,2,7.0,3,5,2,3,6,0.4359,39,21,59,822,TelcoQA
SELECT,28.5,0,1,1,1,2,9,0,0,1,0,1,0,0,0,1,0,2,0,0,17,7,12,3,35.0,17,23,19,8,6,0.2296,196,65,259,3401,TelcoQA
SELECT,25.5,0,0,1,1,0,7,2,0,1,0,1,0,0,0,1,0,2,0,0,15,7,7,2,26.5,8,25,11,8,5,0.2297,148,48,232,2690,TelcoQA
SELECT,16.5,0,0,1,1,0,5,0,0,1,0,1,0,0,0,1,0,2,0,0,11,6,4,2,20.0,5,6,3,6,6,0.3939,66,29,110,1333,TelcoQA
SELECT,18.0,0,0,1,1,0,6,0,0,1,0,1,0,0,0,1,0,2,0,0,12,6,6,2,23.0,14,6,10,6,5,0.3774,106,35,135,1680,TelcoQA
SELECT,12.0,1,0,1,0,0,4,0,0,1,0,1,0,0,0,1,0,0,0,0,7,4,8,2,22.0,16,3,23,3,5,0.24,125,41,154,2599,TelcoQA
SELECT,15.0,0,1,1,0,1,4,0,0,1,0,1,0,0,0,1,0,0,0,0,8,5,5,2,19.5,5,2,4,4,6,0.463,54,21,84,1054,TelcoQA
SELECT,13.5,0,1,1,0,2,1,0,0,1,0,1,0,0,0,1,0,0,0,0,6,5,13,3,32.5,25,31,18,10,6,0.2688,186,71,258,3298,TelcoQA
SELECT,10.5,0,1,1,0,1,1,0,0,1,0,1,0,0,0,1,0,0,0,0,5,5,4,3,19.0,11,23,13,7,6,0.2333,120,56,186,2535,TelcoQA
ASK,1.5,0,0,1,0,0,1,0,0,0,0,0,0,0,0,0,0,0,0,0,1,1,5,2,11.5,14,35,1,3,6,0.2653,98,49,177,1839,TelcoQA
ASK,1.5,0,0,1,0,0,1,0,0,0,0,0,0,0,0,0,0,0,0,0,1,1,1,2,5.5,4,3,1,4,5,0.5,40,17,48,741,TelcoQA
SELECT,18.5,0,0,1,4,0,3,0,0,1,0,1,0,0,0,1,0,0,0,0,10,5,7,2,22.5,8,2,6,7,5,0.4,65,25,92,1103,TelcoQA
SELECT,19.0,1,0,1,2,0,6,0,0,1,0,1,0,0,0,1,0,0,0,0,11,5,8,2,24.0,10,2,10,5,5,0.4595,74,28,112,1237,TelcoQA
SELECT,19.5,0,0,1,1,0,7,0,0,1,0,1,0,0,0,1,0,2,0,0,13,6,10,2,29.0,14,19,11,8,5,0.3154,130,51,201,2310,TelcoQA
SELECT,15.0,0,1,1,0,1,4,0,0,1,0,1,0,0,0,1,0,0,0,0,8,5,5,2,19.5,5,2,4,4,6,0.463,54,21,84,1054,TelcoQA
SELECT,18.0,0,1,1,1,1,4,0,0,1,0,1,0,0,0,1,0,2,0,0,11,7,5,2,23.5,6,3,3,5,5,0.3714,70,25,96,1259,TelcoQA
ASK,1.5,0,0,1,0,0,1,0,0,0,0,0,0,0,0,0,0,0,0,0,1,1,1,2,5.5,4,4,1,3,6,0.4865,37,18,53,722,TelcoQA
SELECT,12.0,0,0,1,0,0,4,0,0,1,0,1,0,0,0,1,0,0,0,0,7,4,4,2,16.0,4,2,3,3,5,0.4565,46,18,68,839,TelcoQA
SELECT,15.0,0,0,1,1,0,4,0,0,1,0,1,0,0,0,1,0,2,0,0,10,6,5,2,21.5,9,4,5,4,5,0.4375,64,26,97,1186,TelcoQA
SELECT,22.5,0,1,1,1,2,5,0,0,1,0,1,0,0,0,1,0,2,0,0,13,7,7,4,28.5,9,12,5,6,6,0.271,107,39,156,1932,TelcoQA
SELECT,12.0,0,0,1,0,0,4,0,0,1,0,1,0,0,0,1,0,0,0,0,7,4,5,2,17.5,6,3,4,3,6,0.3962,53,22,81,1071,TelcoQA
SELECT,7.5,0,0,1,0,0,1,0,0,1,0,1,0,0,0,1,0,0,0,0,4,4,3,2,14.5,3,2,2,3,5,0.4634,41,17,53,724,TelcoQA
SELECT,12.0,0,0,1,0,0,4,0,0,1,0,1,0,0,0,1,0,0,0,0,7,4,4,2,16.0,4,2,3,3,5,0.4565,46,18,68,839,TelcoQA
SELECT,11.0,0,0,1,1,0,2,0,0,1,0,1,0,0,0,1,0,0,0,0,6,5,3,2,16.5,4,2,2,4,6,0.5476,42,19,67,815,TelcoQA
SELECT,11.0,0,0,1,1,0,2,0,0,1,0,1,0,0,0,1,0,0,0,0,6,5,3,2,16.5,4,2,2,4,5,0.4667,45,18,60,814,TelcoQA
SELECT,18.0,0,0,1,1,0,6,0,0,1,0,1,0,0,0,1,0,2,0,0,12,6,13,2,33.5,16,27,14,6,6,0.2167,180,61,235,2831,TelcoQA
SELECT,13.5,0,0,1,1,0,3,0,0,1,0,1,0,0,0,1,0,2,0,0,9,6,5,2,21.5,6,4,1,4,5,0.4074,54,22,81,988,TelcoQA
SELECT,7.5,0,0,1,0,0,1,0,0,1,0,1,0,0,0,1,0,0,0,0,4,4,3,2,14.5,3,2,2,3,5,0.4634,41,17,53,724,TelcoQA
SELECT,19.5,0,1,1,1,2,3,0,0,1,0,1,0,0,0,1,0,2,0,0,11,7,6,4,27.0,7,10,4,4,5,0.266,94,33,126,1645,TelcoQA
SELECT,25.5,0,1,1,1,2,7,0,0,1,0,1,0,0,0,1,0,2,0,0,15,7,12,3,35.0,13,21,10,8,6,0.3165,139,55,229,2457,TelcoQA
SELECT,31.5,0,1,1,1,3,5,2,0,1,0,1,0,0,0,1,0,2,0,0,16,8,8,5,33.0,9,26,8,6,5,0.2391,138,45,236,2758,TelcoQA
SELECT,22.5,0,0,1,1,0,7,1,0,1,0,1,0,0,0,1,0,2,0,0,14,7,9,2,29.5,10,32,10,7,5,0.2125,160,48,248,2768,TelcoQA
SELECT,13.5,0,0,1,1,0,3,0,0,1,0,1,0,0,0,1,0,2,0,0,9,6,4,2,20.0,5,5,2,4,5,0.3333,69,24,90,1248,TelcoQA
SELECT,24.0,0,0,1,1,0,6,2,0,1,0,1,0,0,0,1,0,2,0,0,14,7,7,2,26.5,8,10,4,7,6,0.31,100,35,151,1711,TelcoQA
SELECT,15.0,0,0,1,1,0,4,0,0,1,0,1,0,0,0,1,0,2,0,0,10,6,8,2,26.0,11,8,9,5,5,0.3564,101,35,132,1756,TelcoQA
SELECT,13.5,0,0,1,1,0,3,0,0,1,0,1,0,0,0,1,0,2,0,0,9,6,6,2,23.0,8,6,4,4,5,0.4058,69,27,102,1209,TelcoQA
SELECT,31.5,0,1,1,1,2,5,3,0,1,0,1,0,0,0,1,0,2,0,0,16,8,5,3,26.5,7,21,10,6,5,0.2909,110,42,216,2194,TelcoQA
ASK,1.5,0,0,1,0,0,1,0,0,0,0,0,0,0,0,0,0,0,0,0,1,1,7,2,14.5,16,22,8,9,6,0.3252,123,49,167,2065,TelcoQA
SELECT,13.5,0,0,1,1,0,3,0,0,1,0,1,0,0,0,1,0,2,0,0,9,6,6,2,23.0,10,9,5,4,6,0.3625,80,30,121,1526,TelcoQA
SELECT,14.0,0,0,1,1,0,4,0,0,1,0,1,0,0,0,1,0,0,0,0,8,5,8,2,24.0,8,2,7,4,6,0.4118,68,24,94,1125,TelcoQA
SELECT,12.0,0,0,1,0,0,4,0,0,1,0,1,0,0,0,1,0,0,0,0,7,4,4,2,16.0,5,2,3,3,5,0.4681,47,18,68,846,TelcoQA
SELECT,7.5,0,0,1,0,0,1,0,0,1,0,1,0,0,0,1,0,0,0,0,4,4,3,2,14.5,3,2,2,3,5,0.4634,41,17,53,724,TelcoQA
SELECT,16.5,0,0,1,1,0,5,0,0,1,0,1,0,0,0,1,0,2,0,0,11,6,6,2,23.0,8,4,8,6,5,0.3333,84,31,109,1584,TelcoQA
SELECT,25.5,0,1,1,1,2,5,1,0,1,0,1,0,0,0,1,0,2,0,0,14,8,7,4,30.5,10,9,7,6,5,0.3168,101,36,148,1816,TelcoQA
SELECT,20.0,0,0,1,4,0,4,0,0,1,0,1,0,0,0,1,0,0,0,0,11,5,8,2,24.0,9,2,7,7,6,0.4143,70,27,106,1197,TelcoQA
SELECT,22.5,0,0,1,1,0,3,3,0,1,0,1,0,0,0,1,0,2,0,0,12,7,7,2,26.5,7,27,10,4,5,0.2119,118,41,217,2197,TelcoQA
SELECT,12.0,1,0,1,0,0,4,0,0,1,0,1,0,0,0,1,0,0,0,0,7,4,6,2,19.0,6,3,11,3,5,0.3281,64,29,106,1484,TelcoQA
SELECT,28.5,0,1,1,1,1,5,3,0,1,0,1,0,0,0,1,0,2,0,0,15,8,10,3,34.0,13,51,14,6,5,0.1765,204,56,350,3490,TelcoQA
SELECT,11.0,0,0,1,1,0,2,0,0,1,0,1,0,0,0,1,0,0,0,0,6,5,3,2,16.5,4,2,2,4,5,0.4773,44,18,60,792,TelcoQA
SELECT,16.5,0,1,1,1,1,3,0,0,1,0,1,0,0,0,1,0,2,0,0,10,7,6,3,26.0,9,7,4,4,5,0.3766,77,27,113,1394,TelcoQA
ASK,1.5,0,0,1,0,0,1,0,0,0,0,0,0,0,0,0,0,0,0,0,1,1,1,2,5.5,2,4,1,4,5,0.4286,42,18,54,717,TelcoQA
SELECT,15.0,0,1,1,0,1,4,0,0,1,0,1,0,0,0,1,0,0,0,0,8,5,5,2,19.5,6,2,4,4,5,0.463,54,20,81,1013,TelcoQA
SELECT,10.5,0,1,1,0,1,1,0,0,1,0,1,0,0,0,1,0,0,0,0,5,5,5,3,20.5,13,19,12,7,6,0.2891,128,51,178,2264,TelcoQA
SELECT,27.5,1,0,1,1,0,5,4,0,1,0,1,0,0,0,1,0,0,0,0,13,6,11,2,30.5,16,22,13,4,6,0.2727,132,36,215,2166,TelcoQA
ASK,1.5,0,0,1,0,0,1,0,0,0,0,0,0,0,0,0,0,0,0,0,1,1,4,2,10.0,9,18,1,3,5,0.3143,70,31,106,1268,TelcoQA
SELECT,12.0,0,0,1,0,0,4,0,0,1,0,1,0,0,0,1,0,0,0,0,7,4,4,2,16.0,4,2,3,3,5,0.4565,46,18,68,839,TelcoQA
ASK,1.5,0,0,1,0,0,1,0,0,0,0,0,0,0,0,0,0,0,0,0,1,1,2,2,7.0,3,3,2,3,5,0.475,40,18,50,674,TelcoQA
SELECT,12.0,0,0,1,0,0,4,0,0,1,0,1,0,0,0,1,0,0,0,0,7,4,4,2,16.0,4,2,3,3,5,0.4565,46,18,68,839,TelcoQA
SELECT,15.0,0,1,1,0,1,4,0,0,1,0,1,0,0,0,1,0,0,0,0,8,5,5,2,19.5,6,2,4,4,5,0.4727,55,20,81,1014,TelcoQA
SELECT,7.5,0,0,1,0,0,1,0,0,1,0,1,0,0,0,1,0,0,0,0,4,4,2,2,13.0,4,2,1,4,5,0.5385,39,18,55,793,TelcoQA
SELECT,10.5,0,0,1,0,0,3,0,0,1,0,1,0,0,0,1,0,0,0,0,6,4,4,2,16.0,6,2,3,3,5,0.4681,47,18,65,867,TelcoQA
SELECT,19.5,0,1,1,1,1,5,0,0,1,0,1,0,0,0,1,0,2,0,0,12,7,4,3,23.0,6,3,5,6,6,0.4,70,28,107,1372,TelcoQA
SELECT,12.0,1,0,1,0,0,4,0,0,1,0,1,0,0,0,1,0,0,0,0,7,4,6,2,19.0,15,3,23,3,6,0.299,97,42,157,2326,TelcoQA
SELECT,19.5,0,0,1,1,0,5,1,0,1,0,1,0,0,0,1,0,2,0,0,12,7,6,2,25.0,6,16,5,6,5,0.3253,83,35,158,1763,TelcoQA
SELECT,13.5,0,1,1,0,1,3,0,0,1,0,1,0,0,0,1,0,0,0,0,7,5,4,2,18.0,5,3,4,3,5,0.4878,41,20,78,916,TelcoQA
SELECT,12.0,0,0,1,0,0,4,0,0,1,0,1,0,0,0,1,0,0,0,0,7,4,4,2,16.0,4,2,3,3,6,0.4565,46,19,71,886,TelcoQA
SELECT,12.0,0,0,1,0,0,4,0,0,1,0,1,0,0,0,1,0,0,0,0,7,4,4,2,16.0,5,2,3,3,6,0.4565,46,19,71,892,TelcoQA
SELECT,13.5,0,0,1,1,0,3,0,0,1,0,1,0,0,0,1,0,2,0,0,9,6,6,2,23.0,6,5,6,4,6,0.3571,84,29,104,1410,TelcoQA
SELECT,15.0,0,0,1,1,0,4,0,0,1,0,1,0,0,0,1,0,2,0,0,10,6,4,2,20.0,6,3,1,5,6,0.4032,62,23,88,1083,TelcoQA
SELECT,19.5,0,0,1,1,0,7,0,0,1,0,1,0,0,0,1,0,2,0,0,13,6,6,2,23.0,9,5,8,8,6,0.381,84,35,132,1703,TelcoQA
SELECT,16.5,0,1,1,1,1,3,0,0,1,0,1,0,0,0,1,0,2,0,0,10,7,6,2,25.0,8,6,5,4,6,0.3333,87,30,112,1553,TelcoQA
SELECT,16.5,0,1,1,1,1,3,0,0,1,0,1,0,0,0,1,0,2,0,0,10,7,3,2,20.5,4,2,1,4,5,0.4386,57,21,80,991,TelcoQA
SELECT,12.0,0,0,1,0,0,4,0,0,1,0,1,0,0,0,1,0,0,0,0,7,4,4,2,16.0,5,2,4,3,6,0.48,50,20,75,950,TelcoQA
SELECT,15.0,0,0,1,1,0,4,0,0,1,0,1,0,0,0,1,0,2,0,0,10,6,4,2,20.0,4,5,1,5,5,0.3768,69,24,92,1096,TelcoQA
SELECT,12.0,0,0,1,0,0,4,0,0,1,0,1,0,0,0,1,0,0,0,0,7,4,4,2,16.0,4,2,3,3,5,0.4565,46,18,68,839,TelcoQA
SELECT,16.5,0,0,1,1,0,5,0,0,1,0,1,0,0,0,1,0,2,0,0,11,6,3,2,18.5,7,2,3,6,5,0.5,62,24,94,1107,TelcoQA
SELECT,13.0,0,0,1,2,0,2,0,0,1,0,1,0,0,0,1,0,0,0,0,7,5,4,2,18.0,5,2,3,5,6,0.434,53,21,72,930,TelcoQA
SELECT,18.0,0,1,1,1,1,4,0,0,1,0,1,0,0,0,1,0,2,0,0,11,7,5,3,24.5,6,6,3,5,5,0.4062,64,27,108,1209,TelcoQA
SELECT,10.5,0,1,1,0,1,1,0,0,1,0,1,0,0,0,1,0,0,0,0,5,5,6,3,22.0,11,10,7,6,5,0.3043,92,35,119,1605,TelcoQA
SELECT,22.5,0,1,1,1,2,5,0,0,1,0,1,0,0,0,1,0,2,0,0,13,7,4,3,23.0,7,7,1,6,6,0.3537,82,28,126,1445,TelcoQA
ASK,1.5,0,0,1,0,0,1,0,0,0,0,0,0,0,0,0,0,0,0,0,1,1,2,2,7.0,6,8,3,5,5,0.4098,61,25,78,1048,TelcoQA
SELECT,13.5,0,0,1,1,0,3,0,0,1,0,1,0,0,0,1,0,2,0,0,9,6,2,2,17.0,4,2,2,4,6,0.4035,57,22,75,1043,TelcoQA
SELECT,7.5,0,0,1,0,0,1,0,0,1,0,1,0,0,0,1,0,0,0,0,4,4,2,2,13.0,9,4,5,8,5,0.3718,78,28,91,1287,TelcoQA
SELECT,15.0,0,1,1,0,1,4,0,0,1,0,1,0,0,0,1,0,0,0,0,8,5,5,2,19.5,6,2,4,4,5,0.4727,55,20,81,1014,TelcoQA
SELECT,16.5,0,0,1,1,0,5,0,0,1,0,1,0,0,0,1,0,2,0,0,11,6,4,2,20.0,4,3,1,6,5,0.4,65,23,94,1110,TelcoQA
SELECT,15.0,0,1,1,0,1,4,0,0,1,0,1,0,0,0,1,0,0,0,0,8,5,5,2,19.5,5,2,4,4,6,0.463,54,21,84,1054,TelcoQA
SELECT,18.5,0,0,1,4,0,3,0,0,1,0,1,0,0,0,1,0,0,0,0,10,5,7,2,22.5,8,2,6,7,5,0.3425,73,25,94,1117,TelcoQA
SELECT,16.5,0,1,1,1,1,3,0,0,1,0,1,0,0,0,1,0,2,0,0,10,7,6,2,25.0,10,11,6,4,5,0.3333,84,35,131,1584,TelcoQA
SELECT,12.0,0,0,1,1,0,2,0,0,1,0,1,0,0,0,1,0,2,0,0,8,6,5,2,21.5,5,4,1,3,5,0.3833,60,22,76,1022,TelcoQA
SELECT,15.0,0,1,1,1,1,2,0,0,1,0,1,0,0,0,1,0,2,0,0,9,7,3,3,21.5,5,1,2,3,5,0.4314,51,22,67,975,TelcoQA
SELECT,12.0,0,0,1,0,0,4,0,0,1,0,1,0,0,0,1,0,0,0,0,7,4,4,2,16.0,4,2,3,3,5,0.4565,46,18,68,839,TelcoQA
SELECT,12.0,0,0,1,0,0,4,0,0,1,0,1,0,0,0,1,0,0,0,0,7,4,4,2,16.0,5,2,3,3,5,0.4681,47,18,68,846,TelcoQA
SELECT,15.0,0,1,1,0,1,4,0,0,1,0,1,0,0,0,1,0,0,0,0,8,5,5,2,19.5,5,2,4,4,5,0.463,54,20,81,1007,TelcoQA
SELECT,21.0,0,0,1,1,0,8,0,0,1,0,1,0,0,0,1,0,2,0,0,14,6,10,2,29.0,12,24,9,9,6,0.2819,149,56,230,2478,TelcoQA
SELECT,12.0,0,0,1,1,0,2,0,0,1,0,1,0,0,0,1,0,2,0,0,8,6,4,2,20.0,4,3,2,3,5,0.3729,59,22,73,1012,TelcoQA
SELECT,13.0,0,0,1,2,0,2,0,0,1,0,1,0,0,0,1,0,0,0,0,7,5,4,2,18.0,5,2,3,5,5,0.4314,51,20,68,915,TelcoQA
SELECT,15.0,0,1,1,0,1,4,0,0,1,0,1,0,0,0,1,0,0,0,0,8,5,5,2,19.5,5,2,4,4,5,0.463,54,20,81,1007,TelcoQA
SELECT,18.0,0,0,1,1,0,2,2,0,1,0,1,0,0,0,1,0,2,0,0,10,7,5,2,23.5,5,11,5,3,5,0.3438,64,31,127,1309,TelcoQA
SELECT,25.5,0,1,1,1,1,7,1,0,1,0,1,0,0,0,1,0,2,0,0,15,8,10,3,34.0,12,19,6,7,5,0.2923,130,41,198,2280,TelcoQA
SELECT,12.0,0,0,1,0,0,4,0,0,1,0,1,0,0,0,1,0,0,0,0,7,4,4,2,16.0,5,2,3,3,5,0.4681,47,18,68,846,TelcoQA
SELECT,16.5,0,1,1,1,1,3,0,0,1,0,1,0,0,0,1,0,2,0,0,10,7,6,3,26.0,6,9,6,4,6,0.3291,79,33,121,1572,TelcoQA
SELECT,15.0,0,1,1,0,1,4,0,0,1,0,1,0,0,0,1,0,0,0,0,8,5,5,2,19.5,6,2,4,4,5,0.4727,55,20,81,1014,TelcoQA
SELECT,18.0,0,0,1,3,0,4,0,0,1,0,1,0,0,0,1,0,0,0,0,10,5,7,2,22.5,8,2,6,6,6,0.4262,61,25,95,1097,TelcoQA
SELECT,15.0,0,1,1,0,1,4,0,0,1,0,1,0,0,0,1,0,0,0,0,8,5,5,2,19.5,5,2,4,4,5,0.463,54,20,81,1007,TelcoQA
ASK,4.5,0,1,1,0,1,1,0,0,0,0,0,0,0,0,0,0,0,0,0,2,2,2,3,10.0,5,5,6,6,5,0.463,54,26,82,1121,TelcoQA
SELECT,16.5,0,0,1,3,0,3,0,0,1,0,1,0,0,0,1,0,0,0,0,9,5,6,2,21.0,7,2,5,6,6,0.375,64,24,87,1114,TelcoQA
SELECT,13.5,1,0,1,0,0,5,0,0,1,0,1,0,0,0,1,0,0,0,0,8,4,5,2,17.5,7,3,6,3,6,0.4,65,25,92,1166,TelcoQA
SELECT,19.5,0,1,1,1,1,5,0,0,1,0,1,0,0,0,1,0,2,0,0,12,7,11,2,32.5,11,13,5,6,6,0.3301,103,39,157,1995,TelcoQA
ASK,1.5,0,0,1,0,0,1,0,0,0,0,0,0,0,0,0,0,0,0,0,1,1,2,2,7.0,5,5,3,4,5,0.4419,43,21,60,907,TelcoQA
SELECT,12.0,0,0,1,0,0,4,0,0,1,0,1,0,0,0,1,0,0,0,0,7,4,4,2,16.0,5,2,3,3,5,0.4565,46,18,68,845,TelcoQA
SELECT,10.5,0,0,1,0,0,3,0,0,1,0,1,0,0,0,1,0,0,0,0,6,4,4,2,16.0,6,2,3,3,6,0.5116,43,19,68,886,TelcoQA
SELECT,13.0,0,0,1,2,0,2,0,0,1,0,1,0,0,0,1,0,0,0,0,7,5,4,2,18.0,5,2,3,5,6,0.4681,47,21,71,912,TelcoQA
SELECT,18.0,0,0,1,1,0,6,0,0,1,0,1,0,0,0,1,0,2,0,0,12,6,8,2,26.0,11,13,6,7,5,0.3542,96,39,155,1698,TelcoQA
SELECT,12.0,0,0,1,1,0,2,0,0,1,0,1,0,0,0,1,0,2,0,0,8,6,3,2,18.5,4,2,2,3,5,0.4583,48,21,68,886,TelcoQA
SELECT,17.0,0,0,1,4,0,2,0,0,1,0,1,0,0,0,1,0,0,0,0,9,5,6,2,21.0,7,2,5,7,6,0.4262,61,25,89,1085,TelcoQA
ASK,1.5,0,0,1,0,0,1,0,0,0,0,0,0,0,0,0,0,0,0,0,1,1,2,2,7.0,4,7,5,3,5,0.383,47,25,72,980,TelcoQA
SELECT,12.0,0,0,1,0,0,4,0,0,1,0,1,0,0,0,1,0,0,0,0,7,4,4,2,16.0,5,2,3,3,6,0.4681,47,19,71,893,TelcoQA
ASK,1.5,0,0,1,0,0,1,0,0,0,0,0,0,0,0,0,0,0,0,0,1,1,4,2,10.0,6,13,1,3,5,0.3393,56,26,86,1007,TelcoQA
SELECT,25.5,0,1,1,1,1,3,3,0,1,0,1,0,0,0,1,0,2,0,0,13,8,6,3,28.0,6,17,5,4,5,0.2759,87,35,164,1645,TelcoQA
SELECT,13.0,0,0,1,2,0,2,0,0,1,0,1,0,0,0,1,0,0,0,0,7,5,4,2,18.0,5,2,3,5,5,0.4565,46,20,68,863,TelcoQA
SELECT,15.0,0,0,1,3,0,2,0,0,1,0,1,0,0,0,1,0,0,0,0,8,5,5,2,19.5,6,2,4,6,5,0.4444,54,22,78,958,TelcoQA
SELECT,12.0,0,0,1,0,0,4,0,0,1,0,1,0,0,0,1,0,0,0,0,7,4,4,2,16.0,4,2,3,3,5,0.4565,46,18,68,839,TelcoQA
SELECT,7.5,0,0,1,0,0,1,0,0,1,0,1,0,0,0,1,0,0,0,0,4,4,5,2,17.5,9,13,5,7,5,0.3103,87,36,123,1572,TelcoQA
SELECT,28.5,0,1,1,1,3,7,0,0,1,0,1,0,0,0,1,0,2,0,0,16,7,9,4,31.5,15,23,14,8,5,0.2671,146,61,241,2853,TelcoQA
SELECT,24.0,2,0,1,6,0,4,0,0,1,0,1,0,0,0,1,0,0,0,0,13,5,10,2,27.0,11,7,8,4,6,0.3855,83,31,138,1453,TelcoQA
SELECT,21.0,0,1,1,1,2,4,0,0,1,0,1,0,0,0,1,0,2,0,0,12,7,3,3,21.5,3,2,3,5,5,0.3889,72,25,100,1253,TelcoQA
SELECT,12.0,0,0,1,1,0,2,0,0,1,0,1,0,0,0,1,0,2,0,0,8,6,4,2,20.0,5,3,1,3,5,0.3962,53,21,69,926,TelcoQA
SELECT,15.0,0,0,1,1,0,4,0,0,1,0,1,0,0,0,1,0,2,0,0,10,6,7,2,24.5,8,11,4,5,5,0.3372,86,33,127,1588,TelcoQA
SELECT,19.5,0,1,1,1,1,5,0,0,1,0,1,0,0,0,1,0,2,0,0,12,7,8,2,28.0,9,10,5,6,6,0.3333,108,36,149,1841,TelcoQA
SELECT,15.0,0,1,1,0,1,4,0,0,1,0,1,0,0,0,1,0,0,0,0,8,5,5,2,19.5,6,2,4,4,6,0.4727,55,21,84,1063,TelcoQA
SELECT,7.5,0,0,1,0,0,1,0,0,1,0,1,0,0,0,1,0,0,0,0,4,4,3,2,14.5,3,2,2,3,6,0.4634,41,18,56,771,TelcoQA
SELECT,12.0,0,0,1,1,0,2,0,0,1,0,1,0,0,0,1,0,2,0,0,8,6,2,2,17.0,4,1,1,3,5,0.4565,46,20,59,822,TelcoQA
SELECT,12.0,0,0,1,0,0,4,0,0,1,0,1,0,0,0,1,0,0,0,0,7,4,4,2,16.0,5,2,3,3,5,0.4681,47,18,68,846,TelcoQA
SELECT,15.0,0,1,1,1,1,2,0,0,1,0,1,0,0,0,1,0,2,0,0,9,7,3,3,21.5,5,1,2,3,5,0.4314,51,22,67,978,TelcoQA
SELECT,12.0,0,0,1,1,0,2,0,0,1,0,1,0,0,0,1,0,2,0,0,8,6,3,2,18.5,4,2,2,3,5,0.4255,47,21,66,903,TelcoQA
SELECT,13.5,0,0,1,1,0,3,0,0,1,0,1,0,0,0,1,0,2,0,0,9,6,3,2,18.5,4,2,2,4,6,0.431,58,22,78,1013,TelcoQA
SELECT,13.0,0,0,1,2,0,2,0,0,1,0,1,0,0,0,1,0,0,0,0,7,5,4,2,18.0,5,2,3,5,5,0.4423,52,20,68,870,TelcoQA
SELECT,13.5,0,0,1,1,0,3,0,0,1,0,1,0,0,0,1,0,2,0,0,9,6,4,2,20.0,6,4,3,4,6,0.3871,62,25,88,1175,TelcoQA
ASK,1.5,0,0,1,0,0,1,0,0,0,0,0,0,0,0,0,0,0,0,0,1,1,4,2,10.0,10,20,1,3,5,0.2911,79,33,114,1334,TelcoQA
SELECT,12.5,0,0,1,1,0,3,0,0,1,0,1,0,0,0,1,0,0,0,0,7,5,4,2,18.0,5,2,3,4,5,0.42,50,19,68,866,TelcoQA
SELECT,12.0,0,0,1,0,0,4,0,0,1,0,1,0,0,0,1,0,0,0,0,7,4,4,2,16.0,4,2,3,3,5,0.4565,46,18,68,839,TelcoQA
SELECT,12.0,0,0,1,0,0,4,0,0,1,0,1,0,0,0,1,0,0,0,0,7,4,4,2,16.0,5,2,3,3,5,0.4681,47,18,68,846,TelcoQA
ASK,1.5,0,0,1,0,0,1,0,0,0,0,0,0,0,0,0,0,0,0,0,1,1,2,2,7.0,2,3,1,5,6,0.475,40,19,57,790,TelcoQA
SELECT,18.0,0,0,1,1,0,6,0,0,1,0,1,0,0,0,1,0,2,0,0,12,6,4,2,20.0,10,5,11,6,6,0.3267,101,36,132,1770,TelcoQA
SELECT,12.0,0,0,1,0,0,4,0,0,1,0,1,0,0,0,1,0,0,0,0,7,4,4,2,16.0,5,2,3,3,6,0.4681,47,19,71,893,TelcoQA
SELECT,15.0,0,1,1,0,1,4,0,0,1,0,1,0,0,0,1,0,0,0,0,8,5,5,2,19.5,6,2,4,4,5,0.4727,55,20,81,1023,TelcoQA
SELECT,12.0,0,0,1,0,0,4,0,0,1,0,1,0,0,0,1,0,0,0,0,7,4,4,2,16.0,4,2,3,3,5,0.4565,46,18,68,839,TelcoQA
SELECT,13.5,1,0,1,0,0,5,0,0,1,0,1,0,0,0,1,0,0,0,0,8,4,4,2,16.0,5,3,6,3,5,0.434,53,24,89,1091,TelcoQA
SELECT,15.0,0,0,1,1,0,4,0,0,1,0,1,0,0,0,1,0,2,0,0,10,6,5,2,21.5,6,4,3,5,6,0.3611,72,26,97,1225,TelcoQA
SELECT,10.5,0,0,1,0,0,3,0,0,1,0,1,0,0,0,1,0,0,0,0,6,4,7,2,20.5,7,2,6,3,5,0.4032,62,21,81,973,TelcoQA
SELECT,15.0,0,1,1,0,1,4,0,0,1,0,1,0,0,0,1,0,0,0,0,8,5,5,2,19.5,5,2,4,4,6,0.463,54,21,84,1054,TelcoQA
SELECT,12.0,0,0,1,0,0,4,0,0,1,0,1,0,0,0,1,0,0,0,0,7,4,4,2,16.0,4,2,3,3,5,0.4565,46,18,68,839,TelcoQA
SELECT,13.0,0,0,1,2,0,2,0,0,1,0,1,0,0,0,1,0,0,0,0,7,5,4,2,18.0,5,2,3,5,5,0.4444,45,20,68,874,TelcoQA
SELECT,7.5,0,0,1,0,0,1,0,0,1,0,1,0,0,0,1,0,0,0,0,4,4,3,2,14.5,11,4,8,7,5,0.4412,68,30,98,1361,TelcoQA
SELECT,12.0,0,0,1,1,0,2,0,0,1,0,1,0,0,0,1,0,2,0,0,8,6,4,2,20.0,4,3,1,3,6,0.3571,56,22,74,977,TelcoQA
SELECT,12.0,1,0,1,0,0,4,0,0,1,0,1,0,0,0,1,0,0,0,0,7,4,5,2,17.5,7,3,6,3,5,0.3833,60,24,86,1139,TelcoQA
SELECT,15.0,0,1,1,0,1,4,0,0,1,0,1,0,0,0,1,0,0,0,0,8,5,5,2,19.5,6,2,4,4,5,0.4727,55,20,81,1014,TelcoQA
ASK,1.5,0,0,1,0,0,1,0,0,0,0,0,0,0,0,0,0,0,0,0,1,1,3,2,8.5,6,5,3,5,5,0.4615,52,22,66,949,TelcoQA
SELECT,12.0,0,0,1,1,0,2,0,0,1,0,1,0,0,0,1,0,2,0,0,8,6,4,2,20.0,4,3,2,3,6,0.3774,53,23,74,1036,TelcoQA
SELECT,19.5,0,0,1,1,0,7,0,0,1,0,1,0,0,0,1,0,2,0,0,13,6,10,2,29.0,18,16,23,5,6,0.2603,146,58,208,3024,TelcoQA
SELECT,12.0,1,0,1,0,0,4,0,0,1,0,1,0,0,0,1,0,0,0,0,7,4,5,2,17.5,6,3,6,3,5,0.3492,63,24,86,1266,TelcoQA
ASK,1.5,0,0,1,0,0,1,0,0,0,0,0,0,0,0,0,0,0,0,0,1,1,1,2,5.5,7,6,3,6,6,0.4912,57,25,77,1079,TelcoQA
SELECT,25.5,0,0,1,1,0,3,4,0,1,0,1,0,0,0,1,0,2,0,0,13,7,6,2,25.0,9,11,6,4,6,0.29,100,37,144,1700,TelcoQA
SELECT,15.0,0,1,1,0,1,4,0,0,1,0,1,0,0,0,1,0,0,0,0,8,5,5,2,19.5,6,2,4,4,5,0.4727,55,20,81,1014,TelcoQA
ASK,1.5,0,0,1,0,0,1,0,0,0,0,0,0,0,0,0,0,0,0,0,1,1,0,2,4.0,4,5,0,3,5,0.4737,38,17,50,692,TelcoQA
SELECT,12.0,0,0,1,0,0,4,0,0,1,0,1,0,0,0,1,0,0,0,0,7,4,4,2,16.0,4,2,3,3,5,0.4565,46,18,68,839,TelcoQA
SELECT,10.5,0,0,1,1,0,1,0,0,1,0,1,0,0,0,1,0,2,0,0,7,6,3,2,18.5,6,1,1,3,5,0.4902,51,19,54,861,TelcoQA
SELECT,7.5,0,0,1,0,0,1,0,0,1,0,1,0,0,0,1,0,0,0,0,4,4,3,2,14.5,3,2,2,3,6,0.4634,41,18,56,771,TelcoQA
ASK,22.5,0,1,1,0,4,1,3,0,0,0,0,0,0,0,0,0,0,0,0,8,3,10,5,26.0,16,40,35,11,5,0.184,250,69,367,4166,TelcoQA
ASK,1.5,0,0,1,0,0,1,0,0,0,0,0,0,0,0,0,0,0,0,0,1,1,7,2,14.5,12,50,1,3,6,0.186,129,64,237,2376,TelcoQA
SELECT,13.5,0,0,1,1,0,3,0,0,1,0,1,0,0,0,1,0,2,0,0,9,6,3,2,18.5,4,2,1,4,5,0.4151,53,20,71,953,TelcoQA
SELECT,12.0,0,0,1,0,0,4,0,0,1,0,1,0,0,0,1,0,0,0,0,7,4,4,2,16.0,4,2,3,3,5,0.4565,46,18,68,839,TelcoQA
SELECT,12.0,0,0,1,0,0,4,0,0,1,0,1,0,0,0,1,0,0,0,0,7,4,4,2,16.0,5,2,3,3,5,0.4681,47,18,68,846,TelcoQA
SELECT,13.0,0,0,1,2,0,2,0,0,1,0,1,0,0,0,1,0,0,0,0,7,5,4,2,18.0,5,2,3,5,5,0.4727,55,20,73,925,TelcoQA
SELECT,13.5,0,0,1,1,0,3,0,0,1,0,1,0,0,0,1,0,2,0,0,9,6,5,2,21.5,5,4,2,4,6,0.3636,66,24,88,1136,TelcoQA
SELECT,13.0,0,0,1,2,0,2,0,0,1,0,1,0,0,0,1,0,0,0,0,7,5,4,2,18.0,5,2,3,5,6,0.4667,45,21,71,912,TelcoQA
SELECT,13.5,0,1,1,0,2,1,0,0,1,0,1,0,0,0,1,0,0,0,0,6,5,7,3,23.5,14,33,9,7,5,0.2282,149,61,228,2722,TelcoQA
SELECT,12.0,0,0,1,0,0,4,0,0,1,0,1,0,0,0,1,0,0,0,0,7,4,4,2,16.0,5,2,4,3,5,0.46,50,19,72,935,TelcoQA
ASK,7.5,0,1,1,0,2,1,0,0,0,0,0,0,0,0,0,0,0,0,0,3,2,4,4,14.0,10,6,9,6,5,0.3797,79,32,100,1546,TelcoQA
SELECT,12.0,0,0,1,0,0,4,0,0,1,0,1,0,0,0,1,0,0,0,0,7,4,4,2,16.0,5,2,3,3,6,0.4565,46,19,71,892,TelcoQA
SELECT,22.5,0,1,1,1,2,5,0,0,1,0,1,0,0,0,1,0,2,0,0,13,7,8,3,29.0,10,9,12,6,6,0.2975,121,42,161,2127,TelcoQA
SELECT,12.0,0,0,1,0,0,4,0,0,1,0,1,0,0,0,1,0,0,0,0,7,4,4,2,16.0,4,2,3,3,5,0.4565,46,18,68,839,TelcoQA
SELECT,12.0,0,0,1,0,0,4,0,0,1,0,1,0,0,0,1,0,0,0,0,7,4,4,2,16.0,4,2,3,3,5,0.4565,46,18,68,839,TelcoQA
SELECT,13.5,0,1,1,0,2,1,0,0,1,0,1,0,0,0,1,0,0,0,0,6,5,3,4,18.5,7,5,5,6,5,0.4154,65,29,99,1322,TelcoQA
SELECT,12.0,0,0,1,0,0,4,0,0,1,0,1,0,0,0,1,0,0,0,0,7,4,4,2,16.0,5,2,3,3,5,0.4681,47,18,68,846,TelcoQA
SELECT,13.5,0,0,1,1,0,3,0,0,1,0,1,0,0,0,1,0,2,0,0,9,6,6,2,23.0,6,5,5,4,5,0.3385,65,27,93,1285,TelcoQA
SELECT,15.0,0,1,1,0,1,4,0,0,1,0,1,0,0,0,1,0,0,0,0,8,5,5,2,19.5,6,2,4,4,5,0.4727,55,20,81,1014,TelcoQA
SELECT,12.0,0,0,1,1,0,2,0,0,1,0,1,0,0,0,1,0,2,0,0,8,6,2,2,17.0,4,1,1,3,5,0.4565,46,20,59,826,TelcoQA
SELECT,13.5,0,0,1,1,0,3,0,0,1,0,1,0,0,0,1,0,2,0,0,9,6,5,2,21.5,7,3,5,4,6,0.4098,61,26,87,1241,TelcoQA
SELECT,15.0,0,0,1,1,0,4,0,0,1,0,1,0,0,0,1,0,2,0,0,10,6,9,2,27.5,11,9,8,5,5,0.3143,105,35,130,1840,TelcoQA
SELECT,10.5,0,1,1,0,1,1,0,0,1,0,1,0,0,0,1,0,0,0,0,5,5,3,3,17.5,7,5,4,6,5,0.3382,68,27,89,1292,TelcoQA
SELECT,19.5,0,1,1,1,1,5,0,0,1,0,1,0,0,0,1,0,2,0,0,12,7,5,3,24.5,5,5,5,6,5,0.3596,89,30,118,1550,TelcoQA
SELECT,13.5,0,0,1,1,0,3,0,0,1,0,1,0,0,0,1,0,2,0,0,9,6,5,2,21.5,6,7,3,4,5,0.3472,72,26,101,1314,TelcoQA
SELECT,12.0,0,0,1,0,0,4,0,0,1,0,1,0,0,0,1,0,0,0,0,7,4,4,2,16.0,5,2,3,3,5,0.4681,47,18,68,846,TelcoQA
SELECT,12.5,0,0,1,1,0,3,0,0,1,0,1,0,0,0,1,0,0,0,0,7,5,4,2,18.0,5,2,3,4,5,0.4884,43,19,68,827,TelcoQA
SELECT,18.0,0,1,1,1,1,4,0,0,1,0,1,0,0,0,1,0,2,0,0,11,7,4,3,23.0,5,4,2,5,5,0.3788,66,25,96,1229,TelcoQA
SELECT,22.5,0,1,1,1,1,7,0,0,1,0,1,0,0,0,1,0,2,0,0,14,7,13,3,36.5,17,35,20,7,6,0.2353,187,77,298,3500,TelcoQA
SELECT,12.0,0,0,1,1,0,2,0,0,1,0,1,0,0,0,1,0,2,0,0,8,6,3,2,18.5,3,2,1,3,5,0.4118,51,20,64,930,TelcoQA
SELECT,12.0,0,0,1,1,0,2,0,0,1,0,1,0,0,0,1,0,2,0,0,8,6,2,2,17.0,3,1,0,3,5,0.4651,43,20,57,761,TelcoQA
ASK,1.5,0,0,1,0,0,1,0,0,0,0,0,0,0,0,0,0,0,0,0,1,1,2,2,7.0,4,13,0,3,5,0.3269,52,25,82,998,TelcoQA
SELECT,12.0,0,0,1,0,0,4,0,0,1,0,1,0,0,0,1,0,0,0,0,7,4,4,2,16.0,5,2,3,3,6,0.4681,47,19,71,893,TelcoQA
SELECT,16.5,0,0,1,1,0,5,0,0,1,0,1,0,0,0,1,0,2,0,0,11,6,6,2,23.0,8,6,9,5,5,0.3368,95,33,124,1679,TelcoQA
SELECT,13.0,0,0,1,2,0,2,0,0,1,0,1,0,0,0,1,0,0,0,0,7,5,4,2,18.0,5,2,3,5,5,0.4894,47,20,69,848,TelcoQA
ASK,1.5,0,0,1,0,0,1,0,0,0,0,0,0,0,0,0,0,0,0,0,1,1,2,2,7.0,7,8,1,3,6,0.4082,49,22,69,888,TelcoQA
SELECT,15.0,0,0,1,1,0,4,0,0,1,0,1,0,0,0,1,0,2,0,0,10,6,5,2,21.5,6,4,2,4,5,0.3881,67,23,88,1113,TelcoQA
SELECT,12.0,0,0,1,1,0,2,0,0,1,0,1,0,0,0,1,0,2,0,0,8,6,3,2,18.5,3,2,1,3,5,0.3922,51,20,64,894,TelcoQA
SELECT,15.0,0,1,1,0,1,4,0,0,1,0,1,0,0,0,1,0,0,0,0,8,5,5,2,19.5,6,2,4,4,5,0.4727,55,20,81,1014,TelcoQA
ASK,1.5,0,0,1,0,0,1,0,0,0,0,0,0,0,0,0,0,0,0,0,1,1,1,2,5.5,2,2,1,4,5,0.5135,37,16,46,669,TelcoQA
SELECT,16.5,0,0,1,1,0,5,0,0,1,0,1,0,0,0,1,0,2,0,0,11,6,6,2,23.0,7,5,5,5,5,0.36,75,28,105,1339,TelcoQA
SELECT,15.0,0,1,1,0,1,4,0,0,1,0,1,0,0,0,1,0,0,0,0,8,5,5,2,19.5,5,2,4,4,5,0.463,54,20,81,1007,TelcoQA
SELECT,10.5,0,0,1,0,0,3,0,0,1,0,1,0,0,0,1,0,0,0,0,6,4,4,2,16.0,6,2,3,3,5,0.4681,47,18,65,867,TelcoQA
SELECT,18.0,0,1,1,1,1,4,0,0,1,0,1,0,0,0,1,0,2,0,0,11,7,5,3,24.5,7,5,4,5,5,0.3375,80,28,107,1500,TelcoQA
SELECT,12.0,0,0,1,0,0,4,0,0,1,0,1,0,0,0,1,0,0,0,0,7,4,4,2,16.0,4,2,3,3,6,0.4565,46,19,71,886,TelcoQA
SELECT,12.0,0,0,1,0,0,4,0,0,1,0,1,0,0,0,1,0,0,0,0,7,4,4,2,16.0,4,2,3,3,5,0.4565,46,18,68,839,TelcoQA
ASK,1.5,0,0,1,0,0,1,0,0,0,0,0,0,0,0,0,0,0,0,0,1,1,0,2,4.0,3,1,1,3,5,0.5806,31,14,38,579,TelcoQA
SELECT,18.0,0,0,1,1,0,6,0,0,1,0,1,0,0,0,1,0,2,0,0,12,6,5,2,21.5,8,9,6,7,5,0.3204,103,35,135,1722,TelcoQA
SELECT,13.5,0,0,1,1,0,3,0,0,1,0,1,0,0,0,1,0,2,0,0,9,6,5,2,21.5,6,4,3,4,5,0.3934,61,24,87,1112,TelcoQA
SELECT,12.0,0,0,1,1,0,2,0,0,1,0,1,0,0,0,1,0,2,0,0,8,6,3,2,18.5,3,2,0,3,5,0.4167,48,20,62,859,TelcoQA
SELECT,7.5,0,0,1,0,0,1,0,0,1,0,1,0,0,0,1,0,0,0,0,4,4,3,2,14.5,3,2,2,3,5,0.4634,41,17,53,724,TelcoQA
SELECT,12.0,0,0,1,1,0,2,0,0,1,0,1,0,0,0,1,0,2,0,0,8,6,3,2,18.5,6,1,4,3,5,0.4182,55,23,65,1017,TelcoQA
SELECT,18.0,0,1,1,1,1,4,0,0,1,0,1,0,0,0,1,0,2,0,0,11,7,10,3,32.0,11,11,3,5,5,0.3263,95,33,131,1633,TelcoQA
SELECT,12.0,0,0,1,0,0,4,0,0,1,0,1,0,0,0,1,0,0,0,0,7,4,4,2,16.0,4,2,3,3,5,0.4565,46,18,68,839,TelcoQA
SELECT,18.0,0,0,1,1,0,6,0,0,1,0,1,0,0,0,1,0,2,0,0,12,6,9,2,27.5,13,13,10,6,5,0.3028,109,42,161,2030,TelcoQA
ASK,1.5,0,0,1,0,0,1,0,0,0,0,0,0,0,0,0,0,0,0,0,1,1,2,2,7.0,5,7,1,3,6,0.4,45,23,65,940,TelcoQA
SELECT,12.0,0,0,1,0,0,4,0,0,1,0,1,0,0,0,1,0,0,0,0,7,4,4,2,16.0,4,2,3,3,5,0.4565,46,18,68,839,TelcoQA
SELECT,15.0,0,1,1,0,1,4,0,0,1,0,1,0,0,0,1,0,0,0,0,8,5,5,2,19.5,6,2,4,4,5,0.4727,55,20,81,1014,TelcoQA
SELECT,15.0,0,1,1,0,1,4,0,0,1,0,1,0,0,0,1,0,0,0,0,8,5,5,2,19.5,5,2,4,4,5,0.463,54,20,81,1007,TelcoQA
SELECT,15.5,1,0,1,1,0,5,0,0,1,0,1,0,0,0,1,0,0,0,0,9,5,8,2,24.0,9,2,9,4,5,0.4267,75,26,102,1188,TelcoQA
SELECT,10.5,0,0,1,1,0,1,0,0,1,0,1,0,0,0,1,0,2,0,0,7,6,4,2,20.0,6,1,3,3,5,0.4182,55,21,58,987,TelcoQA
SELECT,21.0,0,1,1,1,2,4,0,0,1,0,1,0,0,0,1,0,2,0,0,12,7,10,3,32.0,12,14,12,5,6,0.3056,108,46,174,2170,TelcoQA
SELECT,12.0,0,0,1,1,0,2,0,0,1,0,1,0,0,0,1,0,2,0,0,8,6,5,2,21.5,6,5,2,3,5,0.3774,53,24,80,1027,TelcoQA
SELECT,15.0,0,1,1,0,1,4,0,0,1,0,1,0,0,0,1,0,0,0,0,8,5,5,2,19.5,6,2,4,4,5,0.4727,55,20,81,1014,TelcoQA
SELECT,12.5,0,0,1,1,0,3,0,0,1,0,1,0,0,0,1,0,0,0,0,7,5,4,2,18.0,5,2,3,4,5,0.5,44,19,68,846,TelcoQA
SELECT,28.0,0,0,1,8,0,4,0,0,1,0,1,0,0,0,1,0,0,0,0,15,5,11,2,28.5,12,2,11,11,6,0.2963,108,35,138,1693,TelcoQA
ASK,7.5,0,0,1,0,0,1,2,0,0,0,0,0,0,0,0,0,0,0,0,3,2,3,2,10.5,6,5,6,5,5,0.3966,58,27,85,1099,TelcoQA
SELECT,12.0,1,0,1,0,0,4,0,0,1,0,1,0,0,0,1,0,0,0,0,7,4,5,2,17.5,7,3,6,3,6,0.4068,59,25,89,1162,TelcoQA
SELECT,18.0,0,1,1,1,1,4,0,0,1,0,1,0,0,0,1,0,2,0,0,11,7,5,3,24.5,7,6,5,5,6,0.3514,74,30,113,1445,TelcoQA
ASK,7.5,0,1,1,0,2,1,0,0,0,0,0,0,0,0,0,0,0,0,0,3,2,2,4,11.0,7,6,7,6,5,0.3125,80,30,94,1540,TelcoQA
ASK,1.5,0,0,1,0,0,1,0,0,0,0,0,0,0,0,0,0,0,0,0,1,1,2,2,7.0,7,8,1,3,5,0.4255,47,21,66,834,TelcoQA
SELECT,10.5,0,1,1,0,1,1,0,0,1,0,1,0,0,0,1,0,0,0,0,5,5,5,3,20.5,10,13,6,6,5,0.3614,83,36,128,1559,TelcoQA
ASK,1.5,0,0,1,0,0,1,0,0,0,0,0,0,0,0,0,0,0,0,0,1,1,0,2,4.0,3,1,2,3,5,0.5625,32,17,40,633,TelcoQA
ASK,1.5,0,0,1,0,0,1,0,0,0,0,0,0,0,0,0,0,0,0,0,1,1,2,2,7.0,5,7,1,3,5,0.4419,43,20,62,773,TelcoQA
SELECT,16.5,0,1,1,1,1,3,0,0,1,0,1,0,0,0,1,0,2,0,0,10,7,6,3,26.0,6,4,1,4,5,0.4,55,23,87,1078,TelcoQA
SELECT,15.0,0,1,1,0,1,4,0,0,1,0,1,0,0,0,1,0,0,0,0,8,5,5,2,19.5,6,2,4,4,5,0.4727,55,20,81,1019,TelcoQA
SELECT,13.0,0,0,1,2,0,2,0,0,1,0,1,0,0,0,1,0,0,0,0,7,5,4,2,18.0,5,2,3,5,5,0.4259,54,20,69,900,TelcoQA
SELECT,12.0,0,0,1,0,0,4,0,0,1,0,1,0,0,0,1,0,0,0,0,7,4,4,2,16.0,5,2,3,3,5,0.4681,47,18,68,851,TelcoQA
SELECT,19.5,0,0,1,1,0,5,1,0,1,0,1,0,0,0,1,0,2,0,0,12,7,5,2,23.5,7,7,1,6,5,0.3797,79,28,118,1320,TelcoQA
SELECT,12.0,0,0,1,0,0,4,0,0,1,0,1,0,0,0,1,0,0,0,0,7,4,4,2,16.0,5,2,3,3,6,0.4681,47,19,71,898,TelcoQA
SELECT,14.0,1,0,1,1,0,4,0,0,1,0,1,0,0,0,1,0,0,0,0,8,5,8,2,24.0,10,2,9,4,5,0.4265,68,26,99,1141,TelcoQA
SELECT,25.5,0,0,1,1,0,5,3,0,1,0,1,0,0,0,1,0,2,0,0,14,7,9,2,29.5,12,19,9,5,6,0.2578,128,42,191,2064,TelcoQA
SELECT,16.5,0,0,1,3,0,3,0,0,1,0,1,0,0,0,1,0,0,0,0,9,5,5,2,19.5,6,2,5,6,5,0.4364,55,23,85,1019,TelcoQA
SELECT,15.0,0,0,1,1,0,4,0,0,1,0,1,0,0,0,1,0,2,0,0,10,6,5,2,21.5,5,4,1,5,5,0.4062,64,23,91,1158,TelcoQA
SELECT,15.0,0,0,1,1,0,4,0,0,1,0,1,0,0,0,1,0,2,0,0,10,6,5,2,21.5,5,3,2,5,5,0.3929,56,23,85,1059,TelcoQA
SELECT,19.5,0,1,1,1,1,5,0,0,1,0,1,0,0,0,1,0,2,0,0,12,7,6,3,26.0,9,6,5,6,5,0.3766,77,31,120,1497,TelcoQA
ASK,1.5,0,0,1,0,0,1,0,0,0,0,0,0,0,0,0,0,0,0,0,1,1,5,2,11.5,9,18,1,3,5,0.3188,69,31,106,1181,TelcoQA
ASK,1.5,0,0,1,0,0,1,0,0,0,0,0,0,0,0,0,0,0,0,0,1,1,0,2,4.0,4,1,2,3,5,0.5278,36,18,40,718,TelcoQA
SELECT,11.0,0,0,1,1,0,2,0,0,1,0,1,0,0,0,1,0,0,0,0,6,5,2,2,15.0,3,2,2,4,5,0.4444,45,18,60,790,TelcoQA
SELECT,18.0,0,0,1,1,0,4,1,0,1,0,1,0,0,0,1,0,2,0,0,11,7,7,2,26.5,9,11,6,5,5,0.2804,107,34,136,1658,TelcoQA
SELECT,12.0,0,0,1,0,0,4,0,0,1,0,1,0,0,0,1,0,0,0,0,7,4,4,2,16.0,4,2,3,3,5,0.4565,46,18,68,839,TelcoQA
SELECT,12.0,0,0,1,0,0,4,0,0,1,0,1,0,0,0,1,0,0,0,0,7,4,4,2,16.0,4,2,3,3,5,0.4565,46,18,68,839,TelcoQA
SELECT,18.0,0,1,1,1,1,4,0,0,1,0,1,0,0,0,1,0,2,0,0,11,7,4,3,23.0,8,5,4,5,5,0.3971,68,28,105,1327,TelcoQA
SELECT,7.5,0,0,1,0,0,1,0,0,1,0,1,0,0,0,1,0,0,0,0,4,4,4,2,16.0,6,9,6,7,5,0.3176,85,33,107,1529,TelcoQA
SELECT,25.5,0,1,1,1,1,7,1,0,1,0,1,0,0,0,1,0,2,0,0,15,8,5,3,26.5,9,15,10,6,5,0.2844,109,40,180,2276,TelcoQA
SELECT,14.5,0,0,1,2,0,3,0,0,1,0,1,0,0,0,1,0,0,0,0,8,5,4,2,18.0,5,2,4,5,5,0.3684,57,21,76,1003,TelcoQA
SELECT,21.0,0,1,1,1,1,6,0,0,1,0,1,0,0,0,1,0,2,0,0,13,7,9,2,29.5,10,10,5,7,5,0.3551,107,35,151,1742,TelcoQA
SELECT,12.0,0,0,1,0,0,4,0,0,1,0,1,0,0,0,1,0,0,0,0,7,4,4,2,16.0,5,2,3,3,6,0.4681,47,19,71,899,TelcoQA
SELECT,13.0,0,0,1,2,0,2,0,0,1,0,1,0,0,0,1,0,0,0,0,7,5,3,2,16.5,4,2,3,5,6,0.4524,42,21,71,894,TelcoQA
SELECT,17.0,0,0,1,4,0,2,0,0,1,0,1,0,0,0,1,0,0,0,0,9,5,6,2,21.0,7,2,5,7,6,0.3788,66,25,87,1153,TelcoQA
SELECT,13.5,0,0,1,1,0,3,0,0,1,0,1,0,0,0,1,0,2,0,0,9,6,3,2,18.5,5,3,1,4,5,0.3934,61,22,79,1062,TelcoQA
ASK,1.5,0,0,1,0,0,1,0,0,0,0,0,0,0,0,0,0,0,0,0,1,1,1,2,5.5,9,8,1,3,5,0.44,50,21,66,860,TelcoQA
SELECT,12.0,1,0,1,0,0,4,0,0,1,0,1,0,0,0,1,0,0,0,0,7,4,5,2,17.5,7,3,6,3,5,0.4068,59,24,86,1105,TelcoQA
SELECT,19.0,0,0,1,5,0,2,0,0,1,0,1,0,0,0,1,0,0,0,0,10,5,7,2,22.5,8,2,6,8,5,0.3649,74,26,93,1141,TelcoQA
SELECT,12.0,0,0,1,1,0,2,0,0,1,0,1,0,0,0,1,0,2,0,0,8,6,5,2,21.5,6,4,3,3,5,0.3898,59,24,82,1033,TelcoQA
SELECT,12.0,0,0,1,1,0,2,0,0,1,0,1,0,0,0,1,0,2,0,0,8,6,2,2,17.0,3,1,0,3,5,0.4651,43,20,57,761,TelcoQA
SELECT,12.0,0,0,1,0,0,4,0,0,1,0,1,0,0,0,1,0,0,0,0,7,4,4,2,16.0,4,2,3,3,5,0.4565,46,18,68,839,TelcoQA
SELECT,13.5,0,0,1,1,0,3,0,0,1,0,1,0,0,0,1,0,2,0,0,9,6,4,2,20.0,5,4,2,4,5,0.4182,55,23,82,1030,TelcoQA
SELECT,12.0,0,0,1,0,0,4,0,0,1,0,1,0,0,0,1,0,0,0,0,7,4,4,2,16.0,5,2,3,3,5,0.4681,47,18,68,846,TelcoQA
SELECT,12.0,0,0,1,0,0,4,0,0,1,0,1,0,0,0,1,0,0,0,0,7,4,4,2,16.0,5,2,3,3,6,0.4468,47,19,71,899,TelcoQA
ASK,1.5,0,0,1,0,0,1,0,0,0,0,0,0,0,0,0,0,0,0,0,1,1,5,2,11.5,8,15,1,3,6,0.3385,65,29,97,1162,TelcoQA
SELECT,11.0,0,0,1,1,0,2,0,0,1,0,1,0,0,0,1,0,0,0,0,6,5,3,2,16.5,4,2,2,4,5,0.4872,39,18,60,778,TelcoQA
SELECT,16.5,0,0,1,1,0,5,0,0,1,0,1,0,0,0,1,0,2,0,0,11,6,8,2,26.0,11,9,6,6,5,0.3673,98,34,134,1671,TelcoQA
SELECT,22.5,0,1,1,1,3,3,0,0,1,0,1,0,0,0,1,0,2,0,0,12,7,8,4,30.0,12,6,6,4,6,0.3294,85,32,123,1609,TelcoQA
SELECT,12.0,0,0,1,1,0,2,0,0,1,0,1,0,0,0,1,0,2,0,0,8,6,2,2,17.0,5,1,2,3,5,0.4583,48,21,61,882,TelcoQA
SELECT,25.0,0,0,1,8,0,2,0,0,1,0,1,0,0,0,1,0,0,0,0,13,5,10,2,27.0,11,2,9,11,5,0.3366,101,32,118,1481,TelcoQA
SELECT,13.5,0,0,1,1,0,3,0,0,1,0,1,0,0,0,1,0,2,0,0,9,6,3,2,18.5,7,4,6,4,5,0.4194,62,27,91,1242,TelcoQA
DESCRIBE,1.5,0,0,1,0,0,1,0,0,0,0,0,0,0,0,0,0,0,0,0,1,1,1,2,5.5,4,1,5,3,5,0.4773,44,20,53,898,TelcoQA
SELECT,27.0,0,0,1,1,0,6,3,0,1,0,1,0,0,0,1,0,2,0,0,15,7,5,2,23.5,6,17,6,7,5,0.2609,115,39,184,2092,TelcoQA
SELECT,19.5,0,1,1,1,1,5,0,0,1,0,1,0,0,0,1,0,2,0,0,12,7,6,3,26.0,7,4,5,5,5,0.3333,81,28,107,1482,TelcoQA
SELECT,16.5,0,1,1,1,1,3,0,0,1,0,1,0,0,0,1,0,2,0,0,10,7,7,3,27.5,8,12,3,4,6,0.2667,90,33,128,1567,TelcoQA
SELECT,12.0,0,0,1,0,0,4,0,0,1,0,1,0,0,0,1,0,0,0,0,7,4,4,2,16.0,4,2,3,3,5,0.4565,46,18,68,839,TelcoQA
SELECT,12.0,0,0,1,0,0,4,0,0,1,0,1,0,0,0,1,0,0,0,0,7,4,4,2,16.0,4,2,3,3,5,0.4565,46,18,68,839,TelcoQA
ASK,1.5,0,0,1,0,0,1,0,0,0,0,0,0,0,0,0,0,0,0,0,1,1,3,2,8.5,5,7,1,3,5,0.4,45,20,62,818,TelcoQA
SELECT,15.0,0,0,1,1,0,4,0,0,1,0,1,0,0,0,1,0,2,0,0,10,6,5,2,21.5,7,4,2,5,6,0.4242,66,25,95,1158,TelcoQA
SELECT,14.0,0,0,1,1,0,4,0,0,1,0,1,0,0,0,1,0,0,0,0,8,5,8,2,24.0,8,2,7,4,6,0.4179,67,24,94,1118,TelcoQA
SELECT,12.0,0,0,1,0,0,4,0,0,1,0,1,0,0,0,1,0,0,0,0,7,4,4,2,16.0,4,2,3,3,5,0.4565,46,18,68,839,TelcoQA
SELECT,15.0,0,0,1,1,0,4,0,0,1,0,1,0,0,0,1,0,2,0,0,10,6,8,2,26.0,9,11,10,5,5,0.2689,119,36,144,2014,TelcoQA
SELECT,12.0,1,0,1,0,0,4,0,0,1,0,1,0,0,0,1,0,0,0,0,7,4,6,2,19.0,7,3,10,3,5,0.2875,80,28,102,1510,TelcoQA
SELECT,20.5,0,0,1,5,0,3,0,0,1,0,1,0,0,0,1,0,0,0,0,11,5,8,2,24.0,9,2,7,8,6,0.4,70,28,104,1254,TelcoQA
SELECT,12.0,0,0,1,0,0,4,0,0,1,0,1,0,0,0,1,0,0,0,0,7,4,4,2,16.0,4,2,3,3,5,0.4565,46,18,68,839,TelcoQA
SELECT,15.0,0,0,1,1,0,4,0,0,1,0,1,0,0,0,1,0,2,0,0,10,6,9,2,27.5,14,11,9,5,5,0.3125,112,38,143,1798,TelcoQA
SELECT,15.0,0,0,1,1,0,4,0,0,1,0,1,0,0,0,1,0,2,0,0,10,6,5,2,21.5,7,7,6,5,6,0.3293,82,32,115,1545,TelcoQA
SELECT,15.0,0,0,1,3,0,2,0,0,1,0,1,0,0,0,1,0,0,0,0,8,5,5,2,19.5,6,2,4,6,6,0.4423,52,23,79,1000,TelcoQA
SELECT,16.5,0,1,1,1,1,3,0,0,1,0,1,0,0,0,1,0,2,0,0,10,7,6,3,26.0,7,5,6,4,6,0.3133,83,30,107,1626,TelcoQA
SELECT,22.5,0,0,1,1,0,3,3,0,1,0,1,0,0,0,1,0,2,0,0,12,7,6,2,25.0,6,11,7,4,6,0.2577,97,35,147,1665,TelcoQA
SELECT,18.0,0,1,1,1,1,4,0,0,1,0,1,0,0,0,1,0,2,0,0,11,7,6,3,26.0,7,11,6,5,6,0.3125,96,33,140,1782,TelcoQA
SELECT,10.5,0,1,1,0,1,1,0,0,1,0,1,0,0,0,1,0,0,0,0,5,5,3,2,16.5,6,8,3,5,5,0.3651,63,27,92,1218,TelcoQA
SELECT,13.5,0,0,1,1,0,3,0,0,1,0,1,0,0,0,1,0,2,0,0,9,6,6,2,23.0,7,8,5,4,5,0.3714,70,30,107,1338,TelcoQA
SELECT,22.5,0,1,1,1,2,5,0,0,1,0,1,0,0,0,1,0,2,0,0,13,7,7,4,28.5,9,9,9,6,5,0.303,99,36,148,1905,TelcoQA
SELECT,12.0,0,0,1,0,0,4,0,0,1,0,1,0,0,0,1,0,0,0,0,7,4,4,2,16.0,4,2,3,3,5,0.4565,46,18,68,839,TelcoQA
SELECT,12.0,0,0,1,0,0,4,0,0,1,0,1,0,0,0,1,0,0,0,0,7,4,4,2,16.0,4,2,3,3,6,0.4565,46,19,71,886,TelcoQA
SELECT,13.0,0,0,1,2,0,2,0,0,1,0,1,0,0,0,1,0,0,0,0,7,5,4,2,18.0,5,2,3,5,6,0.4151,53,21,71,939,TelcoQA
SELECT,13.5,0,0,1,1,0,3,0,0,1,0,1,0,0,0,1,0,2,0,0,9,6,6,2,23.0,8,6,5,3,5,0.3377,77,27,98,1246,TelcoQA
SELECT,7.5,0,0,1,0,0,1,0,0,1,0,1,0,0,0,1,0,0,0,0,4,4,8,2,22.0,16,25,15,7,6,0.2791,129,59,201,2577,TelcoQA
SELECT,18.0,0,0,1,1,0,6,0,0,1,0,1,0,0,0,1,0,2,0,0,12,6,7,2,24.5,8,9,5,7,5,0.3232,99,34,136,1670,TelcoQA
ASK,16.5,0,1,1,0,2,1,3,0,0,0,0,0,0,0,0,0,0,0,0,6,3,6,4,19.0,8,23,13,5,6,0.2057,141,41,199,2253,TelcoQA
SELECT,15.0,0,1,1,0,1,4,0,0,1,0,1,0,0,0,1,0,0,0,0,8,5,5,2,19.5,5,2,4,4,5,0.463,54,20,81,1007,TelcoQA
SELECT,15.0,0,1,1,0,1,4,0,0,1,0,1,0,0,0,1,0,0,0,0,8,5,5,2,19.5,5,2,4,4,5,0.463,54,20,81,1007,TelcoQA
SELECT,60.0,2,0,1,24,0,4,0,0,1,0,1,0,0,0,1,0,0,0,0,31,5,9,2,25.5,12,27,5,3,5,0.2283,127,47,274,2558,TelcoQA
SELECT,12.0,0,0,1,1,0,2,0,0,1,0,1,0,0,0,1,0,2,0,0,8,6,5,2,21.5,6,3,3,3,5,0.4182,55,23,75,987,TelcoQA
SELECT,12.0,0,0,1,1,0,2,0,0,1,0,1,0,0,0,1,0,2,0,0,8,6,4,2,20.0,5,4,4,3,6,0.4151,53,26,86,1085,TelcoQA
SELECT,7.5,0,0,1,0,0,1,0,0,1,0,1,0,0,0,1,0,0,0,0,4,4,1,2,11.5,5,4,1,5,6,0.4167,48,22,68,983,TelcoQA
SELECT,10.5,0,0,1,0,0,3,0,0,1,0,1,0,0,0,1,0,0,0,0,6,4,4,2,16.0,6,2,3,3,6,0.5116,43,19,68,888,TelcoQA
SELECT,7.5,0,0,1,0,0,1,0,0,1,0,1,0,0,0,1,0,0,0,0,4,4,5,2,17.5,9,15,5,7,6,0.3118,93,39,133,1636,TelcoQA
SELECT,15.0,0,1,1,0,1,4,0,0,1,0,1,0,0,0,1,0,0,0,0,8,5,5,2,19.5,6,2,4,4,5,0.4727,55,20,81,1014,TelcoQA
SELECT,22.5,0,1,1,0,1,3,3,0,1,0,1,0,0,0,1,0,0,0,0,10,6,7,2,24.5,11,19,7,3,5,0.2727,99,27,165,1654,TelcoQA
SELECT,13.5,1,0,1,0,0,5,0,0,1,0,1,0,0,0,1,0,0,0,0,8,4,5,2,17.5,6,3,6,3,5,0.4068,59,24,89,1126,TelcoQA
ASK,1.5,0,0,1,0,0,1,0,0,0,0,0,0,0,0,0,0,0,0,0,1,1,2,2,7.0,6,9,1,3,5,0.3922,51,22,70,899,TelcoQA
SELECT,16.5,0,1,1,1,1,3,0,0,1,0,1,0,0,0,1,0,2,0,0,10,7,8,3,29.0,8,7,4,4,6,0.2976,84,30,111,1547,TelcoQA
SELECT,19.5,0,1,1,1,1,5,0,0,1,0,1,0,0,0,1,0,2,0,0,12,7,6,2,25.0,7,6,5,6,5,0.3474,95,31,125,1528,TelcoQA
SELECT,31.5,0,1,1,1,1,13,0,0,1,0,1,0,0,0,1,0,2,0,0,20,7,12,2,34.0,15,13,4,13,6,0.3172,145,44,211,2289,TelcoQA
SELECT,12.0,0,0,1,0,0,4,0,0,1,0,1,0,0,0,1,0,0,0,0,7,4,4,2,16.0,4,2,3,3,6,0.4565,46,19,71,886,TelcoQA
SELECT,10.5,0,0,1,0,0,3,0,0,1,0,1,0,0,0,1,0,0,0,0,6,4,4,2,16.0,6,2,3,3,5,0.4894,47,18,65,863,TelcoQA
SELECT,12.0,0,0,1,0,0,4,0,0,1,0,1,0,0,0,1,0,0,0,0,7,4,4,2,16.0,5,2,3,3,6,0.4681,47,19,71,893,TelcoQA
SELECT,13.5,1,0,1,0,0,5,0,0,1,0,1,0,0,0,1,0,0,0,0,8,4,4,2,16.0,5,3,6,3,6,0.434,53,25,92,1131,TelcoQA
ASK,1.5,0,0,1,0,0,1,0,0,0,0,0,0,0,0,0,0,0,0,0,1,1,3,2,8.5,6,4,6,4,5,0.4314,51,23,66,1028,TelcoQA
SELECT,12.0,0,0,1,1,0,2,0,0,1,0,1,0,0,0,1,0,2,0,0,8,6,4,2,20.0,5,3,4,3,5,0.3667,60,24,77,1119,TelcoQA
SELECT,12.0,1,0,1,0,0,4,0,0,1,0,1,0,0,0,1,0,0,0,0,7,4,5,2,17.5,6,3,6,3,5,0.3594,64,24,86,1129,TelcoQA
SELECT,10.5,0,0,1,0,0,3,0,0,1,0,1,0,0,0,1,0,0,0,0,6,4,3,2,14.5,4,2,2,3,5,0.4524,42,17,60,746,TelcoQA
ASK,1.5,0,0,1,0,0,1,0,0,0,0,0,0,0,0,0,0,0,0,0,1,1,2,2,7.0,7,7,1,3,5,0.4348,46,20,62,800,TelcoQA
SELECT,12.0,0,0,1,0,0,4,0,0,1,0,1,0,0,0,1,0,0,0,0,7,4,4,2,16.0,5,2,4,3,5,0.451,51,19,72,912,TelcoQA
SELECT,12.0,1,0,1,0,0,4,0,0,1,0,1,0,0,0,1,0,0,0,0,7,4,5,2,17.5,8,3,13,3,6,0.3067,75,32,117,1696,TelcoQA
SELECT,18.0,0,1,1,1,1,4,0,0,1,0,1,0,0,0,1,0,2,0,0,11,7,5,2,23.5,6,5,4,5,5,0.3452,84,28,109,1429,TelcoQA
SELECT,13.5,0,0,1,1,0,3,0,0,1,0,1,0,0,0,1,0,2,0,0,9,6,3,2,18.5,4,2,3,4,5,0.4151,53,22,75,1053,TelcoQA
SELECT,22.5,0,1,1,1,1,7,0,0,1,0,1,0,0,0,1,0,2,0,0,14,7,6,3,26.0,8,9,7,8,6,0.3579,95,39,155,1853,TelcoQA
SELECT,12.0,0,0,1,0,0,4,0,0,1,0,1,0,0,0,1,0,0,0,0,7,4,4,2,16.0,5,2,3,3,5,0.4681,47,18,68,846,TelcoQA
SELECT,21.0,0,0,1,1,0,4,2,0,1,0,1,0,0,0,1,0,2,0,0,12,7,8,2,28.0,12,19,14,5,6,0.2619,126,46,194,2427,TelcoQA
SELECT,12.0,1,0,1,0,0,4,0,0,1,0,1,0,0,0,1,0,0,0,0,7,4,6,2,19.0,6,3,8,3,5,0.3492,63,26,94,1285,TelcoQA
SELECT,13.5,0,0,1,1,0,3,0,0,1,0,1,0,0,0,1,0,2,0,0,9,6,4,2,20.0,7,3,3,4,5,0.4333,60,23,82,1079,TelcoQA
SELECT,31.5,0,1,1,1,2,5,3,0,1,0,1,0,0,0,1,0,2,0,0,16,8,8,4,32.0,10,29,15,6,6,0.1965,173,51,272,2936,TelcoQA
ASK,1.5,0,0,1,0,0,1,0,0,0,0,0,0,0,0,0,0,0,0,0,1,1,2,2,7.0,4,7,0,3,5,0.4286,35,19,58,729,TelcoQA
ASK,4.5,0,1,1,0,1,1,0,0,0,0,0,0,0,0,0,0,0,0,0,2,2,6,3,16.0,8,9,9,7,5,0.3226,93,35,112,1608,TelcoQA
SELECT,15.0,0,0,1,1,0,4,0,0,1,0,1,0,0,0,1,0,2,0,0,10,6,5,2,21.5,7,9,9,5,5,0.2857,105,36,128,1883,TelcoQA
SELECT,7.5,0,0,1,0,0,1,0,0,1,0,1,0,0,0,1,0,0,0,0,4,4,2,2,13.0,6,3,2,7,5,0.4219,64,23,74,1134,TelcoQA
SELECT,22.5,0,1,1,0,1,3,3,0,1,0,1,0,0,0,1,0,0,0,0,10,6,11,2,30.5,15,64,18,3,6,0.1721,215,28,392,3504,TelcoQA
ASK,4.5,0,0,1,0,0,3,0,0,0,0,0,0,0,0,0,0,0,0,0,3,1,4,2,10.0,3,1,3,11,7,0.6522,23,27,125,1735,FiQA
SELECT,4.5,0,0,1,0,0,3,0,0,0,0,0,0,0,0,0,0,0,0,0,3,1,4,2,10.0,3,1,3,11,7,0.7333,15,27,108,1543,FiQA
SELECT,8.5,0,0,1,0,0,3,0,0,0,0,0,0,0,0,1,0,0,0,0,4,2,4,2,12.0,3,1,3,11,7,0.6842,19,27,114,1610,FiQA
SELECT,4.5,0,0,1,0,0,3,0,0,0,0,0,0,0,0,0,0,0,0,0,3,1,4,2,10.0,3,1,3,11,7,0.6296,27,27,126,1666,FiQA
SELECT,8.5,0,0,1,0,0,3,0,0,0,0,0,0,0,0,1,0,0,0,0,4,2,4,2,12.0,3,1,3,11,7,0.6296,27,27,129,1666,FiQA
SELECT,4.5,0,0,1,0,0,3,0,0,0,0,0,0,0,0,0,0,0,0,0,3,1,4,2,10.0,3,1,3,11,7,0.6667,21,27,117,1600,FiQA
SELECT,8.5,0,0,1,0,0,3,0,0,0,0,0,0,0,0,1,0,0,0,0,4,2,4,2,12.0,3,1,3,11,7,0.7,20,27,128,1756,FiQA
SELECT,8.5,0,0,1,0,0,3,0,0,0,0,0,0,0,0,1,0,0,0,0,4,2,4,2,12.0,3,1,3,11,7,0.6129,31,27,141,1705,FiQA
SELECT,8.5,0,0,1,0,0,3,0,0,0,0,0,0,0,0,1,0,0,0,0,4,2,4,2,12.0,4,1,3,11,7,0.6538,26,27,138,1752,FiQA
SELECT,4.5,0,0,1,0,0,3,0,0,0,0,0,0,0,0,0,0,0,0,0,3,1,4,2,10.0,3,1,3,11,7,0.5385,39,27,144,1813,FiQA
SELECT,4.5,0,0,1,0,0,3,0,0,0,0,0,0,0,0,0,0,0,0,0,3,1,4,2,10.0,3,1,3,11,7,0.6842,19,27,117,1591,FiQA
SELECT,11.5,0,1,1,0,1,3,0,0,0,0,0,0,0,0,1,0,0,0,0,5,3,4,3,15.0,5,1,3,11,7,0.5833,36,28,165,1924,FiQA
SELECT,10.0,0,0,1,0,0,3,0,0,0,3,0,0,0,0,1,0,0,0,0,7,3,4,2,14.0,4,1,3,11,7,0.6667,24,27,122,1652,FiQA
SELECT,4.5,0,0,1,0,0,3,0,0,0,0,0,0,0,0,0,0,0,0,0,3,1,4,2,10.0,3,1,3,11,7,0.6207,29,27,132,1702,FiQA
SELECT,8.5,0,0,1,0,0,3,0,0,0,0,0,0,0,0,1,0,0,0,0,4,2,4,2,12.0,4,1,3,14,7,0.4853,68,27,210,2121,FiQA
SELECT,8.5,0,0,1,0,0,3,0,0,0,0,0,0,0,0,1,0,0,0,0,4,2,4,2,12.0,4,1,3,11,7,0.5263,38,27,153,1853,FiQA
SELECT,4.5,0,0,1,0,0,3,0,0,0,0,0,0,0,0,0,0,0,0,0,3,1,4,2,10.0,3,1,3,11,7,0.6,25,27,120,1645,FiQA
SELECT,4.5,0,0,1,0,0,3,0,0,0,0,0,0,0,0,0,0,0,0,0,3,1,4,2,10.0,4,2,3,11,7,0.6061,33,28,144,1802,FiQA
SELECT,4.5,0,0,1,0,0,3,0,0,0,0,0,0,0,0,0,0,0,0,0,3,1,4,2,10.0,3,1,3,11,7,0.5714,35,27,153,1798,FiQA
SELECT,8.5,0,0,1,0,0,3,0,0,0,0,0,0,0,0,1,0,0,0,0,4,2,4,2,12.0,3,1,3,11,7,0.5366,41,27,174,1876,FiQA
SELECT,4.5,0,0,1,0,0,3,0,0,0,0,0,0,0,0,0,0,0,0,0,3,1,4,2,10.0,3,1,3,11,7,0.5429,35,27,144,1732,FiQA
SELECT,4.5,0,0,1,0,0,3,0,0,0,0,0,0,0,0,0,0,0,0,0,3,1,4,2,10.0,3,1,3,11,7,0.5484,31,27,138,1681,FiQA
SELECT,8.5,0,0,1,0,0,3,0,0,0,0,0,0,0,0,1,0,0,0,0,4,2,4,2,12.0,4,1,3,11,7,0.5909,44,27,182,2037,FiQA
SELECT,8.5,0,0,1,0,0,3,0,0,0,0,0,0,0,0,1,0,0,0,0,4,2,4,2,12.0,4,1,3,11,7,0.5517,58,27,170,2147,FiQA
SELECT,8.5,0,0,1,0,0,3,0,0,0,0,0,0,0,0,1,0,0,0,0,4,2,4,2,12.0,4,1,3,11,7,0.6667,24,27,127,1684,FiQA
SELECT,8.5,0,0,1,0,0,3,0,0,0,0,0,0,0,0,1,0,0,0,0,4,2,4,2,12.0,3,1,3,11,7,0.4839,62,27,196,2181,FiQA
SELECT,8.5,0,0,1,0,0,3,0,0,0,0,0,0,0,0,1,0,0,0,0,4,2,4,2,12.0,4,1,3,11,7,0.625,32,27,142,1760,FiQA
SELECT,8.5,0,0,1,0,0,3,0,0,0,0,0,0,0,0,1,0,0,0,0,4,2,4,2,12.0,3,1,3,11,7,0.6053,38,27,142,1802,FiQA
SELECT,4.5,0,0,1,0,0,3,0,0,0,0,0,0,0,0,0,0,0,0,0,3,1,4,2,10.0,3,1,3,11,7,0.6296,27,27,126,1702,FiQA
SELECT,4.5,0,0,1,0,0,3,0,0,0,0,0,0,0,0,0,0,0,0,0,3,1,4,2,10.0,4,1,3,11,7,0.6111,18,27,111,1619,FiQA
SELECT,8.5,0,0,1,0,0,3,0,0,0,0,0,0,0,0,1,0,0,0,0,4,2,4,2,12.0,4,1,3,11,7,0.6429,28,27,126,1699,FiQA
SELECT,8.5,0,0,1,0,0,3,0,0,0,0,0,0,0,0,1,0,0,0,0,4,2,4,2,12.0,4,1,3,11,7,0.5,28,27,126,1715,FiQA
SELECT,8.5,0,0,1,0,0,3,0,0,0,0,0,0,0,0,1,0,0,0,0,4,2,4,2,12.0,4,1,3,11,7,0.5938,32,27,138,1708,FiQA
SELECT,8.5,0,0,1,0,0,3,0,0,0,0,0,0,0,0,1,0,0,0,0,4,2,4,2,12.0,4,1,3,11,7,0.5938,32,27,146,1794,FiQA
SELECT,8.5,0,0,1,0,0,3,0,0,0,0,0,0,0,0,1,0,0,0,0,4,2,4,2,12.0,4,1,3,11,7,0.6,30,27,140,1750,FiQA
SELECT,8.5,0,0,1,0,0,3,0,0,0,0,0,0,0,0,1,0,0,0,0,4,2,4,2,12.0,4,1,3,11,7,0.5882,34,27,158,1839,FiQA
SELECT,8.5,0,0,1,0,0,3,0,0,0,0,0,0,0,0,1,0,0,0,0,4,2,4,2,12.0,4,1,3,11,7,0.6,30,27,152,1809,FiQA
SELECT,4.5,0,0,1,0,0,3,0,0,0,0,0,0,0,0,0,0,0,0,0,3,1,4,2,10.0,3,1,3,11,7,0.64,25,27,134,1732,FiQA
SELECT,8.5,0,0,1,0,0,3,0,0,0,0,0,0,0,0,1,0,0,0,0,4,2,4,2,12.0,4,1,3,11,7,0.5946,37,27,156,1971,FiQA
SELECT,8.5,0,0,1,0,0,3,0,0,0,0,0,0,0,0,1,0,0,0,0,4,2,4,2,12.0,3,1,3,11,7,0.5641,39,27,153,1987,FiQA
SELECT,8.5,0,0,1,0,0,3,0,0,0,0,0,0,0,0,1,0,0,0,0,4,2,4,2,12.0,3,1,3,11,7,0.4909,55,27,174,2093,FiQA
SELECT,8.5,0,0,1,0,0,3,0,0,0,0,0,0,0,0,1,0,0,0,0,4,2,4,2,12.0,4,1,3,11,7,0.5957,47,27,162,2020,FiQA
SELECT,8.5,0,0,1,0,0,3,0,0,0,0,0,0,0,0,1,0,0,0,0,4,2,4,2,12.0,4,1,3,11,7,0.5957,47,27,162,2020,FiQA
SELECT,8.5,0,0,1,0,0,3,0,0,0,0,0,0,0,0,1,0,0,0,0,4,2,4,2,12.0,3,1,3,11,7,0.4909,55,27,174,2093,FiQA
SELECT,8.5,0,0,1,0,0,3,0,0,0,0,0,0,0,0,1,0,0,0,0,4,2,4,2,12.0,4,1,3,11,7,0.5128,39,27,141,1888,FiQA
SELECT,6.0,0,0,1,0,0,4,0,0,0,0,0,0,0,0,0,0,0,0,0,4,1,4,2,10.0,4,1,3,12,7,0.4681,47,28,169,2104,FiQA
SELECT,8.5,0,0,1,0,0,3,0,0,0,0,0,0,0,0,1,0,0,0,0,4,2,4,2,12.0,3,1,3,11,7,0.6552,29,27,132,1808,FiQA
SELECT,8.5,0,0,1,0,0,3,0,0,0,0,0,0,0,0,1,0,0,0,0,4,2,4,2,12.0,4,1,3,11,7,0.5111,45,27,162,2036,FiQA
SELECT,8.5,0,0,1,0,0,3,0,0,0,0,0,0,0,0,1,0,0,0,0,4,2,4,2,12.0,3,1,3,11,7,0.5306,49,27,165,2086,FiQA
SELECT,4.5,0,0,1,0,0,3,0,0,0,0,0,0,0,0,0,0,0,0,0,3,1,4,2,10.0,3,1,3,11,7,0.5312,32,27,141,1856,FiQA
SELECT,11.5,0,0,1,0,0,5,0,0,0,0,0,0,0,0,1,0,0,0,0,6,2,4,2,12.0,3,1,3,13,7,0.5,50,29,196,2216,FiQA
SELECT,8.5,0,0,1,0,0,3,0,0,0,0,0,0,0,0,1,0,0,0,0,4,2,4,2,12.0,4,1,3,11,7,0.5366,41,27,149,1931,FiQA
SELECT,11.5,0,0,1,0,0,5,0,0,0,0,0,0,0,0,1,0,0,0,0,6,2,4,2,12.0,4,1,3,13,7,0.5946,37,29,170,2081,FiQA
SELECT,8.5,0,0,1,0,0,3,0,0,0,0,0,0,0,0,1,0,0,0,0,4,2,4,2,12.0,4,1,3,11,7,0.6098,41,27,152,1928,FiQA
SELECT,17.5,0,1,1,0,2,5,0,0,0,0,0,0,0,0,1,0,0,0,0,8,3,5,3,16.5,6,1,4,16,7,0.5472,53,31,223,2409,FiQA
SELECT,11.5,0,0,1,0,0,3,1,0,0,0,0,0,0,0,1,0,0,0,0,5,3,5,2,15.5,4,5,3,11,7,0.4219,64,30,221,2421,FiQA
SELECT,8.5,0,0,1,0,0,3,0,0,0,0,0,0,0,0,1,0,0,0,0,4,2,4,2,12.0,3,1,3,11,7,0.5,54,27,185,2111,FiQA
SELECT,8.5,0,0,1,0,0,3,0,0,0,0,0,0,0,0,1,0,0,0,0,4,2,4,2,12.0,3,1,3,11,7,0.5714,49,27,167,2005,FiQA
SELECT,8.5,0,0,1,0,0,3,0,0,0,0,0,0,0,0,1,0,0,0,0,4,2,4,2,12.0,3,1,3,11,7,0.5625,48,27,170,2041,FiQA
SELECT,6.0,0,0,1,0,0,4,0,0,0,0,0,0,0,0,0,0,0,0,0,4,1,4,2,10.0,3,1,3,12,7,0.4722,72,28,210,2329,FiQA
SELECT,8.5,0,0,1,0,0,3,0,0,0,0,0,0,0,0,1,0,0,0,0,4,2,4,2,12.0,3,1,3,11,7,0.5484,62,27,191,2155,FiQA
SELECT,11.5,0,1,1,0,1,3,0,0,0,0,0,0,0,0,1,0,0,0,0,5,3,4,3,15.0,4,1,3,11,7,0.5,62,28,209,2243,FiQA
SELECT,4.5,0,0,1,0,0,3,0,0,0,0,0,0,0,0,0,0,0,0,0,3,1,4,2,10.0,3,1,3,11,7,0.6053,38,27,146,1903,FiQA
SELECT,22.0,0,0,1,0,0,6,3,0,0,0,0,0,0,0,1,0,0,0,0,10,3,12,2,26.0,17,40,7,14,7,0.3374,163,37,618,5178,FiQA
SELECT,8.5,0,0,1,0,0,3,0,0,0,0,0,0,0,0,1,0,0,0,0,4,2,4,2,12.0,3,1,3,11,7,0.6552,29,27,131,1813,FiQA
SELECT,11.5,0,0,1,0,0,3,1,0,0,0,0,0,0,0,1,0,0,0,0,5,3,5,2,15.5,7,6,3,11,7,0.6154,39,30,183,2149,FiQA
SELECT,4.5,0,0,1,0,0,3,0,0,0,0,0,0,0,0,0,0,0,0,0,3,1,4,2,10.0,4,1,3,11,7,0.5926,27,27,125,1790,FiQA
SELECT,4.5,0,0,1,0,0,3,0,0,0,0,0,0,0,0,0,0,0,0,0,3,1,4,2,10.0,3,1,3,11,7,0.6667,24,27,116,1747,FiQA
SELECT,8.5,0,0,1,0,0,3,0,0,0,0,0,0,0,0,1,0,0,0,0,4,2,4,2,12.0,6,4,3,11,7,0.5,48,28,184,2084,FiQA
SELECT,4.5,0,0,1,0,0,3,0,0,0,0,0,0,0,0,0,0,0,0,0,3,1,4,2,10.0,4,1,3,11,7,0.5429,35,27,140,1916,FiQA
SELECT,13.5,0,0,1,0,0,3,3,0,0,0,0,0,0,0,0,0,0,0,0,6,2,6,2,15.0,7,5,6,11,7,0.5625,48,34,221,2462,FiQA
SELECT,8.5,0,0,1,0,0,3,0,0,0,0,0,0,0,0,1,0,0,0,0,4,2,4,2,12.0,3,1,3,11,7,0.537,54,27,185,2173,FiQA
SELECT,8.5,0,0,1,0,0,3,0,0,0,0,0,0,0,0,1,0,0,0,0,4,2,4,2,12.0,4,2,3,11,7,0.4091,44,28,176,2083,FiQA
SELECT,8.5,0,0,1,0,0,3,0,0,0,0,0,0,0,0,1,0,0,0,0,4,2,4,2,12.0,3,1,3,11,7,0.5319,47,27,164,2042,FiQA
SELECT,8.5,0,0,1,0,0,3,0,0,0,0,0,0,0,0,1,0,0,0,0,4,2,4,2,12.0,4,1,3,14,7,0.6216,37,27,140,1921,FiQA
SELECT,8.5,0,0,1,0,0,3,0,0,0,0,0,0,0,0,1,0,0,0,0,4,2,4,2,12.0,4,1,3,11,7,0.5082,61,27,191,2261,FiQA
SELECT,4.5,0,0,1,0,0,3,0,0,0,0,0,0,0,0,0,0,0,0,0,3,1,4,2,10.0,5,2,3,11,7,0.5574,61,28,191,2168,FiQA
SELECT,4.5,0,0,1,0,0,3,0,0,0,0,0,0,0,0,0,0,0,0,0,3,1,4,2,10.0,3,1,3,11,7,0.5,52,27,197,2185,FiQA
SELECT,4.5,0,0,1,0,0,3,0,0,0,0,0,0,0,0,0,0,0,0,0,3,1,4,2,10.0,3,1,3,11,7,0.5263,38,27,158,1945,FiQA
SELECT,11.5,0,0,1,0,0,3,1,0,0,0,0,0,0,0,1,0,0,0,0,5,3,4,2,14.0,6,4,3,14,7,0.5098,51,30,190,2167,FiQA
SELECT,6.0,0,0,1,0,0,3,0,0,0,3,0,0,0,0,0,0,0,0,0,6,2,4,2,12.0,4,1,3,11,7,0.5714,35,27,164,1985,FiQA
SELECT,4.5,0,0,1,0,0,3,0,0,0,0,0,0,0,0,0,0,0,0,0,3,1,4,2,10.0,3,1,3,11,7,0.5227,44,27,161,1975,FiQA
SELECT,7.5,0,0,1,0,0,3,1,0,0,0,0,0,0,0,0,0,0,0,0,4,2,4,2,12.0,6,4,3,11,7,0.6333,30,30,163,1979,FiQA
SELECT,4.5,0,0,1,0,0,3,0,0,0,0,0,0,0,0,0,0,0,0,0,3,1,5,2,11.5,5,4,3,11,7,0.5526,38,28,172,2026,FiQA
SELECT,6.0,0,0,1,0,0,4,0,0,0,0,0,0,0,0,0,0,0,0,0,4,1,4,2,10.0,3,1,3,12,7,0.5263,38,28,165,1952,FiQA
SELECT,4.5,0,0,1,0,0,3,0,0,0,0,0,0,0,0,0,0,0,0,0,3,1,4,2,10.0,3,1,3,11,7,0.5263,38,27,176,1966,FiQA
SELECT,8.5,0,0,1,0,0,3,0,0,0,0,0,0,0,0,1,0,0,0,0,4,2,4,2,12.0,4,1,3,11,7,0.5758,33,27,158,1867,FiQA
SELECT,8.5,0,0,1,0,0,3,0,0,0,0,0,0,0,0,1,0,0,0,0,4,2,4,2,12.0,3,1,3,11,7,0.5526,38,27,164,1930,FiQA
SELECT,8.5,0,0,1,0,0,3,0,0,0,0,0,0,0,0,1,0,0,0,0,4,2,4,2,12.0,4,1,3,17,7,0.5094,53,27,188,2171,FiQA
SELECT,4.5,0,0,1,0,0,3,0,0,0,0,0,0,0,0,0,0,0,0,0,3,1,4,2,10.0,3,1,3,11,7,0.431,58,27,185,2122,FiQA
SELECT,8.5,0,0,1,0,0,3,0,0,0,0,0,0,0,0,1,0,0,0,0,4,2,4,2,12.0,4,1,3,11,7,0.6957,23,27,122,1788,FiQA
SELECT,16.5,0,0,1,0,0,5,3,0,0,0,0,0,0,0,0,0,0,0,0,8,2,8,2,18.0,8,11,5,16,7,0.46,50,36,268,2662,FiQA
SELECT,8.5,0,0,1,0,0,3,0,0,0,0,0,0,0,0,1,0,0,0,0,4,2,4,2,12.0,3,1,3,11,7,0.5312,32,27,146,1858,FiQA
SELECT,19.5,0,0,1,0,0,7,3,0,0,0,0,0,0,0,0,0,0,0,0,10,2,10,2,21.0,12,31,3,15,7,0.2656,128,38,507,4444,FiQA
SELECT,8.5,0,0,1,0,0,3,0,0,0,0,0,0,0,0,1,0,0,0,0,4,2,4,2,12.0,3,1,3,14,7,0.5366,41,27,158,1981,FiQA
SELECT,4.5,0,0,1,0,0,3,0,0,0,0,0,0,0,0,0,0,0,0,0,3,1,4,2,10.0,3,1,3,11,7,0.5,38,27,143,1845,FiQA
SELECT,8.5,0,0,1,0,0,3,0,0,0,0,0,0,0,0,1,0,0,0,0,4,2,4,2,12.0,3,1,3,11,7,0.5161,62,27,194,2232,FiQA
SELECT,17.5,0,0,1,0,0,3,3,0,0,0,0,0,0,0,1,0,0,0,0,7,3,6,2,17.0,7,8,7,11,7,0.5333,60,34,243,2602,FiQA
SELECT,4.5,0,0,1,0,0,3,0,0,0,0,0,0,0,0,0,0,0,0,0,3,1,4,2,10.0,3,1,3,11,7,0.7,20,27,122,1723,FiQA
SELECT,4.5,0,0,1,0,0,3,0,0,0,0,0,0,0,0,0,0,0,0,0,3,1,4,2,10.0,4,2,3,11,7,0.5238,42,28,170,2021,FiQA
SELECT,8.5,0,0,1,0,0,3,0,0,0,0,0,0,0,0,1,0,0,0,0,4,2,4,2,12.0,3,1,3,14,7,0.4091,66,27,203,2215,FiQA
SELECT,4.5,0,0,1,0,0,3,0,0,0,0,0,0,0,0,0,0,0,0,0,3,1,4,2,10.0,3,1,3,11,7,0.6538,26,27,131,1783,FiQA
SELECT,11.5,0,0,1,0,0,3,1,0,0,0,0,0,0,0,1,0,0,0,0,5,3,5,2,15.5,6,5,3,11,7,0.5,56,30,209,2252,FiQA
SELECT,11.5,0,0,1,0,0,3,1,0,0,0,0,0,0,0,1,0,0,0,0,5,3,4,2,14.0,7,5,3,11,7,0.5,56,30,209,2276,FiQA
SELECT,8.5,0,0,1,0,0,3,0,0,0,0,0,0,0,0,1,0,0,0,0,4,2,4,2,12.0,3,1,3,11,7,0.4423,52,27,188,2074,FiQA
SELECT,4.5,0,0,1,0,0,3,0,0,0,0,0,0,0,0,0,0,0,0,0,3,1,4,2,10.0,6,3,3,14,7,0.5926,27,28,153,1919,FiQA
SELECT,4.5,0,0,1,0,0,3,0,0,0,0,0,0,0,0,0,0,0,0,0,3,1,4,2,10.0,3,1,3,11,7,0.525,40,27,167,1972,FiQA
SELECT,13.5,0,0,1,0,0,3,3,0,0,0,0,0,0,0,0,0,0,0,0,6,2,7,2,16.5,6,8,5,11,7,0.5111,45,34,229,2452,FiQA
SELECT,25.5,0,0,1,0,0,3,7,0,0,0,0,0,0,0,0,0,0,0,0,10,2,6,2,15.0,5,22,7,11,7,0.371,62,42,368,3367,FiQA
SELECT,11.5,0,0,1,0,0,3,1,0,0,0,0,0,0,0,1,0,0,0,0,5,3,6,2,17.0,7,8,3,11,7,0.4444,54,30,230,2359,FiQA
SELECT,6.0,0,0,1,0,0,4,0,0,0,0,0,0,0,0,0,0,0,0,0,4,1,4,2,10.0,3,1,3,12,7,0.4545,66,28,252,2383,FiQA
SELECT,8.5,0,0,1,0,0,3,0,0,0,0,0,0,0,0,1,0,0,0,0,4,2,4,2,12.0,4,1,3,11,7,0.3896,77,27,242,2397,FiQA
SELECT,8.5,0,0,1,0,0,3,0,0,0,0,0,0,0,0,1,0,0,0,0,4,2,4,2,12.0,3,1,3,11,7,0.6071,28,27,137,1831,FiQA
SELECT,8.5,0,0,1,0,0,3,0,0,0,0,0,0,0,0,1,0,0,0,0,4,2,4,2,12.0,3,1,3,14,7,0.4545,44,27,158,1957,FiQA
SELECT,8.5,0,0,1,0,0,3,0,0,0,0,0,0,0,0,1,0,0,0,0,4,2,4,2,12.0,3,1,3,11,7,0.4167,60,27,194,2092,FiQA
SELECT,8.5,0,0,1,0,0,3,0,0,0,0,0,0,0,0,1,0,0,0,0,4,2,4,2,12.0,4,2,3,11,7,0.5417,48,28,176,2050,FiQA
SELECT,8.5,0,0,1,0,0,3,0,0,0,0,0,0,0,0,1,0,0,0,0,4,2,4,2,12.0,3,1,3,11,7,0.4808,52,27,200,2131,FiQA
SELECT,8.5,0,0,1,0,0,3,0,0,0,0,0,0,0,0,1,0,0,0,0,4,2,4,2,12.0,3,1,3,11,7,0.5455,44,27,167,1988,FiQA
SELECT,8.5,0,0,1,0,0,3,0,0,0,0,0,0,0,0,1,0,0,0,0,4,2,4,2,12.0,3,1,3,11,7,0.5,38,27,167,1942,FiQA
SELECT,11.5,0,0,1,0,0,4,0,0,0,3,0,0,0,0,1,0,0,0,0,8,3,4,2,14.0,3,1,3,12,7,0.451,51,28,204,2188,FiQA
SELECT,21.0,0,0,1,0,0,4,3,0,0,4,0,0,0,0,1,0,0,0,0,12,4,8,2,22.0,9,12,5,12,7,0.5,60,35,288,2860,FiQA
SELECT,8.5,0,0,1,0,0,3,0,0,0,0,0,0,0,0,1,0,0,0,0,4,2,4,2,12.0,3,1,3,11,7,0.6333,30,27,143,1852,FiQA
SELECT,8.5,0,0,1,0,0,3,0,0,0,0,0,0,0,0,1,0,0,0,0,4,2,4,2,12.0,3,1,3,11,7,0.5385,52,27,173,2123,FiQA
SELECT,11.5,0,0,1,0,0,3,1,0,0,0,0,0,0,0,1,0,0,0,0,5,3,4,2,14.0,9,7,3,11,7,0.4667,60,30,220,2438,FiQA
SELECT,10.0,0,0,1,0,0,4,0,0,0,0,0,0,0,0,1,0,0,0,0,5,2,4,2,12.0,4,1,3,12,7,0.5397,63,28,214,2343,FiQA
SELECT,8.5,0,0,1,0,0,3,0,0,0,0,0,0,0,0,1,0,0,0,0,4,2,4,2,12.0,4,1,3,11,7,0.4932,73,27,215,2316,FiQA
SELECT,4.5,0,0,1,0,0,3,0,0,0,0,0,0,0,0,0,0,0,0,0,3,1,4,2,10.0,3,1,3,11,7,0.4762,42,27,152,1909,FiQA
SELECT,8.5,0,0,1,0,0,3,0,0,0,0,0,0,0,0,1,0,0,0,0,4,2,4,2,12.0,3,1,3,11,7,0.5116,43,27,158,1969,FiQA
SELECT,4.5,0,0,1,0,0,3,0,0,0,0,0,0,0,0,0,0,0,0,0,3,1,4,2,10.0,3,1,3,11,7,0.5526,38,27,146,1873,FiQA
SELECT,17.5,0,0,1,0,0,3,3,0,0,0,0,0,0,0,1,0,0,0,0,7,3,8,2,20.0,12,13,6,11,7,0.4407,59,34,283,2707,FiQA
SELECT,17.5,0,0,1,0,0,3,3,0,0,0,0,0,0,0,1,0,0,0,0,7,3,9,2,21.5,9,22,6,11,7,0.3684,76,34,367,3239,FiQA
SELECT,8.5,0,0,1,0,0,3,0,0,0,0,0,0,0,0,1,0,0,0,0,4,2,4,2,12.0,4,1,3,11,7,0.4308,65,27,212,2288,FiQA
SELECT,19.5,0,0,1,0,0,3,5,0,0,0,0,0,0,0,0,0,0,0,0,8,2,8,2,18.0,9,9,8,11,7,0.5345,58,38,269,2645,FiQA
SELECT,23.5,0,0,1,0,0,3,3,0,0,0,0,3,0,0,1,0,0,0,0,10,4,8,2,22.0,10,17,7,11,7,0.3951,81,34,336,3211,FiQA
SELECT,13.0,0,1,1,0,1,4,0,0,0,0,0,0,0,0,1,0,0,0,0,6,3,4,3,15.0,4,1,3,12,7,0.3592,103,29,300,2849,FiQA
SELECT,7.5,0,1,1,0,1,3,0,0,0,0,0,0,0,0,0,0,0,0,0,4,2,4,2,12.0,5,1,4,11,7,0.4412,68,28,233,2358,FiQA
SELECT,4.5,0,0,1,0,0,3,0,0,0,0,0,0,0,0,0,0,0,0,0,3,1,4,2,10.0,3,1,3,11,7,0.55,40,27,167,1951,FiQA
SELECT,4.5,0,0,1,0,0,3,0,0,0,0,0,0,0,0,0,0,0,0,0,3,1,4,2,10.0,4,1,3,11,7,0.4407,59,27,194,2128,FiQA
SELECT,8.5,0,0,1,0,0,3,0,0,0,0,0,0,0,0,1,0,0,0,0,4,2,4,2,12.0,4,1,3,11,7,0.44,75,27,230,2382,FiQA
SELECT,14.5,0,0,1,0,0,3,0,0,0,0,0,3,0,0,1,0,0,0,0,7,3,4,2,14.0,4,1,3,11,7,0.4507,71,27,233,2366,FiQA
SELECT,4.5,0,0,1,0,0,3,0,0,0,0,0,0,0,0,0,0,0,0,0,3,1,4,2,10.0,3,1,3,11,7,0.587,46,27,170,2035,FiQA
SELECT,14.5,0,0,1,0,0,3,0,0,0,0,0,3,0,0,1,0,0,0,0,7,3,4,2,14.0,3,1,3,11,7,0.375,88,27,272,2554,FiQA
SELECT,17.5,0,0,1,0,0,3,3,0,0,0,0,0,0,0,1,0,0,0,0,7,3,7,2,18.5,9,15,6,11,7,0.3462,78,34,306,2826,FiQA
SELECT,8.5,0,0,1,0,0,3,0,0,0,0,0,0,0,0,1,0,0,0,0,4,2,4,2,12.0,6,4,3,11,7,0.54,50,28,199,2267,FiQA
SELECT,8.5,0,0,1,0,0,3,0,0,0,0,0,0,0,0,1,0,0,0,0,4,2,4,2,12.0,3,1,3,11,7,0.6,45,27,155,1984,FiQA
SELECT,28.0,0,1,1,0,1,4,5,0,0,0,0,0,0,0,1,0,0,0,0,11,4,10,2,25.0,9,31,11,12,7,0.3182,132,40,532,4534,FiQA
SELECT,10.0,0,0,1,0,0,4,0,0,0,0,0,0,0,0,1,0,0,0,0,5,2,4,2,12.0,4,1,3,12,7,0.6286,35,28,163,1958,FiQA
SELECT,8.5,0,0,1,0,0,3,0,0,0,0,0,0,0,0,1,0,0,0,0,4,2,4,2,12.0,4,1,3,11,7,0.4262,61,27,200,2155,FiQA
SELECT,11.5,0,0,1,0,0,5,0,0,0,0,0,0,0,0,1,0,0,0,0,6,2,4,2,12.0,3,1,3,13,7,0.6364,33,29,155,1986,FiQA
SELECT,8.5,0,0,1,0,0,3,0,0,0,0,0,0,0,0,1,0,0,0,0,4,2,4,2,12.0,4,1,3,11,7,0.427,89,27,233,2466,FiQA
SELECT,10.0,0,0,1,0,0,4,0,0,0,0,0,0,0,0,1,0,0,0,0,5,2,4,2,12.0,4,1,3,12,7,0.4915,59,28,196,2208,FiQA
SELECT,10.0,0,0,1,0,0,4,0,0,0,0,0,0,0,0,1,0,0,0,0,5,2,4,2,12.0,4,1,3,12,7,0.4521,73,28,226,2355,FiQA
SELECT,11.5,0,0,1,0,0,5,0,0,0,0,0,0,0,0,1,0,0,0,0,6,2,4,2,12.0,3,1,3,13,7,0.4516,62,29,221,2334,FiQA
SELECT,12.0,0,0,1,0,0,4,2,0,0,0,0,0,0,0,0,0,0,0,0,6,2,8,2,18.0,8,18,3,12,7,0.375,64,33,317,3037,FiQA
SELECT,6.0,0,0,1,0,0,4,0,0,0,0,0,0,0,0,0,0,0,0,0,4,1,4,2,10.0,3,1,3,12,7,0.4375,64,28,208,2279,FiQA
SELECT,10.0,0,0,1,0,0,4,0,0,0,0,0,0,0,0,1,0,0,0,0,5,2,4,2,12.0,3,1,3,12,7,0.4066,91,28,253,2625,FiQA
SELECT,4.5,0,0,1,0,0,3,0,0,0,0,0,0,0,0,0,0,0,0,0,3,1,4,2,10.0,3,1,3,11,7,0.5227,44,27,155,1966,FiQA
SELECT,8.5,0,0,1,0,0,3,0,0,0,0,0,0,0,0,1,0,0,0,0,4,2,4,2,12.0,3,1,3,11,7,0.5238,42,27,158,1927,FiQA
SELECT,10.0,0,0,1,0,0,4,0,0,0,0,0,0,0,0,1,0,0,0,0,5,2,4,2,12.0,4,1,3,12,7,0.3204,103,28,289,2713,FiQA
SELECT,10.0,0,0,1,0,0,4,0,0,0,0,0,0,0,0,1,0,0,0,0,5,2,4,2,12.0,4,1,3,12,7,0.4364,55,28,205,2295,FiQA
SELECT,10.0,0,0,1,0,0,4,0,0,0,0,0,0,0,0,1,0,0,0,0,5,2,4,2,12.0,3,1,3,12,7,0.6333,30,28,136,1871,FiQA
SELECT,6.0,0,0,1,0,0,4,0,0,0,0,0,0,0,0,0,0,0,0,0,4,1,4,2,10.0,3,1,3,12,7,0.5652,46,28,190,2177,FiQA
SELECT,13.0,0,0,1,0,0,4,1,0,0,0,0,0,0,0,1,0,0,0,0,6,3,4,2,14.0,7,5,3,12,7,0.6,40,31,205,2261,FiQA
SELECT,11.5,0,0,1,0,0,5,0,0,0,0,0,0,0,0,1,0,0,0,0,6,2,4,2,12.0,4,1,3,13,7,0.6957,23,29,143,1921,FiQA
SELECT,4.5,0,0,1,0,0,3,0,0,0,0,0,0,0,0,0,0,0,0,0,3,1,4,2,10.0,3,1,3,11,7,0.6667,24,27,128,1774,FiQA
SELECT,10.0,0,0,1,0,0,4,0,0,0,0,0,0,0,0,1,0,0,0,0,5,2,4,2,12.0,4,1,3,12,7,0.4416,77,28,249,2472,FiQA
SELECT,22.0,0,1,1,0,1,4,3,0,0,0,0,0,0,0,1,0,0,0,0,9,4,7,2,20.5,6,5,9,21,7,0.4483,87,36,296,3125,FiQA
SELECT,11.5,0,0,1,0,0,4,0,0,0,3,0,0,0,0,1,0,0,0,0,8,3,4,2,14.0,3,1,3,18,7,0.4,80,28,252,2490,FiQA
SELECT,26.5,0,0,1,0,0,5,5,0,0,0,0,0,0,0,1,0,0,0,0,11,3,8,2,20.0,7,15,7,19,7,0.3619,105,40,402,3544,FiQA
SELECT,10.0,0,0,1,0,0,4,0,0,0,0,0,0,0,0,1,0,0,0,0,5,2,4,2,12.0,5,3,3,18,7,0.5102,49,29,205,2252,FiQA
SELECT,10.0,0,0,1,0,0,4,0,0,0,0,0,0,0,0,1,0,0,0,0,5,2,4,2,12.0,4,1,3,15,7,0.3939,99,28,274,2797,FiQA
SELECT,17.5,0,0,1,0,0,3,3,0,0,0,0,0,0,0,1,0,0,0,0,7,3,6,2,17.0,6,4,5,11,7,0.4833,60,34,213,2384,FiQA
SELECT,25.5,0,1,1,0,1,5,5,0,0,0,0,0,0,0,0,0,0,0,0,11,3,8,3,21.0,7,22,9,13,7,0.3182,88,41,408,3945,FiQA
SELECT,13.0,0,0,1,0,0,4,1,0,0,0,0,0,0,0,1,0,0,0,0,6,3,4,2,14.0,5,3,3,12,7,0.5714,42,31,187,2159,FiQA
SELECT,14.5,0,0,1,0,0,7,0,0,0,0,0,0,0,0,1,0,0,0,0,8,2,4,2,12.0,3,1,3,15,7,0.383,94,31,310,2851,FiQA
SELECT,10.0,0,0,1,0,0,4,0,0,0,0,0,0,0,0,1,0,0,0,0,5,2,4,2,12.0,3,1,3,12,7,0.5833,48,28,174,2082,FiQA
SELECT,11.5,0,0,1,0,0,5,0,0,0,0,0,0,0,0,1,0,0,0,0,6,2,4,2,12.0,3,1,3,13,7,0.5556,54,29,197,2301,FiQA
SELECT,13.0,0,0,1,0,0,6,0,0,0,0,0,0,0,0,1,0,0,0,0,7,2,4,2,12.0,3,1,3,14,7,0.5323,62,30,228,2401,FiQA
SELECT,11.5,0,0,1,0,0,3,1,0,0,0,0,0,0,0,1,0,0,0,0,5,3,4,2,14.0,6,4,3,11,7,0.4429,70,30,226,2402,FiQA
SELECT,8.5,0,0,1,0,0,3,0,0,0,0,0,0,0,0,1,0,0,0,0,4,2,4,2,12.0,3,1,3,11,7,0.3939,66,27,221,2302,FiQA
SELECT,13.0,0,0,1,0,0,6,0,0,0,0,0,0,0,0,1,0,0,0,0,7,2,4,2,12.0,4,1,3,17,7,0.4902,51,30,207,2318,FiQA
SELECT,11.5,0,0,1,0,0,3,1,0,0,0,0,0,0,0,1,0,0,0,0,5,3,4,2,14.0,7,4,3,14,7,0.4462,65,30,232,2453,FiQA
SELECT,8.5,0,0,1,0,0,3,0,0,0,0,0,0,0,0,1,0,0,0,0,4,2,4,2,12.0,4,1,3,11,7,0.5094,53,27,188,2071,FiQA
SELECT,20.5,0,0,1,0,0,3,2,3,0,0,0,0,0,0,1,0,0,0,0,9,4,5,2,17.5,9,6,4,11,7,0.5373,67,32,250,2498,FiQA
SELECT,13.0,0,0,1,0,0,6,0,0,0,0,0,0,0,0,1,0,0,0,0,7,2,4,2,12.0,6,3,3,14,7,0.4912,57,31,229,2433,FiQA
SELECT,14.5,0,0,1,0,0,3,0,0,0,0,0,3,0,0,1,0,0,0,0,7,3,5,2,15.5,5,5,3,11,7,0.473,74,28,236,2536,FiQA
SELECT,8.5,0,0,1,0,0,3,0,0,0,0,0,0,0,0,1,0,0,0,0,4,2,4,2,12.0,4,2,3,11,7,0.5897,39,28,155,2028,FiQA
SELECT,8.5,0,0,1,0,0,3,0,0,0,0,0,0,0,0,1,0,0,0,0,4,2,4,2,12.0,4,1,3,11,7,0.4426,61,27,188,2191,FiQA
SELECT,8.5,0,0,1,0,0,3,0,0,0,0,0,0,0,0,1,0,0,0,0,4,2,4,2,12.0,5,2,3,11,7,0.4086,93,28,233,2513,FiQA
SELECT,11.5,0,0,1,0,0,3,1,0,0,0,0,0,0,0,1,0,0,0,0,5,3,5,2,15.5,6,9,3,11,7,0.4375,80,30,276,2693,FiQA
SELECT,8.5,0,0,1,0,0,3,0,0,0,0,0,0,0,0,1,0,0,0,0,4,2,4,2,12.0,7,6,3,14,7,0.4,115,28,315,2965,FiQA
SELECT,17.5,0,0,1,0,0,3,3,0,0,0,0,0,0,0,1,0,0,0,0,7,3,5,2,15.5,5,9,7,11,7,0.5156,64,34,253,2694,FiQA
SELECT,8.5,0,0,1,0,0,3,0,0,0,0,0,0,0,0,1,0,0,0,0,4,2,4,2,12.0,7,6,3,14,7,0.3964,111,28,309,2899,FiQA
SELECT,17.5,0,0,1,0,0,3,3,0,0,0,0,0,0,0,1,0,0,0,0,7,3,6,2,17.0,5,8,5,11,7,0.4531,64,34,244,2592,FiQA
SELECT,8.5,0,0,1,0,0,3,0,0,0,0,0,0,0,0,1,0,0,0,0,4,2,4,2,12.0,4,1,3,11,7,0.6452,31,27,122,1763,FiQA
SELECT,8.5,0,0,1,0,0,3,0,0,0,0,0,0,0,0,1,0,0,0,0,4,2,4,2,12.0,3,1,3,11,7,0.6364,33,27,125,1767,FiQA
SELECT,8.5,0,0,1,0,0,3,0,0,0,0,0,0,0,0,1,0,0,0,0,4,2,4,2,12.0,3,1,3,11,7,0.6364,33,27,134,1875,FiQA
SELECT,4.5,0,0,1,0,0,3,0,0,0,0,0,0,0,0,0,0,0,0,0,3,1,4,2,10.0,4,2,3,11,7,0.625,32,28,143,1903,FiQA
SELECT,10.5,0,0,1,0,0,3,2,0,0,0,0,0,0,0,0,0,0,0,0,5,2,7,2,16.5,9,7,5,11,7,0.5357,56,32,231,2441,FiQA
SELECT,8.5,0,0,1,0,0,3,0,0,0,0,0,0,0,0,1,0,0,0,0,4,2,4,2,12.0,4,1,3,11,7,0.6957,23,27,116,1697,FiQA
SELECT,8.5,0,0,1,0,0,3,0,0,0,0,0,0,0,0,1,0,0,0,0,4,2,4,2,12.0,3,1,3,11,7,0.6129,31,27,137,1816,FiQA
SELECT,8.5,0,0,1,0,0,3,0,0,0,0,0,0,0,0,1,0,0,0,0,4,2,4,2,12.0,4,1,3,14,7,0.6061,33,27,143,1880,FiQA
SELECT,13.0,0,1,1,0,1,4,0,0,0,0,0,0,0,0,1,0,0,0,0,6,3,4,3,15.0,4,1,3,12,7,0.5333,60,29,228,2308,FiQA
SELECT,8.5,0,0,1,0,0,3,0,0,0,0,0,0,0,0,1,0,0,0,0,4,2,4,2,12.0,3,1,3,11,7,0.6538,26,27,125,1786,FiQA
SELECT,8.5,0,0,1,0,0,3,0,0,0,0,0,0,0,0,1,0,0,0,0,4,2,4,2,12.0,4,1,3,11,7,0.4918,61,27,200,2299,FiQA
SELECT,8.5,0,0,1,0,0,3,0,0,0,0,0,0,0,0,1,0,0,0,0,4,2,4,2,12.0,4,1,3,11,7,0.6452,31,27,128,1809,FiQA
SELECT,8.5,0,0,1,0,0,3,0,0,0,0,0,0,0,0,1,0,0,0,0,4,2,4,2,12.0,4,1,3,11,7,0.6452,31,27,125,1806,FiQA
SELECT,8.5,0,0,1,0,0,3,0,0,0,0,0,0,0,0,1,0,0,0,0,4,2,4,2,12.0,4,1,3,11,7,0.6364,33,27,143,1909,FiQA
SELECT,8.5,0,0,1,0,0,3,0,0,0,0,0,0,0,0,1,0,0,0,0,4,2,4,2,12.0,4,1,3,11,7,0.6,35,27,143,1904,FiQA
SELECT,8.5,0,0,1,0,0,3,0,0,0,0,0,0,0,0,1,0,0,0,0,4,2,4,2,12.0,3,1,3,11,7,0.6667,27,27,119,1744,FiQA
SELECT,38.5,0,1,1,0,4,3,6,0,0,0,0,0,0,0,1,0,0,0,0,14,4,9,3,24.5,10,13,16,11,7,0.3426,108,44,428,3740,FiQA
SELECT,8.5,0,0,1,0,0,3,0,0,0,0,0,0,0,0,1,0,0,0,0,4,2,4,2,12.0,3,1,3,11,7,0.4868,76,27,212,2279,FiQA
SELECT,4.5,0,0,1,0,0,3,0,0,0,0,0,0,0,0,0,0,0,0,0,3,1,4,2,10.0,3,1,3,11,7,0.6,30,27,134,1759,FiQA
SELECT,8.5,0,0,1,0,0,3,0,0,0,0,0,0,0,0,1,0,0,0,0,4,2,4,2,12.0,4,1,3,11,7,0.6667,27,27,128,1742,FiQA
SELECT,7.5,0,0,1,0,0,3,1,0,0,0,0,0,0,0,0,0,0,0,0,4,2,6,2,15.0,6,12,3,11,7,0.4156,77,30,270,2720,FiQA
SELECT,11.5,0,0,1,0,0,5,0,0,0,0,0,0,0,0,1,0,0,0,0,6,2,4,2,12.0,4,1,3,16,7,0.5439,57,29,206,2368,FiQA
SELECT,11.5,0,0,1,0,0,5,0,0,0,0,0,0,0,0,1,0,0,0,0,6,2,4,2,12.0,4,1,3,16,7,0.5532,47,29,200,2278,FiQA
SELECT,11.5,0,0,1,0,0,5,0,0,0,0,0,0,0,0,1,0,0,0,0,6,2,5,2,13.5,8,6,3,13,7,0.3672,177,30,431,3782,FiQA
SELECT,17.5,0,0,1,0,0,3,3,0,0,0,0,0,0,0,1,0,0,0,0,7,3,5,2,15.5,7,10,5,11,7,0.4412,68,34,258,2690,FiQA
SELECT,8.5,0,0,1,0,0,3,0,0,0,0,0,0,0,0,1,0,0,0,0,4,2,4,2,12.0,3,1,3,11,7,0.4667,60,27,206,2201,FiQA
SELECT,4.5,0,0,1,0,0,3,0,0,0,0,0,0,0,0,0,0,0,0,0,3,1,4,2,10.0,4,1,3,11,7,0.5714,35,27,137,1859,FiQA
SELECT,4.5,0,0,1,0,0,3,0,0,0,0,0,0,0,0,0,0,0,0,0,3,1,4,2,10.0,3,1,3,11,7,0.3947,76,27,221,2260,FiQA
SELECT,11.5,0,0,1,0,0,5,0,0,0,0,0,0,0,0,1,0,0,0,0,6,2,5,2,13.5,7,5,3,13,7,0.4267,75,30,248,2638,FiQA
SELECT,8.5,0,0,1,0,0,3,0,0,0,0,0,0,0,0,1,0,0,0,0,4,2,4,2,12.0,3,1,3,11,7,0.6552,29,27,122,1783,FiQA
SELECT,8.5,0,0,1,0,0,3,0,0,0,0,0,0,0,0,1,0,0,0,0,4,2,4,2,12.0,3,1,3,11,7,0.6364,33,27,131,1813,FiQA
SELECT,11.5,0,0,1,0,0,5,0,0,0,0,0,0,0,0,1,0,0,0,0,6,2,4,2,12.0,4,1,3,13,7,0.459,61,29,209,2340,FiQA
SELECT,20.5,0,0,1,0,0,3,4,0,0,0,0,0,0,0,1,0,0,0,0,8,3,7,2,18.5,7,15,5,11,7,0.4359,78,36,302,3005,FiQA
SELECT,8.5,0,0,1,0,0,3,0,0,0,0,0,0,0,0,1,0,0,0,0,4,2,4,2,12.0,3,1,3,11,7,0.473,74,27,215,2283,FiQA
SELECT,14.5,0,0,1,0,0,3,2,0,0,0,0,0,0,0,1,0,0,0,0,6,3,5,2,15.5,6,3,4,11,7,0.5588,34,32,189,2181,FiQA
SELECT,8.5,0,0,1,0,0,3,0,0,0,0,0,0,0,0,1,0,0,0,0,4,2,4,2,12.0,4,1,3,11,7,0.5676,37,27,160,1988,FiQA
SELECT,13.0,0,1,1,0,1,4,0,0,0,0,0,0,0,0,1,0,0,0,0,6,3,4,2,14.0,6,1,4,12,7,0.4158,101,29,320,3020,FiQA
SELECT,29.5,0,0,1,0,0,3,7,0,0,0,0,0,0,0,1,0,0,0,0,11,3,6,2,17.0,6,9,3,11,7,0.4217,83,30,317,3039,FiQA
SELECT,4.5,0,0,1,0,0,3,0,0,0,0,0,0,0,0,0,0,0,0,0,3,1,4,2,10.0,4,1,3,11,7,0.5789,19,27,115,1694,FiQA
SELECT,4.5,0,0,1,0,0,3,0,0,0,0,0,0,0,0,0,0,0,0,0,3,1,4,2,10.0,3,1,3,11,7,0.5116,43,27,151,1965,FiQA
SELECT,8.5,0,0,1,0,0,3,0,0,0,0,0,0,0,0,1,0,0,0,0,4,2,4,2,12.0,3,1,3,11,7,0.5676,37,27,163,2003,FiQA
SELECT,4.5,0,0,1,0,0,3,0,0,0,0,0,0,0,0,0,0,0,0,0,3,1,4,2,10.0,3,1,3,11,7,0.5278,36,27,157,1942,FiQA
SELECT,8.5,0,0,1,0,0,3,0,0,0,0,0,0,0,0,1,0,0,0,0,4,2,4,2,12.0,3,1,3,11,7,0.5789,38,27,142,1918,FiQA
SELECT,8.5,0,0,1,0,0,3,0,0,0,0,0,0,0,0,1,0,0,0,0,4,2,4,2,12.0,4,1,3,11,7,0.4906,53,27,181,2142,FiQA
SELECT,8.5,0,0,1,0,0,3,0,0,0,0,0,0,0,0,1,0,0,0,0,4,2,4,2,12.0,3,1,3,11,7,0.5,60,27,193,2203,FiQA
SELECT,4.5,0,0,1,0,0,3,0,0,0,0,0,0,0,0,0,0,0,0,0,3,1,4,2,10.0,3,1,3,11,7,0.5588,34,27,157,1957,FiQA
SELECT,10.0,0,0,1,0,0,4,0,0,0,0,0,0,0,0,1,0,0,0,0,5,2,5,2,13.5,5,1,4,13,8,0.5946,37,31,168,2153,LegalQA
SELECT,7.0,0,0,1,0,0,2,0,0,0,0,0,0,0,0,1,0,0,0,0,3,2,3,2,10.5,2,1,2,14,8,0.449,49,30,191,2245,LegalQA
SELECT,8.5,0,0,1,0,0,3,0,0,0,0,0,0,0,0,1,0,0,0,0,4,2,4,2,12.0,4,1,3,14,8,0.5532,47,31,195,2264,LegalQA
SELECT,8.5,0,0,1,0,0,3,0,0,0,0,0,0,0,0,1,0,0,0,0,4,2,3,2,10.5,3,1,3,13,8,0.5283,53,30,187,2306,LegalQA
SELECT,7.0,0,0,1,0,0,2,0,0,0,0,0,0,0,0,1,0,0,0,0,3,2,2,2,9.0,3,1,2,13,8,0.5106,47,29,175,2110,LegalQA
SELECT,8.5,0,0,1,0,0,3,0,0,0,0,0,0,0,0,1,0,0,0,0,4,2,4,2,12.0,4,1,3,13,8,0.6207,29,30,144,1995,LegalQA
SELECT,8.5,0,0,1,0,0,3,0,0,0,0,0,0,0,0,1,0,0,0,0,4,2,4,2,12.0,4,1,3,13,8,0.6061,33,30,157,2077,LegalQA
SELECT,7.0,0,0,1,0,0,2,0,0,0,0,0,0,0,0,1,0,0,0,0,3,2,3,2,10.5,3,1,2,13,7,0.5366,41,28,153,2049,LegalQA
SELECT,7.0,0,0,1,0,0,2,0,0,0,0,0,0,0,0,1,0,0,0,0,3,2,3,2,10.5,3,1,2,15,8,0.4667,45,31,184,2228,LegalQA
SELECT,8.5,0,0,1,0,0,3,0,0,0,0,0,0,0,0,1,0,0,0,0,4,2,3,2,10.5,3,1,3,13,8,0.5714,35,30,156,2053,LegalQA
SELECT,8.5,0,0,1,0,0,3,0,0,0,0,0,0,0,0,1,0,0,0,0,4,2,4,2,12.0,4,1,3,13,8,0.4675,77,30,235,2533,LegalQA
SELECT,19.0,0,0,1,0,0,4,3,0,0,0,0,0,0,0,1,0,0,0,0,8,3,6,2,17.0,8,4,6,16,8,0.5128,39,38,205,2480,LegalQA
SELECT,7.0,0,0,1,0,0,2,0,0,0,0,0,0,0,0,1,0,0,0,0,3,2,3,2,10.5,3,1,2,13,8,0.5128,39,29,159,1998,LegalQA
SELECT,8.5,0,0,1,0,0,3,0,0,0,0,0,0,0,0,1,0,0,0,0,4,2,4,2,12.0,4,1,3,16,8,0.4717,53,30,187,2294,LegalQA
SELECT,8.5,0,0,1,0,0,3,0,0,0,0,0,0,0,0,1,0,0,0,0,4,2,4,2,12.0,4,1,3,13,8,0.5122,41,30,176,2114,LegalQA
SELECT,7.0,0,0,1,0,0,2,0,0,0,0,0,0,0,0,1,0,0,0,0,3,2,3,2,10.5,3,1,2,13,8,0.5273,55,29,179,2192,LegalQA
SELECT,7.0,0,0,1,0,0,2,0,0,0,0,0,0,0,0,1,0,0,0,0,3,2,3,2,10.5,3,1,2,13,8,0.3871,93,29,255,2635,LegalQA
SELECT,8.5,0,0,1,0,0,3,0,0,0,0,0,0,0,0,1,0,0,0,0,4,2,4,2,12.0,4,1,3,14,8,0.5098,51,31,192,2292,LegalQA
SELECT,11.5,0,0,1,0,0,5,0,0,0,0,0,0,0,0,1,0,0,0,0,6,2,5,2,13.5,6,1,5,13,8,0.5102,49,32,196,2302,LegalQA
SELECT,8.5,0,0,1,0,0,3,0,0,0,0,0,0,0,0,1,0,0,0,0,4,2,4,2,12.0,3,1,3,13,8,0.5254,59,30,196,2318,LegalQA
SELECT,7.0,0,0,1,0,0,2,0,0,0,0,0,0,0,0,1,0,0,0,0,3,2,3,2,10.5,3,1,2,13,8,0.4928,69,29,209,2320,LegalQA
SELECT,7.0,0,0,1,0,0,2,0,0,0,0,0,0,0,0,1,0,0,0,0,3,2,3,2,10.5,3,1,2,17,8,0.5641,39,30,174,2137,LegalQA
SELECT,7.0,0,0,1,0,0,2,0,0,0,0,0,0,0,0,1,0,0,0,0,3,2,4,2,12.0,5,4,2,13,8,0.5455,77,30,259,2651,LegalQA
SELECT,7.0,0,0,1,0,0,2,0,0,0,0,0,0,0,0,1,0,0,0,0,3,2,3,2,10.5,3,1,2,13,8,0.4906,53,29,185,2201,LegalQA
SELECT,8.5,0,0,1,0,0,3,0,0,0,0,0,0,0,0,1,0,0,0,0,4,2,3,2,10.5,3,1,3,14,8,0.4912,57,31,211,2380,LegalQA
SELECT,5.5,0,0,1,0,0,1,0,0,0,0,0,0,0,0,1,0,0,0,0,2,2,2,2,9.0,2,1,1,13,8,0.6061,33,28,138,1898,LegalQA
SELECT,10.0,0,0,1,0,0,4,0,0,0,0,0,0,0,0,1,0,0,0,0,5,2,4,2,12.0,4,1,4,13,8,0.5102,49,31,197,2341,LegalQA
SELECT,8.5,0,0,1,0,0,3,0,0,0,0,0,0,0,0,1,0,0,0,0,4,2,4,2,12.0,4,1,3,13,8,0.5085,59,30,220,2392,LegalQA
SELECT,10.0,0,0,1,0,0,4,0,0,0,0,0,0,0,0,1,0,0,0,0,5,2,4,2,12.0,5,1,4,13,8,0.6129,31,31,155,2096,LegalQA
SELECT,7.0,0,0,1,0,0,2,0,0,0,0,0,0,0,0,1,0,0,0,0,3,2,3,2,10.5,2,1,2,14,8,0.5319,47,30,183,2168,LegalQA
SELECT,7.0,0,0,1,0,0,2,0,0,0,0,0,0,0,0,1,0,0,0,0,3,2,2,2,9.0,3,1,2,14,8,0.4603,63,30,228,2389,LegalQA
SELECT,10.0,0,0,1,0,0,4,0,0,0,0,0,0,0,0,1,0,0,0,0,5,2,4,2,12.0,5,1,4,13,8,0.5714,35,31,158,2122,LegalQA
SELECT,8.5,0,0,1,0,0,3,0,0,0,0,0,0,0,0,1,0,0,0,0,4,2,4,2,12.0,4,1,3,14,8,0.5091,55,31,205,2411,LegalQA
SELECT,7.0,0,0,1,0,0,2,0,0,0,0,0,0,0,0,1,0,0,0,0,3,2,3,2,10.5,2,1,2,13,8,0.551,49,29,173,2111,LegalQA
SELECT,8.5,0,0,1,0,0,3,0,0,0,0,0,0,0,0,1,0,0,0,0,4,2,4,2,12.0,3,1,3,19,8,0.5676,37,30,166,2082,LegalQA
SELECT,7.0,0,0,1,0,0,2,0,0,0,0,0,0,0,0,1,0,0,0,0,3,2,3,2,10.5,2,1,2,13,8,0.5091,55,29,194,2291,LegalQA
SELECT,10.0,0,0,1,0,0,4,0,0,0,0,0,0,0,0,1,0,0,0,0,5,2,4,2,12.0,5,1,4,12,8,0.5102,49,30,173,2338,LegalQA
SELECT,7.0,0,0,1,0,0,2,0,0,0,0,0,0,0,0,1,0,0,0,0,3,2,3,2,10.5,3,1,2,13,8,0.5385,39,29,175,2115,LegalQA
SELECT,7.0,0,0,1,0,0,2,0,0,0,0,0,0,0,0,1,0,0,0,0,3,2,3,2,10.5,3,1,2,13,8,0.449,49,29,180,2214,LegalQA
SELECT,10.0,0,0,1,0,0,4,0,0,0,0,0,0,0,0,1,0,0,0,0,5,2,4,2,12.0,5,1,4,12,8,0.4898,49,30,174,2221,LegalQA
SELECT,8.5,0,0,1,0,0,3,0,0,0,0,0,0,0,0,1,0,0,0,0,4,2,3,2,10.5,4,1,3,13,8,0.5128,39,30,165,2032,LegalQA
SELECT,7.0,0,0,1,0,0,2,0,0,0,0,0,0,0,0,1,0,0,0,0,3,2,3,2,10.5,3,1,2,14,8,0.5116,43,30,176,2155,LegalQA
SELECT,8.5,0,0,1,0,0,3,0,0,0,0,0,0,0,0,1,0,0,0,0,4,2,4,2,12.0,3,1,3,15,8,0.5085,59,32,230,2396,LegalQA
SELECT,7.0,0,0,1,0,0,2,0,0,0,0,0,0,0,0,1,0,0,0,0,3,2,3,2,10.5,2,1,2,13,8,0.5385,39,29,158,2020,LegalQA
SELECT,5.5,0,0,1,0,0,1,0,0,0,0,0,0,0,0,1,0,0,0,0,2,2,2,2,9.0,2,1,1,13,8,0.5641,39,28,150,1973,LegalQA
SELECT,5.5,0,0,1,0,0,1,0,0,0,0,0,0,0,0,1,0,0,0,0,2,2,2,2,9.0,2,1,1,13,8,0.5122,41,28,151,1993,LegalQA
SELECT,10.0,0,0,1,0,0,4,0,0,0,0,0,0,0,0,1,0,0,0,0,5,2,4,2,12.0,4,1,4,13,8,0.381,63,31,209,2415,LegalQA
SELECT,10.0,0,0,1,0,0,4,0,0,0,0,0,0,0,0,1,0,0,0,0,5,2,4,2,12.0,4,1,4,13,8,0.381,63,31,227,2478,LegalQA
SELECT,10.0,0,0,1,0,0,4,0,0,0,0,0,0,0,0,1,0,0,0,0,5,2,5,2,13.5,5,1,4,14,8,0.5082,61,32,225,2583,LegalQA
SELECT,7.0,0,0,1,0,0,2,0,0,0,0,0,0,0,0,1,0,0,0,0,3,2,3,2,10.5,3,1,2,13,8,0.5122,41,29,167,2129,LegalQA
SELECT,10.0,0,0,1,0,0,4,0,0,0,0,0,0,0,0,1,0,0,0,0,5,2,5,2,13.5,5,1,4,14,8,0.5306,49,32,208,2388,LegalQA
SELECT,7.0,0,0,1,0,0,2,0,0,0,0,0,0,0,0,1,0,0,0,0,3,2,3,2,10.5,3,1,2,13,8,0.5556,45,29,167,2071,LegalQA
SELECT,8.5,0,0,1,0,0,3,0,0,0,0,0,0,0,0,1,0,0,0,0,4,2,4,2,12.0,3,1,3,14,8,0.5263,57,31,215,2473,LegalQA
SELECT,10.0,0,0,1,0,0,4,0,0,0,0,0,0,0,0,1,0,0,0,0,5,2,4,2,12.0,4,1,4,15,8,0.4667,45,30,179,2193,LegalQA
SELECT,10.0,0,0,1,0,0,4,0,0,0,0,0,0,0,0,1,0,0,0,0,5,2,4,2,12.0,5,1,4,13,8,0.4906,53,31,188,2251,LegalQA
SELECT,10.0,0,0,1,0,0,4,0,0,0,0,0,0,0,0,1,0,0,0,0,5,2,4,2,12.0,5,1,4,13,8,0.5333,45,31,188,2288,LegalQA
SELECT,7.0,0,0,1,0,0,2,0,0,0,0,0,0,0,0,1,0,0,0,0,3,2,3,2,10.5,2,1,2,13,8,0.5946,37,29,158,2033,LegalQA
SELECT,10.0,0,0,1,0,0,4,0,0,0,0,0,0,0,0,1,0,0,0,0,5,2,4,2,12.0,5,1,4,13,8,0.5385,39,31,173,2193,LegalQA
SELECT,8.5,0,0,1,0,0,3,0,0,0,0,0,0,0,0,1,0,0,0,0,4,2,4,2,12.0,4,1,3,13,8,0.5676,37,30,193,2222,LegalQA
SELECT,8.5,0,0,1,0,0,3,0,0,0,0,0,0,0,0,1,0,0,0,0,4,2,3,2,10.5,3,1,3,14,8,0.5085,59,31,210,2425,LegalQA
SELECT,10.0,0,0,1,0,0,4,0,0,0,0,0,0,0,0,1,0,0,0,0,5,2,4,2,12.0,4,1,4,13,8,0.5091,55,31,215,2380,LegalQA
SELECT,10.0,0,0,1,0,0,4,0,0,0,0,0,0,0,0,1,0,0,0,0,5,2,5,2,13.5,5,1,4,14,8,0.549,51,32,215,2440,LegalQA
SELECT,8.5,0,0,1,0,0,3,0,0,0,0,0,0,0,0,1,0,0,0,0,4,2,3,2,10.5,4,1,3,13,8,0.5641,39,30,162,2112,LegalQA
SELECT,8.5,0,0,1,0,0,3,0,0,0,0,0,0,0,0,1,0,0,0,0,4,2,3,2,10.5,4,1,3,13,8,0.549,51,30,195,2287,LegalQA
SELECT,7.0,0,0,1,0,0,2,0,0,0,0,0,0,0,0,1,0,0,0,0,3,2,3,2,10.5,2,1,2,13,8,0.5306,49,29,179,2150,LegalQA
SELECT,10.0,0,0,1,0,0,4,0,0,0,0,0,0,0,0,1,0,0,0,0,5,2,4,2,12.0,5,1,4,12,8,0.549,51,30,194,2331,LegalQA
SELECT,8.5,0,0,1,0,0,3,0,0,0,0,0,0,0,0,1,0,0,0,0,4,2,3,2,10.5,4,1,3,14,7,0.5106,47,30,190,2299,LegalQA
SELECT,10.0,0,0,1,0,0,4,0,0,0,0,0,0,0,0,1,0,0,0,0,5,2,4,2,12.0,6,2,4,12,8,0.5556,45,31,167,2238,LegalQA
SELECT,8.5,0,0,1,0,0,3,0,0,0,0,0,0,0,0,1,0,0,0,0,4,2,4,2,12.0,4,1,3,17,8,0.5333,45,31,179,2226,LegalQA
SELECT,5.5,0,0,1,0,0,1,0,0,0,0,0,0,0,0,1,0,0,0,0,2,2,2,2,9.0,2,1,1,14,8,0.5581,43,29,173,2101,LegalQA
SELECT,7.0,0,0,1,0,0,2,0,0,0,0,0,0,0,0,1,0,0,0,0,3,2,3,2,10.5,3,1,2,13,8,0.5306,49,29,168,2109,LegalQA
SELECT,7.0,0,0,1,0,0,2,0,0,0,0,0,0,0,0,1,0,0,0,0,3,2,3,2,10.5,2,1,2,13,8,0.561,41,29,167,2062,LegalQA
SELECT,8.5,0,0,1,0,0,3,0,0,0,0,0,0,0,0,1,0,0,0,0,4,2,4,2,12.0,4,1,3,13,8,0.4898,49,30,191,2199,LegalQA
SELECT,8.5,0,0,1,0,0,3,0,0,0,0,0,0,0,0,1,0,0,0,0,4,2,4,2,12.0,4,1,3,13,8,0.5946,37,30,166,2122,LegalQA
SELECT,7.0,0,0,1,0,0,2,0,0,0,0,0,0,0,0,1,0,0,0,0,3,2,3,2,10.5,3,1,2,18,8,0.5079,63,31,231,2480,LegalQA
SELECT,10.0,0,0,1,0,0,4,0,0,0,0,0,0,0,0,1,0,0,0,0,5,2,4,2,12.0,4,1,4,13,8,0.6286,35,31,155,2042,LegalQA
SELECT,7.0,0,0,1,0,0,2,0,0,0,0,0,0,0,0,1,0,0,0,0,3,2,3,2,10.5,3,1,2,14,8,0.4912,57,30,216,2423,LegalQA
SELECT,10.0,0,0,1,0,0,4,0,0,0,0,0,0,0,0,1,0,0,0,0,5,2,4,2,12.0,4,1,4,14,8,0.5273,55,32,221,2494,LegalQA
SELECT,7.0,0,0,1,0,0,2,0,0,0,0,0,0,0,0,1,0,0,0,0,3,2,3,2,10.5,3,1,2,13,8,0.5106,47,29,173,2076,LegalQA
SELECT,8.5,0,0,1,0,0,3,0,0,0,0,0,0,0,0,1,0,0,0,0,4,2,4,2,12.0,4,1,3,13,8,0.5122,41,30,170,2078,LegalQA
SELECT,5.5,0,0,1,0,0,1,0,0,0,0,0,0,0,0,1,0,0,0,0,2,2,2,2,9.0,2,1,1,13,8,0.5897,39,28,150,1972,LegalQA
SELECT,8.5,0,0,1,0,0,3,0,0,0,0,0,0,0,0,1,0,0,0,0,4,2,4,2,12.0,4,1,3,12,8,0.4915,59,29,188,2217,LegalQA
SELECT,10.0,0,0,1,0,0,4,0,0,0,0,0,0,0,0,1,0,0,0,0,5,2,4,2,12.0,5,1,4,14,7,0.459,61,31,228,2509,LegalQA
SELECT,10.0,0,0,1,0,0,4,0,0,0,0,0,0,0,0,1,0,0,0,0,5,2,5,2,13.5,4,1,4,14,8,0.5263,57,32,218,2465,LegalQA
SELECT,7.0,0,0,1,0,0,2,0,0,0,0,0,0,0,0,1,0,0,0,0,3,2,3,2,10.5,3,1,2,17,8,0.4717,53,30,196,2314,LegalQA
SELECT,10.0,0,0,1,0,0,4,0,0,0,0,0,0,0,0,1,0,0,0,0,5,2,4,2,12.0,5,1,4,13,8,0.5098,51,31,203,2372,LegalQA
SELECT,7.0,0,0,1,0,0,2,0,0,0,0,0,0,0,0,1,0,0,0,0,3,2,3,2,10.5,3,1,2,14,8,0.5294,51,30,199,2284,LegalQA
SELECT,8.5,0,0,1,0,0,3,0,0,0,0,0,0,0,0,1,0,0,0,0,4,2,3,2,10.5,3,1,3,13,8,0.5778,45,30,171,2196,LegalQA
SELECT,7.0,0,0,1,0,0,2,0,0,0,0,0,0,0,0,1,0,0,0,0,3,2,3,2,10.5,3,1,2,13,8,0.5745,47,29,173,2156,LegalQA
SELECT,8.5,0,0,1,0,0,3,0,0,0,0,0,0,0,0,1,0,0,0,0,4,2,3,2,10.5,3,1,3,13,8,0.5385,39,30,165,2096,LegalQA
SELECT,7.0,0,0,1,0,0,2,0,0,0,0,0,0,0,0,1,0,0,0,0,3,2,3,2,10.5,3,1,2,18,8,0.5294,51,28,176,2134,LegalQA
SELECT,8.5,0,0,1,0,0,3,0,0,0,0,0,0,0,0,1,0,0,0,0,4,2,4,2,12.0,3,1,3,13,8,0.4906,53,30,193,2300,LegalQA
SELECT,8.5,0,0,1,0,0,3,0,0,0,0,0,0,0,0,1,0,0,0,0,4,2,3,2,10.5,4,1,3,13,8,0.5082,61,30,201,2347,LegalQA
SELECT,8.5,0,0,1,0,0,3,0,0,0,0,0,0,0,0,1,0,0,0,0,4,2,3,2,10.5,3,1,3,14,8,0.5455,55,31,197,2333,LegalQA
SELECT,11.5,0,0,1,0,0,5,0,0,0,0,0,0,0,0,1,0,0,0,0,6,2,5,2,13.5,5,1,5,14,8,0.5439,57,33,240,2652,LegalQA
SELECT,10.0,0,0,1,0,0,4,0,0,0,0,0,0,0,0,1,0,0,0,0,5,2,4,2,12.0,4,1,4,13,8,0.459,61,31,225,2625,LegalQA
SELECT,10.0,0,0,1,0,0,4,0,0,0,0,0,0,0,0,1,0,0,0,0,5,2,4,2,12.0,5,1,4,14,7,0.4603,63,31,213,2473,LegalQA
SELECT,10.0,0,0,1,0,0,4,0,0,0,0,0,0,0,0,1,0,0,0,0,5,2,4,2,12.0,5,1,4,13,8,0.5094,53,31,206,2341,LegalQA
SELECT,8.5,0,0,1,0,0,3,0,0,0,0,0,0,0,0,1,0,0,0,0,4,2,4,2,12.0,4,1,3,13,8,0.4915,59,30,202,2387,LegalQA
SELECT,5.5,0,0,1,0,0,1,0,0,0,0,0,0,0,0,1,0,0,0,0,2,2,2,2,9.0,2,1,1,13,8,0.5405,37,28,151,1933,LegalQA
SELECT,7.0,0,0,1,0,0,2,0,0,0,0,0,0,0,0,1,0,0,0,0,3,2,2,2,9.0,3,1,2,13,8,0.5333,45,29,160,2016,LegalQA
SELECT,10.0,0,0,1,0,0,4,0,0,0,0,0,0,0,0,1,0,0,0,0,5,2,4,2,12.0,4,1,4,14,8,0.4762,63,32,228,2535,LegalQA
SELECT,10.0,0,0,1,0,0,2,1,0,0,0,0,0,0,0,1,0,0,0,0,4,3,4,2,14.0,6,7,2,13,8,0.4364,55,32,230,2620,LegalQA
SELECT,10.0,0,0,1,0,0,4,0,0,0,0,0,0,0,0,1,0,0,0,0,5,2,4,2,12.0,5,1,4,13,8,0.5946,37,31,173,2191,LegalQA
SELECT,7.0,0,0,1,0,0,2,0,0,0,0,0,0,0,0,1,0,0,0,0,3,2,2,2,9.0,3,1,2,13,8,0.5077,65,29,202,2270,LegalQA
SELECT,7.0,0,0,1,0,0,2,0,0,0,0,0,0,0,0,1,0,0,0,0,3,2,3,2,10.5,3,1,2,13,8,0.561,41,29,167,2078,LegalQA
SELECT,10.0,0,0,1,0,0,4,0,0,0,0,0,0,0,0,1,0,0,0,0,5,2,4,2,12.0,4,1,4,13,8,0.5238,63,31,218,2517,LegalQA
SELECT,10.0,0,0,1,0,0,4,0,0,0,0,0,0,0,0,1,0,0,0,0,5,2,4,2,12.0,5,1,4,13,8,0.5102,49,31,203,2393,LegalQA
SELECT,10.0,0,0,1,0,0,4,0,0,0,0,0,0,0,0,1,0,0,0,0,5,2,4,2,12.0,4,1,4,12,8,0.6364,33,30,149,2028,LegalQA
SELECT,7.0,0,0,1,0,0,2,0,0,0,0,0,0,0,0,1,0,0,0,0,3,2,3,2,10.5,3,1,2,13,8,0.5116,43,29,165,2040,LegalQA
SELECT,16.0,0,0,1,0,0,2,3,0,0,0,0,0,0,0,1,0,0,0,0,6,3,5,2,15.5,10,10,4,14,8,0.5077,65,37,286,3060,LegalQA
SELECT,10.0,0,0,1,0,0,4,0,0,0,0,0,0,0,0,1,0,0,0,0,5,2,5,2,13.5,5,1,4,15,8,0.5745,47,33,202,2378,LegalQA
SELECT,10.0,0,0,1,0,0,4,0,0,0,0,0,0,0,0,1,0,0,0,0,5,2,4,2,12.0,5,1,4,14,8,0.5614,57,32,215,2397,LegalQA
SELECT,7.0,0,0,1,0,0,2,0,0,0,0,0,0,0,0,1,0,0,0,0,3,2,3,2,10.5,3,1,2,13,8,0.6207,29,29,134,1842,LegalQA
SELECT,7.0,0,0,1,0,0,2,0,0,0,0,0,0,0,0,1,0,0,0,0,3,2,3,2,10.5,3,1,2,16,8,0.6129,31,29,149,1919,LegalQA
SELECT,7.0,0,0,1,0,0,2,0,0,0,0,0,0,0,0,1,0,0,0,0,3,2,3,2,10.5,2,1,2,13,8,0.5581,43,29,167,2104,LegalQA
SELECT,8.5,0,0,1,0,0,3,0,0,0,0,0,0,0,0,1,0,0,0,0,4,2,4,2,12.0,4,1,3,13,8,0.5111,45,30,175,2094,LegalQA
SELECT,8.5,0,0,1,0,0,3,0,0,0,0,0,0,0,0,1,0,0,0,0,4,2,4,2,12.0,4,1,3,14,8,0.4557,79,31,259,2832,LegalQA
SELECT,7.0,0,0,1,0,0,2,0,0,0,0,0,0,0,0,1,0,0,0,0,3,2,3,2,10.5,3,1,2,13,8,0.5,50,29,184,2241,LegalQA
SELECT,10.0,0,0,1,0,0,4,0,0,0,0,0,0,0,0,1,0,0,0,0,5,2,4,2,12.0,5,1,4,16,8,0.5085,59,31,212,2352,LegalQA
SELECT,10.0,0,0,1,0,0,4,0,0,0,0,0,0,0,0,1,0,0,0,0,5,2,5,2,13.5,5,1,4,14,8,0.4918,61,32,234,2566,LegalQA
SELECT,10.0,0,0,1,0,0,4,0,0,0,0,0,0,0,0,1,0,0,0,0,5,2,4,2,12.0,4,1,4,13,8,0.5349,43,31,180,2232,LegalQA
SELECT,8.5,0,0,1,0,0,3,0,0,0,0,0,0,0,0,1,0,0,0,0,4,2,4,2,12.0,4,1,3,13,8,0.5676,37,30,163,2093,LegalQA
SELECT,8.5,0,0,1,0,0,3,0,0,0,0,0,0,0,0,1,0,0,0,0,4,2,4,2,12.0,4,1,3,13,7,0.4894,47,29,184,2304,LegalQA
SELECT,8.5,0,0,1,0,0,3,0,0,0,0,0,0,0,0,1,0,0,0,0,4,2,3,2,10.5,4,1,3,13,8,0.551,49,30,183,2208,LegalQA
SELECT,8.5,0,0,1,0,0,3,0,0,0,0,0,0,0,0,1,0,0,0,0,4,2,4,2,12.0,4,1,3,13,8,0.5102,49,30,179,2190,LegalQA
SELECT,8.5,0,0,1,0,0,3,0,0,0,0,0,0,0,0,1,0,0,0,0,4,2,4,2,12.0,3,1,3,13,8,0.5094,53,30,194,2315,LegalQA
SELECT,7.0,0,0,1,0,0,2,0,0,0,0,0,0,0,0,1,0,0,0,0,3,2,3,2,10.5,3,1,2,13,8,0.5556,45,29,182,2125,LegalQA
SELECT,7.0,0,0,1,0,0,2,0,0,0,0,0,0,0,0,1,0,0,0,0,3,2,3,2,10.5,3,1,2,13,8,0.5283,53,29,185,2201,LegalQA
SELECT,8.5,0,0,1,0,0,3,0,0,0,0,0,0,0,0,1,0,0,0,0,4,2,4,2,12.0,4,1,3,13,8,0.5111,45,30,178,2154,LegalQA
SELECT,8.5,0,0,1,0,0,3,0,0,0,0,0,0,0,0,1,0,0,0,0,4,2,4,2,12.0,4,1,3,13,7,0.4878,41,29,167,2173,LegalQA
SELECT,8.5,0,0,1,0,0,3,0,0,0,0,0,0,0,0,1,0,0,0,0,4,2,4,2,12.0,4,1,3,13,8,0.4898,49,30,194,2239,LegalQA
SELECT,3.0,0,0,1,0,0,2,0,0,0,0,0,0,0,0,0,0,0,0,0,2,1,3,2,8.5,2,1,2,12,8,0.5,44,28,165,2087,LegalQA
SELECT,19.0,0,0,1,0,0,4,3,0,0,0,0,0,0,0,1,0,0,0,0,8,3,4,2,14.0,4,1,4,13,8,0.5273,55,31,207,2458,LegalQA
SELECT,10.0,0,0,1,0,0,4,0,0,0,0,0,0,0,0,1,0,0,0,0,5,2,5,2,13.5,5,1,4,14,8,0.549,51,32,217,2400,LegalQA
SELECT,13.0,0,0,1,0,0,4,1,0,0,0,0,0,0,0,1,0,0,0,0,6,3,5,2,15.5,9,5,4,14,8,0.4923,65,35,257,2727,LegalQA
SELECT,7.0,0,0,1,0,0,2,0,0,0,0,0,0,0,0,1,0,0,0,0,3,2,3,2,10.5,3,1,2,14,8,0.5077,65,30,224,2447,LegalQA
SELECT,8.5,0,0,1,0,0,3,0,0,0,0,0,0,0,0,1,0,0,0,0,4,2,4,2,12.0,4,1,3,13,8,0.5091,55,30,193,2271,LegalQA
SELECT,11.5,0,0,1,0,0,3,1,0,0,0,0,0,0,0,1,0,0,0,0,5,3,5,2,15.5,8,9,3,13,8,0.4314,51,33,236,2596,LegalQA
SELECT,7.0,0,0,1,0,0,2,0,0,0,0,0,0,0,0,1,0,0,0,0,3,2,3,2,10.5,3,1,2,13,8,0.5135,37,29,153,1980,LegalQA
SELECT,8.5,0,0,1,0,0,3,0,0,0,0,0,0,0,0,1,0,0,0,0,4,2,4,2,12.0,4,1,3,13,8,0.4921,63,30,214,2469,LegalQA
SELECT,8.5,0,0,1,0,0,3,0,0,0,0,0,0,0,0,1,0,0,0,0,4,2,4,2,12.0,4,1,3,13,8,0.561,41,30,173,2153,LegalQA
SELECT,7.0,0,0,1,0,0,2,0,0,0,0,0,0,0,0,1,0,0,0,0,3,2,3,2,10.5,3,1,2,13,8,0.5283,53,29,191,2203,LegalQA
SELECT,7.0,0,0,1,0,0,2,0,0,0,0,0,0,0,0,1,0,0,0,0,3,2,3,2,10.5,3,1,2,14,8,0.4898,49,30,196,2296,LegalQA
SELECT,7.0,0,0,1,0,0,2,0,0,0,0,0,0,0,0,1,0,0,0,0,3,2,3,2,10.5,3,1,2,13,8,0.5106,47,29,167,2152,LegalQA
SELECT,7.0,0,0,1,0,0,2,0,0,0,0,0,0,0,0,1,0,0,0,0,3,2,3,2,10.5,2,1,2,13,8,0.5294,51,29,188,2176,LegalQA
SELECT,10.0,0,0,1,0,0,4,0,0,0,0,0,0,0,0,1,0,0,0,0,5,2,4,2,12.0,5,1,4,14,7,0.4902,51,31,194,2430,LegalQA
SELECT,8.5,0,0,1,0,0,3,0,0,0,0,0,0,0,0,1,0,0,0,0,4,2,4,2,12.0,4,1,3,12,8,0.4918,61,29,185,2293,LegalQA
SELECT,10.0,0,0,1,0,0,4,0,0,0,0,0,0,0,0,1,0,0,0,0,5,2,4,2,12.0,5,1,4,13,7,0.4308,65,30,213,2462,LegalQA
SELECT,10.0,0,0,1,0,0,4,0,0,0,0,0,0,0,0,1,0,0,0,0,5,2,4,2,12.0,5,1,4,14,8,0.4737,57,32,219,2468,LegalQA
SELECT,10.0,0,0,1,0,0,4,0,0,0,0,0,0,0,0,1,0,0,0,0,5,2,4,2,12.0,4,1,4,13,8,0.5283,53,31,194,2338,LegalQA
SELECT,10.0,0,0,1,0,0,4,0,0,0,0,0,0,0,0,1,0,0,0,0,5,2,4,2,12.0,4,1,4,13,8,0.4328,67,31,225,2440,LegalQA
SELECT,7.0,0,0,1,0,0,2,0,0,0,0,0,0,0,0,1,0,0,0,0,3,2,3,2,10.5,2,1,2,13,8,0.549,51,29,176,2162,LegalQA
SELECT,7.0,0,0,1,0,0,2,0,0,0,0,0,0,0,0,1,0,0,0,0,3,2,3,2,10.5,3,1,2,13,8,0.5116,43,29,168,2043,LegalQA
SELECT,8.5,0,0,1,0,0,3,0,0,0,0,0,0,0,0,1,0,0,0,0,4,2,4,2,12.0,3,1,3,14,8,0.5532,47,31,188,2232,LegalQA
SELECT,10.0,0,0,1,0,0,2,1,0,0,0,0,0,0,0,1,0,0,0,0,4,3,4,2,14.0,6,5,2,13,8,0.4737,57,32,219,2447,LegalQA
SELECT,8.5,0,0,1,0,0,3,0,0,0,0,0,0,0,0,1,0,0,0,0,4,2,4,2,12.0,3,1,3,13,8,0.5333,45,30,178,2225,LegalQA
SELECT,8.5,0,0,1,0,0,3,0,0,0,0,0,0,0,0,1,0,0,0,0,4,2,4,2,12.0,4,1,3,13,8,0.5102,49,30,185,2226,LegalQA
SELECT,7.0,0,0,1,0,0,2,0,0,0,0,0,0,0,0,1,0,0,0,0,3,2,3,2,10.5,2,1,2,13,8,0.4912,57,29,189,2354,LegalQA
SELECT,10.0,0,0,1,0,0,4,0,0,0,0,0,0,0,0,1,0,0,0,0,5,2,5,2,13.5,5,1,4,14,8,0.4308,65,32,231,2532,LegalQA
SELECT,10.0,0,0,1,0,0,4,0,0,0,0,0,0,0,0,1,0,0,0,0,5,2,4,2,12.0,4,1,4,13,8,0.6207,29,31,152,2039,LegalQA
SELECT,10.0,0,0,1,0,0,4,0,0,0,0,0,0,0,0,1,0,0,0,0,5,2,5,2,13.5,5,1,4,13,7,0.5714,35,30,149,2123,LegalQA
SELECT,8.5,0,0,1,0,0,3,0,0,0,0,0,0,0,0,1,0,0,0,0,4,2,4,2,12.0,3,1,3,14,8,0.459,61,31,219,2393,LegalQA
SELECT,8.5,0,0,1,0,0,3,0,0,0,0,0,0,0,0,1,0,0,0,0,4,2,3,2,10.5,3,1,3,13,8,0.5263,57,30,195,2380,LegalQA
SELECT,8.5,0,0,1,0,0,3,0,0,0,0,0,0,0,0,1,0,0,0,0,4,2,4,2,12.0,4,1,3,13,8,0.4906,53,30,190,2268,LegalQA
SELECT,7.0,0,0,1,0,0,2,0,0,0,0,0,0,0,0,1,0,0,0,0,3,2,3,2,10.5,3,1,2,12,8,0.5306,49,28,161,2062,LegalQA
SELECT,8.5,0,0,1,0,0,3,0,0,0,0,0,0,0,0,1,0,0,0,0,4,2,4,2,12.0,4,1,3,13,8,0.5532,47,30,178,2231,LegalQA
SELECT,7.0,0,0,1,0,0,2,0,0,0,0,0,0,0,0,1,0,0,0,0,3,2,3,2,10.5,3,1,2,13,8,0.5106,47,29,168,2113,LegalQA
SELECT,7.0,0,0,1,0,0,2,0,0,0,0,0,0,0,0,1,0,0,0,0,3,2,3,2,10.5,2,1,2,13,8,0.561,41,29,161,2031,LegalQA
SELECT,10.0,0,0,1,0,0,4,0,0,0,0,0,0,0,0,1,0,0,0,0,5,2,4,2,12.0,4,1,4,13,8,0.5283,53,31,185,2277,LegalQA
SELECT,8.5,0,0,1,0,0,3,0,0,0,0,0,0,0,0,1,0,0,0,0,4,2,4,2,12.0,4,1,3,13,8,0.561,41,30,169,2074,LegalQA
SELECT,10.0,0,0,1,0,0,2,1,0,0,0,0,0,0,0,1,0,0,0,0,4,3,4,2,14.0,5,6,2,13,8,0.5349,43,32,185,2262,LegalQA
SELECT,7.0,0,0,1,0,0,2,0,0,0,0,0,0,0,0,1,0,0,0,0,3,2,3,2,10.5,2,1,2,13,8,0.6,35,29,149,1945,LegalQA
SELECT,8.5,0,0,1,0,0,3,0,0,0,0,0,0,0,0,1,0,0,0,0,4,2,4,2,12.0,4,1,3,13,7,0.5238,63,29,217,2343,LegalQA
SELECT,7.0,0,0,1,0,0,2,0,0,0,0,0,0,0,0,1,0,0,0,0,3,2,3,2,10.5,3,1,2,13,8,0.5152,33,29,154,2040,LegalQA
SELECT,10.0,0,0,1,0,0,4,0,0,0,0,0,0,0,0,1,0,0,0,0,5,2,4,2,12.0,5,1,4,13,8,0.4603,63,31,215,2379,LegalQA
SELECT,10.0,0,0,1,0,0,4,0,0,0,0,0,0,0,0,1,0,0,0,0,5,2,4,2,12.0,5,1,4,13,8,0.551,49,31,194,2343,LegalQA
SELECT,10.0,0,0,1,0,0,4,0,0,0,0,0,0,0,0,1,0,0,0,0,5,2,5,2,13.5,5,1,4,14,8,0.4681,47,32,209,2354,LegalQA
SELECT,10.0,0,0,1,0,0,4,0,0,0,0,0,0,0,0,1,0,0,0,0,5,2,5,2,13.5,5,1,4,13,7,0.4912,57,30,210,2383,LegalQA
SELECT,16.0,0,0,1,0,0,2,3,0,0,0,0,0,0,0,1,0,0,0,0,6,3,3,2,12.5,3,1,2,14,8,0.4328,67,30,226,2536,LegalQA
SELECT,10.0,0,0,1,0,0,4,0,0,0,0,0,0,0,0,1,0,0,0,0,5,2,4,2,12.0,4,1,4,13,8,0.5091,55,31,209,2338,LegalQA
SELECT,8.5,0,0,1,0,0,3,0,0,0,0,0,0,0,0,1,0,0,0,0,4,2,4,2,12.0,4,1,3,13,8,0.5116,43,30,172,2128,LegalQA
SELECT,8.5,0,0,1,0,0,3,0,0,0,0,0,0,0,0,1,0,0,0,0,4,2,3,2,10.5,4,1,3,14,8,0.5067,75,31,234,2621,LegalQA
SELECT,7.0,0,0,1,0,0,2,0,0,0,0,0,0,0,0,1,0,0,0,0,3,2,3,2,10.5,3,1,2,14,8,0.5111,45,30,179,2244,LegalQA
SELECT,7.0,0,0,1,0,0,2,0,0,0,0,0,0,0,0,1,0,0,0,0,3,2,3,2,10.5,3,1,2,14,8,0.5082,61,30,209,2384,LegalQA
SELECT,10.0,0,0,1,0,0,4,0,0,0,0,0,0,0,0,1,0,0,0,0,5,2,4,2,12.0,4,1,4,13,8,0.5641,39,31,164,2150,LegalQA
SELECT,16.0,0,0,1,0,0,2,3,0,0,0,0,0,0,0,1,0,0,0,0,6,3,5,2,15.5,8,7,4,14,8,0.5283,53,37,249,2792,LegalQA
SELECT,7.0,0,0,1,0,0,2,0,0,0,0,0,0,0,0,1,0,0,0,0,3,2,3,2,10.5,2,1,2,13,8,0.4769,65,29,221,2395,LegalQA
SELECT,8.5,0,0,1,0,0,3,0,0,0,0,0,0,0,0,1,0,0,0,0,4,2,4,2,12.0,3,1,3,13,8,0.5814,43,30,176,2115,LegalQA
SELECT,7.0,0,0,1,0,0,2,0,0,0,0,0,0,0,0,1,0,0,0,0,3,2,3,2,10.5,2,1,2,13,8,0.6061,33,29,149,1973,LegalQA
SELECT,7.0,0,0,1,0,0,2,0,0,0,0,0,0,0,0,1,0,0,0,0,3,2,3,2,10.5,3,1,2,19,8,0.4898,49,29,174,2182,LegalQA
SELECT,7.0,0,0,1,0,0,2,0,0,0,0,0,0,0,0,1,0,0,0,0,3,2,2,2,9.0,3,1,2,13,8,0.5094,53,29,199,2235,LegalQA
SELECT,8.5,0,0,1,0,0,3,0,0,0,0,0,0,0,0,1,0,0,0,0,4,2,4,2,12.0,4,1,3,13,8,0.5532,47,30,181,2208,LegalQA
SELECT,7.0,0,0,1,0,0,2,0,0,0,0,0,0,0,0,1,0,0,0,0,3,2,3,2,10.5,3,1,2,13,8,0.561,41,29,161,2046,LegalQA
SELECT,7.0,0,0,1,0,0,2,0,0,0,0,0,0,0,0,1,0,0,0,0,3,2,3,2,10.5,3,1,2,13,8,0.5128,39,29,156,1994,LegalQA
SELECT,7.0,0,0,1,0,0,2,0,0,0,0,0,0,0,0,1,0,0,0,0,3,2,3,2,10.5,3,1,2,12,8,0.4906,53,28,177,2094,LegalQA
SELECT,10.0,0,0,1,0,0,4,0,0,0,0,0,0,0,0,1,0,0,0,0,5,2,4,2,12.0,4,1,4,13,8,0.6296,27,31,146,2010,LegalQA
SELECT,7.0,0,0,1,0,0,2,0,0,0,0,0,0,0,0,1,0,0,0,0,3,2,3,2,10.5,3,1,2,13,8,0.5714,35,29,152,1958,LegalQA
SELECT,23.5,0,0,1,0,0,3,5,0,0,0,0,0,0,0,1,0,0,0,0,9,3,5,2,15.5,10,8,3,14,8,0.5424,59,36,279,2884,LegalQA
SELECT,10.0,0,0,1,0,0,4,0,0,0,0,0,0,0,0,1,0,0,0,0,5,2,4,2,12.0,4,1,4,13,8,0.5349,43,31,173,2158,LegalQA
SELECT,10.0,0,0,1,0,0,4,0,0,0,0,0,0,0,0,1,0,0,0,0,5,2,4,2,12.0,4,1,4,13,8,0.5349,43,31,176,2235,LegalQA
SELECT,10.0,0,0,1,0,0,4,0,0,0,0,0,0,0,0,1,0,0,0,0,5,2,4,2,12.0,5,1,4,14,7,0.5098,51,31,193,2388,LegalQA
SELECT,10.0,0,0,1,0,0,4,0,0,0,0,0,0,0,0,1,0,0,0,0,5,2,4,2,12.0,5,1,4,12,8,0.4828,58,30,208,2435,LegalQA
SELECT,10.0,0,0,1,0,0,4,0,0,0,0,0,0,0,0,1,0,0,0,0,5,2,5,2,13.5,5,1,4,13,8,0.4444,63,31,210,2383,LegalQA
SELECT,11.5,0,0,1,0,0,5,0,0,0,0,0,0,0,0,1,0,0,0,0,6,2,5,2,13.5,6,1,5,13,8,0.5246,61,32,217,2499,LegalQA
SELECT,7.0,0,0,1,0,0,2,0,0,0,0,0,0,0,0,1,0,0,0,0,3,2,3,2,10.5,3,1,2,12,8,0.5349,43,28,158,2001,LegalQA
SELECT,7.0,0,0,1,0,0,2,0,0,0,0,0,0,0,0,1,0,0,0,0,3,2,3,2,10.5,3,1,2,13,8,0.4884,43,29,164,2028,LegalQA
SELECT,7.0,0,0,1,0,0,2,0,0,0,0,0,0,0,0,1,0,0,0,0,3,2,3,2,10.5,3,1,2,13,8,0.4746,59,29,205,2307,LegalQA
SELECT,7.0,0,0,1,0,0,2,0,0,0,0,0,0,0,0,1,0,0,0,0,3,2,3,2,10.5,3,1,2,14,7,0.4894,47,29,170,2115,LegalQA
SELECT,7.0,0,0,1,0,0,2,0,0,0,0,0,0,0,0,1,0,0,0,0,3,2,3,2,10.5,2,1,2,13,8,0.4127,63,29,200,2221,LegalQA
SELECT,10.0,0,0,1,0,0,4,0,0,0,0,0,0,0,0,1,0,0,0,0,5,2,4,2,12.0,5,1,4,13,8,0.4915,59,31,206,2447,LegalQA
SELECT,8.5,0,0,1,0,0,3,0,0,0,0,0,0,0,0,1,0,0,0,0,4,2,3,2,10.5,4,1,3,13,8,0.551,49,30,180,2280,LegalQA
SELECT,11.5,0,0,1,0,0,4,0,0,0,3,0,0,0,0,1,0,0,0,0,8,3,4,2,14.0,5,1,4,14,7,0.4717,53,31,200,2402,LegalQA
SELECT,8.5,0,0,1,0,0,3,0,0,0,0,0,0,0,0,1,0,0,0,0,4,2,4,2,12.0,3,1,3,13,8,0.4912,57,30,196,2292,LegalQA
SELECT,14.5,0,0,1,0,0,3,0,0,0,0,0,3,0,0,1,0,0,0,0,7,3,4,2,14.0,4,1,3,13,8,0.5098,51,30,196,2275,LegalQA
SELECT,8.5,0,0,1,0,0,3,0,0,0,0,0,0,0,0,1,0,0,0,0,4,2,4,2,12.0,4,1,3,13,8,0.5116,43,30,172,2127,LegalQA
SELECT,10.0,0,0,1,0,0,4,0,0,0,0,0,0,0,0,1,0,0,0,0,5,2,4,2,12.0,4,1,4,13,8,0.5641,39,31,173,2197,LegalQA
SELECT,16.0,0,0,1,0,0,2,3,0,0,0,0,0,0,0,1,0,0,0,0,6,3,5,2,15.5,5,4,4,14,8,0.6216,37,37,185,2322,LegalQA
SELECT,10.0,0,0,1,0,0,4,0,0,0,0,0,0,0,0,1,0,0,0,0,5,2,4,2,12.0,4,1,4,16,8,0.4889,45,31,185,2271,LegalQA
SELECT,16.0,0,0,1,0,0,2,3,0,0,0,0,0,0,0,1,0,0,0,0,6,3,6,2,17.0,8,9,4,13,8,0.5088,57,36,236,2596,LegalQA
SELECT,7.0,0,0,1,0,0,2,0,0,0,0,0,0,0,0,1,0,0,0,0,3,2,3,2,10.5,3,1,2,13,8,0.5429,35,29,149,1985,LegalQA
SELECT,22.0,0,1,1,0,1,2,4,0,0,0,0,0,0,0,1,0,0,0,0,8,4,6,2,19.0,8,6,7,13,8,0.5455,55,39,263,2808,LegalQA
SELECT,7.0,0,0,1,0,0,2,0,0,0,0,0,0,0,0,1,0,0,0,0,3,2,3,2,10.5,2,1,2,13,8,0.549,51,29,173,2199,LegalQA
SELECT,7.0,0,0,1,0,0,2,0,0,0,0,0,0,0,0,1,0,0,0,0,3,2,3,2,10.5,3,1,2,13,8,0.5636,55,29,176,2188,LegalQA
SELECT,10.0,0,1,1,0,1,2,0,0,0,0,0,0,0,0,1,0,0,0,0,4,3,4,2,14.0,4,1,3,14,8,0.5273,55,31,188,2414,LegalQA
SELECT,10.0,0,0,1,0,0,4,0,0,0,0,0,0,0,0,1,0,0,0,0,5,2,4,2,12.0,5,1,4,13,8,0.4909,55,31,207,2411,LegalQA
SELECT,7.0,0,0,1,0,0,2,0,0,0,0,0,0,0,0,1,0,0,0,0,3,2,3,2,10.5,3,1,2,13,8,0.4898,49,29,171,2131,LegalQA
SELECT,10.0,0,0,1,0,0,4,0,0,0,0,0,0,0,0,1,0,0,0,0,5,2,4,2,12.0,5,1,4,14,8,0.4681,47,32,198,2445,LegalQA
SELECT,11.5,0,0,1,0,0,4,0,0,0,3,0,0,0,0,1,0,0,0,0,8,3,4,2,14.0,5,1,4,12,8,0.4909,55,30,194,2290,LegalQA
SELECT,8.5,0,0,1,0,0,3,0,0,0,0,0,0,0,0,1,0,0,0,0,4,2,3,2,10.5,3,1,3,13,8,0.6,35,30,162,2089,LegalQA
SELECT,11.5,0,0,1,0,0,5,0,0,0,0,0,0,0,0,1,0,0,0,0,6,2,5,2,13.5,6,1,5,13,8,0.4909,55,32,197,2411,LegalQA
SELECT,7.0,0,0,1,0,0,2,0,0,0,0,0,0,0,0,1,0,0,0,0,3,2,3,2,10.5,3,1,2,12,8,0.5116,43,28,146,2090,LegalQA
SELECT,8.5,0,0,1,0,0,3,0,0,0,0,0,0,0,0,1,0,0,0,0,4,2,3,2,10.5,4,1,3,13,8,0.5333,45,30,186,2169,LegalQA
SELECT,7.0,0,0,1,0,0,2,0,0,0,0,0,0,0,0,1,0,0,0,0,3,2,3,2,10.5,3,1,2,14,8,0.5385,65,30,202,2435,LegalQA
SELECT,7.0,0,0,1,0,0,2,0,0,0,0,0,0,0,0,1,0,0,0,0,3,2,3,2,10.5,3,1,2,13,8,0.5246,61,29,194,2273,LegalQA
SELECT,8.5,0,0,1,0,0,3,0,0,0,0,0,0,0,0,1,0,0,0,0,4,2,4,2,12.0,4,1,3,12,8,0.4918,61,29,208,2294,LegalQA
SELECT,8.5,0,0,1,0,0,3,0,0,0,0,0,0,0,0,1,0,0,0,0,4,2,4,2,12.0,4,1,3,13,8,0.64,25,30,134,1915,LegalQA
SELECT,7.0,0,0,1,0,0,2,0,0,0,0,0,0,0,0,1,0,0,0,0,3,2,3,2,10.5,3,1,2,12,8,0.5349,43,28,162,2065,LegalQA
SELECT,10.0,0,0,1,0,0,4,0,0,0,0,0,0,0,0,1,0,0,0,0,5,2,4,2,12.0,5,1,4,14,7,0.449,49,31,195,2362,LegalQA
SELECT,8.5,0,0,1,0,0,3,0,0,0,0,0,0,0,0,1,0,0,0,0,4,2,3,2,10.5,4,1,3,13,8,0.4889,45,30,174,2179,LegalQA
SELECT,10.0,0,0,1,0,0,4,0,0,0,0,0,0,0,0,1,0,0,0,0,5,2,4,2,12.0,5,1,4,12,8,0.4909,55,30,194,2407,LegalQA
SELECT,7.0,0,0,1,0,0,2,0,0,0,0,0,0,0,0,1,0,0,0,0,3,2,3,2,10.5,3,1,2,13,8,0.5854,41,29,170,2019,LegalQA
SELECT,8.5,0,0,1,0,0,3,0,0,0,0,0,0,0,0,1,0,0,0,0,4,2,3,2,10.5,4,1,3,13,8,0.4902,51,30,183,2214,LegalQA
SELECT,7.0,0,0,1,0,0,2,0,0,0,0,0,0,0,0,1,0,0,0,0,3,2,3,2,10.5,2,1,2,14,8,0.5294,51,30,187,2255,LegalQA
SELECT,8.5,0,0,1,0,0,3,0,0,0,0,0,0,0,0,1,0,0,0,0,4,2,4,2,12.0,3,1,3,13,8,0.4576,59,30,203,2301,LegalQA
SELECT,8.5,0,0,1,0,0,3,0,0,0,0,0,0,0,0,1,0,0,0,0,4,2,4,2,12.0,4,1,3,13,8,0.4627,67,30,224,2461,LegalQA
SELECT,10.0,0,0,1,0,0,4,0,0,0,0,0,0,0,0,1,0,0,0,0,5,2,4,2,12.0,4,1,4,13,8,0.4902,51,31,191,2351,LegalQA
SELECT,7.0,0,0,1,0,0,2,0,0,0,0,0,0,0,0,1,0,0,0,0,3,2,3,2,10.5,3,1,2,14,8,0.4688,64,30,227,2568,LegalQA
SELECT,7.0,0,0,1,0,0,2,0,0,0,0,0,0,0,0,1,0,0,0,0,3,2,3,2,10.5,3,1,2,13,8,0.6098,41,29,170,2170,LegalQA
SELECT,7.0,0,0,1,0,0,2,0,0,0,0,0,0,0,0,1,0,0,0,0,3,2,3,2,10.5,3,1,2,14,8,0.549,51,30,192,2254,LegalQA
SELECT,8.5,0,0,1,0,0,3,0,0,0,0,0,0,0,0,1,0,0,0,0,4,2,4,2,12.0,4,1,3,13,8,0.6,35,30,154,2118,LegalQA
SELECT,8.5,0,0,1,0,0,3,0,0,0,0,0,0,0,0,1,0,0,0,0,4,2,4,2,12.0,4,1,3,13,8,0.6286,35,30,145,2037,LegalQA
SELECT,8.5,0,0,1,0,0,3,0,0,0,0,0,0,0,0,1,0,0,0,0,4,2,3,2,10.5,4,1,3,14,8,0.4909,55,31,203,2368,LegalQA
SELECT,8.5,0,0,1,0,0,3,0,0,0,0,0,0,0,0,1,0,0,0,0,4,2,4,2,12.0,4,1,3,12,7,0.493,71,28,196,2357,LegalQA
SELECT,8.5,0,0,1,0,0,3,0,0,0,0,0,0,0,0,1,0,0,0,0,4,2,4,2,12.0,4,1,3,13,8,0.4923,65,30,227,2408,LegalQA
SELECT,10.0,0,0,1,0,0,4,0,0,0,0,0,0,0,0,1,0,0,0,0,5,2,4,2,12.0,5,1,4,12,7,0.4203,69,29,203,2466,LegalQA
SELECT,7.0,0,0,1,0,0,2,0,0,0,0,0,0,0,0,1,0,0,0,0,3,2,3,2,10.5,3,1,2,13,8,0.5333,45,29,176,2132,LegalQA
SELECT,8.5,0,0,1,0,0,3,0,0,0,0,0,0,0,0,1,0,0,0,0,4,2,4,2,12.0,4,1,3,13,8,0.5283,53,30,193,2226,LegalQA
SELECT,10.0,0,0,1,0,0,4,0,0,0,0,0,0,0,0,1,0,0,0,0,5,2,4,2,12.0,4,1,4,13,8,0.4211,57,31,203,2351,LegalQA
SELECT,10.0,0,0,1,0,0,4,0,0,0,0,0,0,0,0,1,0,0,0,0,5,2,4,2,12.0,4,1,4,14,8,0.5532,47,32,192,2368,LegalQA
SELECT,10.0,0,0,1,0,0,4,0,0,0,0,0,0,0,0,1,0,0,0,0,5,2,4,2,12.0,5,1,4,14,8,0.5532,47,32,215,2546,LegalQA
SELECT,10.0,0,0,1,0,0,4,0,0,0,0,0,0,0,0,1,0,0,0,0,5,2,5,2,13.5,5,1,4,16,8,0.5102,49,31,207,2420,LegalQA
SELECT,8.5,0,0,1,0,0,3,0,0,0,0,0,0,0,0,1,0,0,0,0,4,2,4,2,12.0,4,1,3,13,8,0.5366,41,30,171,2203,LegalQA
SELECT,8.5,0,0,1,0,0,3,0,0,0,0,0,0,0,0,1,0,0,0,0,4,2,4,2,12.0,4,1,3,13,8,0.5238,63,30,211,2338,LegalQA
SELECT,8.5,0,0,1,0,0,3,0,0,0,0,0,0,0,0,1,0,0,0,0,4,2,4,2,12.0,3,1,3,13,8,0.5532,47,30,178,2213,LegalQA
SELECT,7.0,0,0,1,0,0,2,0,0,0,0,0,0,0,0,1,0,0,0,0,3,2,3,2,10.5,3,1,2,13,8,0.5641,39,29,155,1998,LegalQA
SELECT,8.5,0,0,1,0,0,3,0,0,0,0,0,0,0,0,1,0,0,0,0,4,2,3,2,10.5,3,1,3,13,8,0.5333,45,30,184,2228,LegalQA
SELECT,10.0,0,0,1,0,0,4,0,0,0,0,0,0,0,0,1,0,0,0,0,5,2,5,2,13.5,5,1,4,14,8,0.4894,47,32,199,2282,LegalQA
SELECT,7.0,0,0,1,0,0,2,0,0,0,0,0,0,0,0,1,0,0,0,0,3,2,3,2,10.5,2,1,2,13,8,0.4727,55,29,191,2283,LegalQA
SELECT,8.5,0,0,1,0,0,3,0,0,0,0,0,0,0,0,1,0,0,0,0,4,2,4,2,12.0,4,1,3,13,8,0.5106,47,30,191,2265,LegalQA
SELECT,10.0,0,0,1,0,0,4,0,0,0,0,0,0,0,0,1,0,0,0,0,5,2,4,2,12.0,4,1,4,13,8,0.4902,51,31,188,2293,LegalQA
SELECT,10.0,0,0,1,0,0,4,0,0,0,0,0,0,0,0,1,0,0,0,0,5,2,4,2,12.0,5,1,4,12,8,0.5366,41,30,164,2136,LegalQA
SELECT,10.0,0,0,1,0,0,4,0,0,0,0,0,0,0,0,1,0,0,0,0,5,2,4,2,12.0,5,1,4,14,7,0.4902,51,31,191,2420,LegalQA
SELECT,7.0,0,0,1,0,0,2,0,0,0,0,0,0,0,0,1,0,0,0,0,3,2,3,2,10.5,3,1,2,13,8,0.4783,69,29,203,2392,LegalQA
SELECT,8.5,0,0,1,0,0,3,0,0,0,0,0,0,0,0,1,0,0,0,0,4,2,4,2,12.0,4,1,3,14,8,0.4912,57,31,200,2317,LegalQA
SELECT,7.0,0,0,1,0,0,2,0,0,0,0,0,0,0,0,1,0,0,0,0,3,2,3,2,10.5,4,2,2,12,8,0.5294,51,29,183,2168,LegalQA
SELECT,16.0,0,0,1,0,0,2,3,0,0,0,0,0,0,0,1,0,0,0,0,6,3,3,2,12.5,3,1,2,13,8,0.5676,37,29,152,1966,LegalQA
SELECT,13.0,0,0,1,0,0,4,1,0,0,0,0,0,0,0,1,0,0,0,0,6,3,5,2,15.5,7,6,4,14,8,0.5091,55,35,221,2690,LegalQA
SELECT,7.0,0,0,1,0,0,2,0,0,0,0,0,0,0,0,1,0,0,0,0,3,2,2,2,9.0,3,1,2,13,8,0.4737,57,29,190,2265,LegalQA
SELECT,7.0,0,0,1,0,0,2,0,0,0,0,0,0,0,0,1,0,0,0,0,3,2,3,2,10.5,3,1,2,13,8,0.5098,51,29,197,2225,LegalQA
SELECT,8.5,0,0,1,0,0,3,0,0,0,0,0,0,0,0,1,0,0,0,0,4,2,4,2,12.0,4,1,3,13,8,0.4894,47,30,170,2164,LegalQA
SELECT,7.0,0,0,1,0,0,2,0,0,0,0,0,0,0,0,1,0,0,0,0,3,2,3,2,10.5,2,1,2,13,8,0.5319,47,29,167,2028,LegalQA
SELECT,10.0,0,0,1,0,0,4,0,0,0,0,0,0,0,0,1,0,0,0,0,5,2,4,2,12.0,5,1,4,12,8,0.4902,51,30,176,2356,LegalQA
SELECT,10.0,0,0,1,0,0,4,0,0,0,0,0,0,0,0,1,0,0,0,0,5,2,4,2,12.0,5,1,4,13,7,0.5306,49,30,182,2314,LegalQA
SELECT,7.0,0,0,1,0,0,2,0,0,0,0,0,0,0,0,1,0,0,0,0,3,2,3,2,10.5,2,1,2,13,8,0.5714,35,29,155,1970,LegalQA
SELECT,19.0,0,0,1,0,0,4,3,0,0,0,0,0,0,0,1,0,0,0,0,8,3,8,2,20.0,9,5,9,13,8,0.5532,47,38,239,2695,LegalQA
SELECT,11.5,0,0,1,0,0,3,1,0,0,0,0,0,0,0,1,0,0,0,0,5,3,4,2,14.0,9,6,3,13,8,0.5507,69,33,260,2746,LegalQA
SELECT,8.5,0,0,1,0,0,3,0,0,0,0,0,0,0,0,1,0,0,0,0,4,2,4,2,12.0,4,1,3,14,8,0.4925,67,31,213,2463,LegalQA
SELECT,7.0,0,0,1,0,0,2,0,0,0,0,0,0,0,0,1,0,0,0,0,3,2,3,2,10.5,3,1,2,13,8,0.4894,47,29,189,2177,LegalQA
SELECT,7.0,0,0,1,0,0,2,0,0,0,0,0,0,0,0,1,0,0,0,0,3,2,3,2,10.5,3,1,2,13,8,0.5405,37,29,155,1981,LegalQA
SELECT,7.0,0,0,1,0,0,2,0,0,0,0,0,0,0,0,1,0,0,0,0,3,2,3,2,10.5,3,1,2,13,8,0.5581,43,29,161,2081,LegalQA
SELECT,10.0,0,0,1,0,0,4,0,0,0,0,0,0,0,0,1,0,0,0,0,5,2,4,2,12.0,4,1,4,14,8,0.6,35,32,183,2269,LegalQA
SELECT,8.5,0,0,1,0,0,3,0,0,0,0,0,0,0,0,1,0,0,0,0,4,2,4,2,12.0,4,1,3,12,8,0.4848,33,29,148,2060,LegalQA
SELECT,10.0,0,0,1,0,0,4,0,0,0,0,0,0,0,0,1,0,0,0,0,5,2,4,2,12.0,5,1,4,13,8,0.5172,29,31,164,2118,LegalQA
SELECT,10.0,0,0,1,0,0,4,0,0,0,0,0,0,0,0,1,0,0,0,0,5,2,4,2,12.0,5,1,4,13,8,0.5897,39,31,176,2249,LegalQA
SELECT,8.5,0,0,1,0,0,3,0,0,0,0,0,0,0,0,1,0,0,0,0,4,2,4,2,12.0,4,1,3,13,8,0.5405,37,30,169,2086,LegalQA
SELECT,10.0,0,0,1,0,0,4,0,0,0,0,0,0,0,0,1,0,0,0,0,5,2,4,2,12.0,4,1,4,13,8,0.5102,49,31,195,2327,LegalQA
SELECT,8.5,0,0,1,0,0,3,0,0,0,0,0,0,0,0,1,0,0,0,0,4,2,4,2,12.0,4,1,3,13,8,0.4386,57,30,208,2338,LegalQA
SELECT,10.0,0,0,1,0,0,4,0,0,0,0,0,0,0,0,1,0,0,0,0,5,2,4,2,12.0,4,1,4,13,8,0.5333,45,31,182,2203,LegalQA
SELECT,20.5,0,0,1,0,0,3,4,0,0,0,0,0,0,0,1,0,0,0,0,8,3,5,2,15.5,10,9,3,15,8,0.4494,89,35,339,3267,LegalQA
SELECT,8.5,0,0,1,0,0,3,0,0,0,0,0,0,0,0,1,0,0,0,0,4,2,4,2,12.0,4,1,3,14,8,0.4286,49,31,180,2353,LegalQA
SELECT,8.5,0,0,1,0,0,3,0,0,0,0,0,0,0,0,1,0,0,0,0,4,2,4,2,12.0,4,1,3,13,8,0.5122,41,30,170,2077,LegalQA
SELECT,8.5,0,0,1,0,0,3,0,0,0,0,0,0,0,0,1,0,0,0,0,4,2,3,2,10.5,4,1,3,13,8,0.5405,37,30,159,2089,LegalQA
SELECT,10.0,0,0,1,0,0,4,0,0,0,0,0,0,0,0,1,0,0,0,0,5,2,4,2,12.0,4,1,4,13,8,0.5238,63,31,209,2420,LegalQA
SELECT,13.0,0,0,1,0,0,4,1,0,0,0,0,0,0,0,1,0,0,0,0,6,3,5,2,15.5,7,6,4,13,8,0.5306,49,34,219,2533,LegalQA
SELECT,8.5,0,0,1,0,0,3,0,0,0,0,0,0,0,0,1,0,0,0,0,4,2,3,2,10.5,4,1,3,13,8,0.5098,51,30,183,2210,LegalQA
SELECT,7.0,0,0,1,0,0,2,0,0,0,0,0,0,0,0,1,0,0,0,0,3,2,2,2,9.0,3,1,2,13,8,0.5745,47,29,172,2143,LegalQA
SELECT,7.0,0,0,1,0,0,2,0,0,0,0,0,0,0,0,1,0,0,0,0,3,2,3,2,10.5,3,1,2,14,8,0.5349,43,30,188,2214,LegalQA
SELECT,8.5,0,0,1,0,0,3,0,0,0,0,0,0,0,0,1,0,0,0,0,4,2,4,2,12.0,4,1,3,13,8,0.5116,43,30,176,2145,LegalQA
SELECT,10.0,0,0,1,0,0,4,0,0,0,0,0,0,0,0,1,0,0,0,0,5,2,4,2,12.0,4,1,4,14,8,0.5128,39,32,186,2253,LegalQA
SELECT,7.0,0,0,1,0,0,2,0,0,0,0,0,0,0,0,1,0,0,0,0,3,2,3,2,10.5,2,1,2,13,8,0.5641,39,29,158,2007,LegalQA
SELECT,10.0,0,0,1,0,0,4,0,0,0,0,0,0,0,0,1,0,0,0,0,5,2,4,2,12.0,5,1,4,13,8,0.5641,39,31,168,2211,LegalQA
SELECT,10.0,0,0,1,0,0,4,0,0,0,0,0,0,0,0,1,0,0,0,0,5,2,4,2,12.0,4,1,4,13,8,0.5283,53,31,203,2378,LegalQA
SELECT,10.0,0,0,1,0,0,4,0,0,0,0,0,0,0,0,1,0,0,0,0,5,2,4,2,12.0,4,1,4,13,8,0.449,49,31,191,2273,LegalQA
SELECT,7.0,0,0,1,0,0,2,0,0,0,0,0,0,0,0,1,0,0,0,0,3,2,3,2,10.5,3,1,2,13,8,0.5102,49,29,174,2122,LegalQA
SELECT,10.0,0,0,1,0,0,4,0,0,0,0,0,0,0,0,1,0,0,0,0,5,2,4,2,12.0,4,1,4,13,8,0.5306,49,31,191,2227,LegalQA
SELECT,7.0,0,0,1,0,0,2,0,0,0,0,0,0,0,0,1,0,0,0,0,3,2,3,2,10.5,3,1,2,13,8,0.3725,51,29,168,2148,LegalQA
SELECT,7.0,0,0,1,0,0,2,0,0,0,0,0,0,0,0,1,0,0,0,0,3,2,3,2,10.5,3,1,2,13,8,0.5349,43,29,164,2030,LegalQA
SELECT,10.0,0,0,1,0,0,4,0,0,0,0,0,0,0,0,1,0,0,0,0,5,2,5,2,13.5,5,1,4,13,8,0.551,49,31,186,2309,LegalQA
SELECT,10.0,0,0,1,0,0,4,0,0,0,0,0,0,0,0,1,0,0,0,0,5,2,4,2,12.0,6,2,4,12,7,0.5098,51,30,191,2423,LegalQA
SELECT,7.0,0,0,1,0,0,2,0,0,0,0,0,0,0,0,1,0,0,0,0,3,2,3,2,10.5,3,1,2,13,8,0.5306,49,29,173,2127,LegalQA
SELECT,10.0,0,0,1,0,0,4,0,0,0,0,0,0,0,0,1,0,0,0,0,5,2,4,2,12.0,5,1,4,14,7,0.5102,49,31,198,2387,LegalQA
SELECT,10.0,0,0,1,0,0,4,0,0,0,0,0,0,0,0,1,0,0,0,0,5,2,4,2,12.0,4,1,4,13,8,0.4386,57,31,200,2366,LegalQA
SELECT,7.0,0,0,1,0,0,2,0,0,0,0,0,0,0,0,1,0,0,0,0,3,2,3,2,10.5,3,1,2,13,8,0.5556,45,29,167,2036,LegalQA
SELECT,10.0,0,0,1,0,0,2,1,0,0,0,0,0,0,0,1,0,0,0,0,4,3,3,2,12.5,6,4,2,13,7,0.4909,55,31,201,2385,LegalQA
SELECT,10.0,0,0,1,0,0,4,0,0,0,0,0,0,0,0,1,0,0,0,0,5,2,4,2,12.0,4,1,4,12,8,0.493,71,30,225,2516,LegalQA
SELECT,8.5,0,0,1,0,0,3,0,0,0,0,0,0,0,0,1,0,0,0,0,4,2,4,2,12.0,4,1,3,12,8,0.5897,39,29,142,2047,LegalQA
SELECT,8.5,0,0,1,0,0,3,0,0,0,0,0,0,0,0,1,0,0,0,0,4,2,3,2,10.5,4,1,3,14,8,0.5676,37,31,188,2238,LegalQA
SELECT,13.0,0,0,1,0,0,4,1,0,0,0,0,0,0,0,1,0,0,0,0,6,3,5,2,15.5,9,7,4,13,8,0.4727,55,34,244,2625,LegalQA
SELECT,7.0,0,0,1,0,0,2,0,0,0,0,0,0,0,0,1,0,0,0,0,3,2,3,2,10.5,2,1,2,14,8,0.549,51,30,195,2365,LegalQA
SELECT,10.0,0,0,1,0,0,4,0,0,0,0,0,0,0,0,1,0,0,0,0,5,2,5,2,13.5,5,1,4,13,8,0.5532,47,31,186,2209,LegalQA
SELECT,8.5,0,0,1,0,0,3,0,0,0,0,0,0,0,0,1,0,0,0,0,4,2,4,2,12.0,3,1,3,12,8,0.5556,45,29,164,2063,LegalQA
SELECT,8.5,0,0,1,0,0,3,0,0,0,0,0,0,0,0,1,0,0,0,0,4,2,4,2,12.0,4,1,3,13,8,0.5714,49,30,181,2179,LegalQA
SELECT,7.0,0,0,1,0,0,2,0,0,0,0,0,0,0,0,1,0,0,0,0,3,2,3,2,10.5,3,1,2,13,8,0.5091,55,29,200,2295,LegalQA
SELECT,7.0,0,0,1,0,0,2,0,0,0,0,0,0,0,0,1,0,0,0,0,3,2,3,2,10.5,2,1,2,14,8,0.5116,43,30,174,2165,LegalQA
SELECT,8.5,0,0,1,0,0,3,0,0,0,0,0,0,0,0,1,0,0,0,0,4,2,4,2,12.0,4,1,3,14,8,0.561,41,31,178,2200,LegalQA
SELECT,7.0,0,0,1,0,0,2,0,0,0,0,0,0,0,0,1,0,0,0,0,3,2,3,2,10.5,3,1,2,12,8,0.5349,43,28,140,1938,LegalQA
SELECT,8.5,0,0,1,0,0,3,0,0,0,0,0,0,0,0,1,0,0,0,0,4,2,3,2,10.5,3,1,3,14,8,0.4912,57,31,203,2412,LegalQA
SELECT,10.0,0,0,1,0,0,4,0,0,0,0,0,0,0,0,1,0,0,0,0,5,2,4,2,12.0,5,1,4,12,8,0.6552,29,30,137,2001,LegalQA
SELECT,8.5,0,0,1,0,0,3,0,0,0,0,0,0,0,0,1,0,0,0,0,4,2,4,2,12.0,4,1,3,13,8,0.4898,49,30,191,2226,LegalQA
SELECT,10.0,0,0,1,0,0,4,0,0,0,0,0,0,0,0,1,0,0,0,0,5,2,4,2,12.0,4,1,4,13,8,0.4912,57,31,204,2357,LegalQA
SELECT,7.0,0,0,1,0,0,2,0,0,0,0,0,0,0,0,1,0,0,0,0,3,2,3,2,10.5,3,1,2,13,8,0.4915,59,29,197,2193,LegalQA
SELECT,8.5,0,0,1,0,0,3,0,0,0,0,0,0,0,0,1,0,0,0,0,4,2,4,2,12.0,3,1,3,13,8,0.5532,47,30,172,2212,LegalQA
SELECT,7.0,0,0,1,0,0,2,0,0,0,0,0,0,0,0,1,0,0,0,0,3,2,2,2,9.0,3,1,2,13,8,0.4706,51,29,175,2124,LegalQA
SELECT,7.0,0,0,1,0,0,2,0,0,0,0,0,0,0,0,1,0,0,0,0,3,2,3,2,10.5,3,1,2,13,8,0.5385,39,29,158,2052,LegalQA
SELECT,7.0,0,0,1,0,0,2,0,0,0,0,0,0,0,0,1,0,0,0,0,3,2,3,2,10.5,3,1,2,13,7,0.561,41,28,165,2155,LegalQA
SELECT,6.0,0,0,1,0,0,4,0,0,0,0,0,0,0,0,0,0,0,0,0,4,1,4,2,10.0,4,1,4,13,8,0.5938,32,31,157,2147,LegalQA
SELECT,7.0,0,0,1,0,0,2,0,0,0,0,0,0,0,0,1,0,0,0,0,3,2,3,2,10.5,3,1,2,15,8,0.3944,71,31,240,2507,LegalQA
SELECT,8.5,0,0,1,0,0,3,0,0,0,0,0,0,0,0,1,0,0,0,0,4,2,4,2,12.0,3,1,3,13,8,0.5366,41,30,169,2093,LegalQA
SELECT,8.5,0,0,1,0,0,3,0,0,0,0,0,0,0,0,1,0,0,0,0,4,2,4,2,12.0,3,1,3,13,8,0.549,51,30,187,2273,LegalQA
SELECT,8.5,0,0,1,0,0,3,0,0,0,0,0,0,0,0,1,0,0,0,0,4,2,4,2,12.0,4,1,3,14,8,0.4727,55,31,209,2361,LegalQA
SELECT,8.5,0,0,1,0,0,3,0,0,0,0,0,0,0,0,1,0,0,0,0,4,2,3,2,10.5,4,1,3,13,8,0.4179,67,30,219,2403,LegalQA
SELECT,10.0,0,0,1,0,0,4,0,0,0,0,0,0,0,0,1,0,0,0,0,5,2,4,2,12.0,4,1,4,14,8,0.5714,35,32,179,2273,LegalQA
SELECT,10.0,0,0,1,0,0,4,0,0,0,0,0,0,0,0,1,0,0,0,0,5,2,4,2,12.0,5,1,4,14,8,0.5111,45,32,212,2454,LegalQA
SELECT,10.0,0,0,1,0,0,4,0,0,0,0,0,0,0,0,1,0,0,0,0,5,2,4,2,12.0,4,1,4,13,8,0.5102,49,31,198,2321,LegalQA
SELECT,8.5,0,0,1,0,0,3,0,0,0,0,0,0,0,0,1,0,0,0,0,4,2,3,2,10.5,3,1,3,13,8,0.5349,43,30,171,2097,LegalQA
SELECT,8.5,0,0,1,0,0,3,0,0,0,0,0,0,0,0,1,0,0,0,0,4,2,3,2,10.5,3,1,3,13,8,0.4576,59,30,201,2407,LegalQA
SELECT,8.5,0,0,1,0,0,3,0,0,0,0,0,0,0,0,1,0,0,0,0,4,2,4,2,12.0,4,1,3,14,8,0.551,49,31,190,2277,LegalQA
SELECT,7.0,0,0,1,0,0,2,0,0,0,0,0,0,0,0,1,0,0,0,0,3,2,3,2,10.5,3,1,2,13,8,0.5094,53,29,176,2141,LegalQA
SELECT,10.0,0,0,1,0,0,4,0,0,0,0,0,0,0,0,1,0,0,0,0,5,2,4,2,12.0,5,1,4,13,8,0.5319,47,31,194,2348,LegalQA
SELECT,10.0,0,0,1,0,0,4,0,0,0,0,0,0,0,0,1,0,0,0,0,5,2,4,2,12.0,5,1,4,13,8,0.5106,47,31,179,2219,LegalQA
SELECT,7.0,0,0,1,0,0,2,0,0,0,0,0,0,0,0,1,0,0,0,0,3,2,2,2,9.0,3,1,2,13,8,0.5319,47,29,166,2115,LegalQA
SELECT,10.0,0,0,1,0,0,4,0,0,0,0,0,0,0,0,1,0,0,0,0,5,2,4,2,12.0,5,1,4,14,7,0.4727,55,31,205,2441,LegalQA
SELECT,10.0,0,0,1,0,0,4,0,0,0,0,0,0,0,0,1,0,0,0,0,5,2,4,2,12.0,4,1,4,13,8,0.5385,39,31,173,2161,LegalQA
SELECT,10.0,0,0,1,0,0,4,0,0,0,0,0,0,0,0,1,0,0,0,0,5,2,4,2,12.0,4,1,4,13,8,0.5122,41,31,183,2219,LegalQA
SELECT,7.0,0,0,1,0,0,2,0,0,0,0,0,0,0,0,1,0,0,0,0,3,2,3,2,10.5,3,1,2,13,8,0.5676,37,29,152,2017,LegalQA
SELECT,8.5,0,0,1,0,0,3,0,0,0,0,0,0,0,0,1,0,0,0,0,4,2,3,2,10.5,4,1,3,13,8,0.5273,55,30,188,2360,LegalQA
SELECT,7.0,0,0,1,0,0,2,0,0,0,0,0,0,0,0,1,0,0,0,0,3,2,2,2,9.0,3,1,2,13,8,0.6,35,29,160,1962,LegalQA
SELECT,8.5,0,0,1,0,0,3,0,0,0,0,0,0,0,0,1,0,0,0,0,4,2,4,2,12.0,3,1,3,13,8,0.5532,47,30,178,2192,LegalQA
SELECT,19.0,0,0,1,0,0,4,3,0,0,0,0,0,0,0,1,0,0,0,0,8,3,4,2,14.0,4,1,4,13,8,0.5094,53,31,198,2380,LegalQA
SELECT,8.5,0,0,1,0,0,3,0,0,0,0,0,0,0,0,1,0,0,0,0,4,2,4,2,12.0,4,1,3,13,8,0.5094,53,30,199,2311,LegalQA
SELECT,8.5,0,0,1,0,0,3,0,0,0,0,0,0,0,0,1,0,0,0,0,4,2,4,2,12.0,4,1,3,14,8,0.5091,55,31,205,2408,LegalQA
SELECT,7.0,0,0,1,0,0,2,0,0,0,0,0,0,0,0,1,0,0,0,0,3,2,3,2,10.5,3,1,2,12,8,0.5472,53,28,173,2112,LegalQA
SELECT,10.0,0,0,1,0,0,4,0,0,0,0,0,0,0,0,1,0,0,0,0,5,2,4,2,12.0,4,1,4,14,8,0.5122,41,32,199,2308,LegalQA
SELECT,10.0,0,0,1,0,0,4,0,0,0,0,0,0,0,0,1,0,0,0,0,5,2,4,2,12.0,4,1,4,13,8,0.4906,53,31,215,2396,LegalQA
SELECT,10.0,0,0,1,0,0,4,0,0,0,0,0,0,0,0,1,0,0,0,0,5,2,4,2,12.0,4,1,4,13,8,0.5085,59,31,215,2462,LegalQA
SELECT,10.0,0,0,1,0,0,4,0,0,0,0,0,0,0,0,1,0,0,0,0,5,2,4,2,12.0,4,1,4,13,8,0.4902,51,31,197,2303,LegalQA
SELECT,7.0,0,0,1,0,0,2,0,0,0,0,0,0,0,0,1,0,0,0,0,3,2,3,2,10.5,3,1,2,13,8,0.5556,45,29,163,2062,LegalQA
SELECT,7.0,0,0,1,0,0,2,0,0,0,0,0,0,0,0,1,0,0,0,0,3,2,3,2,10.5,2,1,2,17,8,0.5085,59,30,208,2384,LegalQA
SELECT,11.5,0,0,1,0,0,3,1,0,0,0,0,0,0,0,1,0,0,0,0,5,3,4,2,14.0,6,6,3,13,8,0.4912,57,33,223,2519,LegalQA
SELECT,10.0,0,1,1,0,1,2,0,0,0,0,0,0,0,0,1,0,0,0,0,4,3,3,3,13.5,4,1,2,14,8,0.4819,83,31,263,2820,LegalQA
DESCRIBE,7.0,0,0,1,0,0,2,0,0,0,0,0,0,0,0,1,0,0,0,0,3,2,3,2,10.5,3,1,2,13,8,0.5273,55,29,191,2241,LegalQA
SELECT,10.0,0,0,1,0,0,4,0,0,0,0,0,0,0,0,1,0,0,0,0,5,2,4,2,12.0,4,1,4,14,8,0.5102,49,32,213,2398,LegalQA
SELECT,10.0,0,0,1,0,0,4,0,0,0,0,0,0,0,0,1,0,0,0,0,5,2,4,2,12.0,4,1,4,14,8,0.5429,35,32,167,2173,LegalQA
SELECT,10.0,0,0,1,0,0,4,0,0,0,0,0,0,0,0,1,0,0,0,0,5,2,4,2,12.0,5,1,4,14,7,0.4717,53,31,197,2417,LegalQA
SELECT,7.0,0,0,1,0,0,2,0,0,0,0,0,0,0,0,1,0,0,0,0,3,2,3,2,10.5,5,3,2,12,8,0.4918,61,29,207,2305,LegalQA
SELECT,8.5,0,0,1,0,0,3,0,0,0,0,0,0,0,0,1,0,0,0,0,4,2,4,2,12.0,4,1,3,14,8,0.561,41,31,185,2171,LegalQA
SELECT,7.0,0,0,1,0,0,2,0,0,0,0,0,0,0,0,1,0,0,0,0,3,2,3,2,10.5,3,1,2,14,8,0.6129,31,30,136,1982,LegalQA
SELECT,8.5,0,0,1,0,0,3,0,0,0,0,0,0,0,0,1,0,0,0,0,4,2,4,2,12.0,4,1,3,13,8,0.5116,43,30,179,2121,LegalQA
SELECT,10.0,0,0,1,0,0,4,0,0,0,0,0,0,0,0,1,0,0,0,0,5,2,5,2,13.5,5,1,4,13,8,0.5581,43,31,183,2244,LegalQA
SELECT,10.0,0,0,1,0,0,4,0,0,0,0,0,0,0,0,1,0,0,0,0,5,2,5,2,13.5,5,1,4,13,8,0.4912,57,31,213,2353,LegalQA
SELECT,10.0,0,0,1,0,0,4,0,0,0,0,0,0,0,0,1,0,0,0,0,5,2,4,2,12.0,4,1,4,13,8,0.5349,43,31,176,2211,LegalQA
SELECT,7.0,0,0,1,0,0,2,0,0,0,0,0,0,0,0,1,0,0,0,0,3,2,3,2,10.5,2,1,2,13,8,0.4762,63,29,200,2212,LegalQA
SELECT,7.0,0,0,1,0,0,2,0,0,0,0,0,0,0,0,1,0,0,0,0,3,2,2,2,9.0,2,1,2,12,8,0.6429,28,28,115,1789,LegalQA
SELECT,8.5,0,0,1,0,0,3,0,0,0,0,0,0,0,0,1,0,0,0,0,4,2,7,2,16.5,7,7,3,13,8,0.4545,55,31,225,2512,LegalQA
SELECT,7.0,0,0,1,0,0,2,0,0,0,0,0,0,0,0,1,0,0,0,0,3,2,3,2,10.5,3,1,2,13,8,0.5405,37,29,165,2089,LegalQA
SELECT,11.5,0,0,1,0,0,5,0,0,0,0,0,0,0,0,1,0,0,0,0,6,2,5,2,13.5,6,1,5,14,8,0.4912,57,33,212,2411,LegalQA
SELECT,10.0,0,0,1,0,0,4,0,0,0,0,0,0,0,0,1,0,0,0,0,5,2,4,2,12.0,4,1,4,13,8,0.5294,51,31,206,2326,LegalQA
SELECT,8.5,0,0,1,0,0,3,0,0,0,0,0,0,0,0,1,0,0,0,0,4,2,4,2,12.0,4,1,3,14,8,0.5306,49,31,190,2269,LegalQA
SELECT,10.0,0,0,1,0,0,4,0,0,0,0,0,0,0,0,1,0,0,0,0,5,2,4,2,12.0,5,1,4,13,8,0.5532,47,31,178,2251,LegalQA
SELECT,7.0,0,0,1,0,0,2,0,0,0,0,0,0,0,0,1,0,0,0,0,3,2,3,2,10.5,2,1,2,13,8,0.5319,47,29,178,2180,LegalQA
SELECT,10.0,0,0,1,0,0,2,1,0,0,0,0,0,0,0,1,0,0,0,0,4,3,4,2,14.0,8,7,2,13,8,0.5077,65,32,241,2569,LegalQA
SELECT,7.0,0,0,1,0,0,2,0,0,0,0,0,0,0,0,1,0,0,0,0,3,2,3,2,10.5,3,1,2,13,8,0.5366,41,29,167,2071,LegalQA
SELECT,10.0,0,0,1,0,0,4,0,0,0,0,0,0,0,0,1,0,0,0,0,5,2,4,2,12.0,4,1,4,13,8,0.5676,37,31,179,2192,LegalQA
SELECT,10.0,0,0,1,0,0,4,0,0,0,0,0,0,0,0,1,0,0,0,0,5,2,4,2,12.0,4,1,4,13,8,0.6207,29,31,164,2094,LegalQA
SELECT,7.0,0,0,1,0,0,2,0,0,0,0,0,0,0,0,1,0,0,0,0,3,2,3,2,10.5,3,1,2,13,8,0.5116,43,29,165,2077,LegalQA
SELECT,10.0,0,0,1,0,0,4,0,0,0,0,0,0,0,0,1,0,0,0,0,5,2,4,2,12.0,4,1,4,12,8,0.5254,59,30,200,2461,LegalQA
SELECT,7.0,0,0,1,0,0,2,0,0,0,0,0,0,0,0,1,0,0,0,0,3,2,3,2,10.5,3,1,2,14,8,0.5854,41,30,164,2115,LegalQA
SELECT,10.0,0,0,1,0,0,4,0,0,0,0,0,0,0,0,1,0,0,0,0,5,2,4,2,12.0,4,1,4,13,8,0.4045,89,31,272,2793,LegalQA
SELECT,7.0,0,0,1,0,0,2,0,0,0,0,0,0,0,0,1,0,0,0,0,3,2,3,2,10.5,3,1,2,13,8,0.5366,41,29,164,2041,LegalQA
SELECT,8.5,0,0,1,0,0,3,0,0,0,0,0,0,0,0,1,0,0,0,0,4,2,3,2,10.5,4,1,3,13,8,0.4912,57,30,192,2276,LegalQA
SELECT,7.0,0,0,1,0,0,2,0,0,0,0,0,0,0,0,1,0,0,0,0,3,2,3,2,10.5,3,1,2,13,8,0.5116,43,29,162,2059,LegalQA
SELECT,10.0,0,0,1,0,0,4,0,0,0,0,0,0,0,0,1,0,0,0,0,5,2,4,2,12.0,5,1,4,13,8,0.5085,59,31,209,2379,LegalQA
SELECT,8.5,0,0,1,0,0,3,0,0,0,0,0,0,0,0,1,0,0,0,0,4,2,3,2,10.5,4,1,3,13,8,0.4921,63,30,204,2430,LegalQA
SELECT,8.5,0,0,1,0,0,3,0,0,0,0,0,0,0,0,1,0,0,0,0,4,2,4,2,12.0,4,1,3,12,7,0.6098,41,28,157,2068,LegalQA
SELECT,10.0,0,0,1,0,0,2,1,0,0,0,0,0,0,0,1,0,0,0,0,4,3,3,2,12.5,5,3,2,12,8,0.4872,39,31,162,2083,LegalQA
SELECT,10.0,0,0,1,0,0,4,0,0,0,0,0,0,0,0,1,0,0,0,0,5,2,4,2,12.0,4,1,4,13,8,0.5111,45,31,183,2240,LegalQA
SELECT,7.0,0,0,1,0,0,2,0,0,0,0,0,0,0,0,1,0,0,0,0,3,2,3,2,10.5,2,1,2,14,8,0.4754,61,30,200,2340,LegalQA
SELECT,10.0,0,0,1,0,0,4,0,0,0,0,0,0,0,0,1,0,0,0,0,5,2,4,2,12.0,5,1,4,13,8,0.5714,35,31,170,2112,LegalQA
SELECT,10.0,0,0,1,0,0,4,0,0,0,0,0,0,0,0,1,0,0,0,0,5,2,4,2,12.0,4,1,4,13,8,0.5116,43,31,179,2215,LegalQA
SELECT,8.5,0,0,1,0,0,3,0,0,0,0,0,0,0,0,1,0,0,0,0,4,2,4,2,12.0,4,1,3,13,8,0.5319,47,30,178,2137,LegalQA
SELECT,10.0,0,0,1,0,0,4,0,0,0,0,0,0,0,0,1,0,0,0,0,5,2,4,2,12.0,5,1,4,13,8,0.5143,35,31,173,2137,LegalQA
SELECT,10.0,0,0,1,0,0,4,0,0,0,0,0,0,0,0,1,0,0,0,0,5,2,4,2,12.0,4,1,4,13,8,0.5641,39,31,170,2186,LegalQA
SELECT,7.0,0,0,1,0,0,2,0,0,0,0,0,0,0,0,1,0,0,0,0,3,2,3,2,10.5,2,1,2,15,8,0.5532,47,31,187,2287,LegalQA
SELECT,7.0,0,0,1,0,0,2,0,0,0,0,0,0,0,0,1,0,0,0,0,3,2,3,2,10.5,3,1,2,13,8,0.5581,43,29,158,2076,LegalQA
SELECT,10.0,0,0,1,0,0,4,0,0,0,0,0,0,0,0,1,0,0,0,0,5,2,4,2,12.0,5,1,4,17,8,0.5,36,32,179,2298,LegalQA
SELECT,7.0,0,0,1,0,0,2,0,0,0,0,0,0,0,0,1,0,0,0,0,3,2,3,2,10.5,2,1,2,13,8,0.549,51,29,173,2139,LegalQA
SELECT,10.0,0,0,1,0,0,4,0,0,0,0,0,0,0,0,1,0,0,0,0,5,2,4,2,12.0,4,1,4,13,8,0.6129,31,31,155,2053,LegalQA
SELECT,11.5,0,1,1,0,1,3,0,0,0,0,0,0,0,0,1,0,0,0,0,5,3,4,3,15.0,5,1,3,12,8,0.5429,35,30,160,2128,LegalQA
SELECT,8.5,0,0,1,0,0,3,0,0,0,0,0,0,0,0,1,0,0,0,0,4,2,4,2,12.0,4,1,3,14,8,0.5306,49,31,188,2219,LegalQA
SELECT,10.0,0,0,1,0,0,4,0,0,0,0,0,0,0,0,1,0,0,0,0,5,2,4,2,12.0,4,1,4,13,8,0.4894,47,31,188,2296,LegalQA
SELECT,7.0,0,0,1,0,0,2,0,0,0,0,0,0,0,0,1,0,0,0,0,3,2,3,2,10.5,3,1,2,14,8,0.6207,29,30,136,1957,LegalQA
SELECT,8.5,0,0,1,0,0,3,0,0,0,0,0,0,0,0,1,0,0,0,0,4,2,4,2,12.0,4,1,3,14,8,0.5556,45,31,183,2216,LegalQA
SELECT,16.0,0,0,1,0,0,2,3,0,0,0,0,0,0,0,1,0,0,0,0,6,3,3,2,12.5,2,1,2,13,8,0.5897,39,29,149,1996,LegalQA
SELECT,10.0,0,0,1,0,0,4,0,0,0,0,0,0,0,0,1,0,0,0,0,5,2,4,2,12.0,4,1,4,13,8,0.5111,45,31,182,2189,LegalQA
SELECT,7.0,0,0,1,0,0,2,0,0,0,0,0,0,0,0,1,0,0,0,0,3,2,3,2,10.5,2,1,2,14,8,0.561,41,30,166,2082,LegalQA
SELECT,13.0,0,0,1,0,0,2,2,0,0,0,0,0,0,0,1,0,0,0,0,5,3,5,2,15.5,10,10,3,13,8,0.4912,57,34,241,2530,LegalQA
SELECT,10.0,0,1,1,0,1,2,0,0,0,0,0,0,0,0,1,0,0,0,0,4,3,4,2,14.0,9,7,3,13,8,0.5424,59,31,232,2542,LegalQA
SELECT,10.0,0,0,1,0,0,4,0,0,0,0,0,0,0,0,1,0,0,0,0,5,2,4,2,12.0,4,1,4,13,8,0.4407,59,31,203,2353,LegalQA
SELECT,8.5,0,0,1,0,0,3,0,0,0,0,0,0,0,0,1,0,0,0,0,4,2,3,2,10.5,4,1,3,13,8,0.5405,37,30,159,2113,LegalQA
SELECT,8.5,0,0,1,0,0,3,0,0,0,0,0,0,0,0,1,0,0,0,0,4,2,4,2,12.0,3,1,3,13,8,0.5088,57,30,196,2287,LegalQA
SELECT,7.0,0,0,1,0,0,2,0,0,0,0,0,0,0,0,1,0,0,0,0,3,2,3,2,10.5,2,1,2,14,8,0.5581,43,30,168,1999,LegalQA
SELECT,7.0,0,0,1,0,0,2,0,0,0,0,0,0,0,0,1,0,0,0,0,3,2,3,2,10.5,2,1,2,13,8,0.5254,59,29,191,2296,LegalQA
SELECT,10.0,0,0,1,0,0,2,1,0,0,0,0,0,0,0,1,0,0,0,0,4,3,4,2,14.0,6,7,2,13,8,0.4478,67,32,260,2644,LegalQA
SELECT,7.0,0,0,1,0,0,2,0,0,0,0,0,0,0,0,1,0,0,0,0,3,2,3,2,10.5,3,1,2,13,8,0.5349,43,29,169,2131,LegalQA
SELECT,8.5,0,0,1,0,0,3,0,0,0,0,0,0,0,0,1,0,0,0,0,4,2,4,2,12.0,4,1,3,13,8,0.5676,37,30,160,2068,LegalQA
SELECT,7.0,0,0,1,0,0,2,0,0,0,0,0,0,0,0,1,0,0,0,0,3,2,3,2,10.5,3,1,2,16,7,0.4928,69,28,195,2381,LegalQA
SELECT,7.0,0,0,1,0,0,2,0,0,0,0,0,0,0,0,1,0,0,0,0,3,2,3,2,10.5,3,1,2,14,7,0.4865,37,29,165,2120,LegalQA
SELECT,10.0,0,0,1,0,0,2,1,0,0,0,0,0,0,0,1,0,0,0,0,4,3,5,2,15.5,5,6,2,13,8,0.4925,67,32,238,2628,LegalQA
SELECT,8.5,0,0,1,0,0,3,0,0,0,0,0,0,0,0,1,0,0,0,0,4,2,4,2,12.0,3,1,3,13,8,0.5091,55,30,196,2323,LegalQA
SELECT,7.0,0,0,1,0,0,2,0,0,0,0,0,0,0,0,1,0,0,0,0,3,2,3,2,10.5,3,1,2,13,8,0.5333,45,29,169,2163,LegalQA
SELECT,8.5,0,0,1,0,0,3,0,0,0,0,0,0,0,0,1,0,0,0,0,4,2,3,2,10.5,4,1,3,13,8,0.5319,47,30,174,2226,LegalQA
SELECT,8.5,0,0,1,0,0,3,0,0,0,0,0,0,0,0,1,0,0,0,0,4,2,4,2,12.0,4,1,3,13,8,0.4167,48,30,172,2249,LegalQA
SELECT,10.0,0,0,1,0,0,4,0,0,0,0,0,0,0,0,1,0,0,0,0,5,2,4,2,12.0,4,1,4,13,8,0.4648,71,31,233,2669,LegalQA
SELECT,8.5,0,0,1,0,0,3,0,0,0,0,0,0,0,0,1,0,0,0,0,4,2,4,2,12.0,4,1,3,13,8,0.5122,41,30,169,2098,LegalQA
SELECT,7.0,0,0,1,0,0,2,0,0,0,0,0,0,0,0,1,0,0,0,0,3,2,3,2,10.5,3,1,2,13,8,0.5676,37,29,150,2011,LegalQA
SELECT,7.0,0,0,1,0,0,2,0,0,0,0,0,0,0,0,1,0,0,0,0,3,2,3,2,10.5,3,1,2,13,8,0.4706,51,29,180,2096,LegalQA
SELECT,7.0,0,0,1,0,0,2,0,0,0,0,0,0,0,0,1,0,0,0,0,3,2,3,2,10.5,3,1,2,13,8,0.6061,33,29,148,2001,LegalQA
SELECT,10.0,0,0,1,0,0,4,0,0,0,0,0,0,0,0,1,0,0,0,0,5,2,4,2,12.0,4,1,4,14,7,0.549,51,31,206,2456,LegalQA
SELECT,8.5,0,0,1,0,0,3,0,0,0,0,0,0,0,0,1,0,0,0,0,4,2,4,2,12.0,4,1,3,12,8,0.6129,31,29,139,1968,LegalQA
SELECT,7.0,0,0,1,0,0,2,0,0,0,0,0,0,0,0,1,0,0,0,0,3,2,3,2,10.5,2,1,2,12,8,0.551,49,28,173,2052,LegalQA
SELECT,7.0,0,0,1,0,0,2,0,0,0,0,0,0,0,0,1,0,0,0,0,3,2,3,2,10.5,3,1,2,16,8,0.5143,35,29,142,1908,LegalQA
SELECT,7.0,0,0,1,0,0,2,0,0,0,0,0,0,0,0,1,0,0,0,0,3,2,3,2,10.5,2,1,2,13,8,0.5102,49,29,180,2110,LegalQA
SELECT,8.5,0,0,1,0,0,3,0,0,0,0,0,0,0,0,1,0,0,0,0,4,2,4,2,12.0,4,1,3,13,8,0.5135,37,30,164,2036,LegalQA
SELECT,7.0,0,0,1,0,0,2,0,0,0,0,0,0,0,0,1,0,0,0,0,3,2,3,2,10.5,3,1,2,13,8,0.4915,59,29,200,2236,LegalQA
SELECT,7.0,0,0,1,0,0,2,0,0,0,0,0,0,0,0,1,0,0,0,0,3,2,3,2,10.5,5,3,2,13,8,0.5556,45,30,182,2197,LegalQA
SELECT,10.0,0,0,1,0,0,4,0,0,0,0,0,0,0,0,1,0,0,0,0,5,2,5,2,13.5,5,1,4,14,8,0.5333,45,32,190,2293,LegalQA
SELECT,7.0,0,0,1,0,0,2,0,0,0,0,0,0,0,0,1,0,0,0,0,3,2,3,2,10.5,3,1,2,13,8,0.4915,59,29,206,2274,LegalQA
SELECT,7.0,0,0,1,0,0,2,0,0,0,0,0,0,0,0,1,0,0,0,0,3,2,3,2,10.5,3,1,2,12,7,0.4898,49,27,167,2084,LegalQA
SELECT,10.0,0,0,1,0,0,4,0,0,0,0,0,0,0,0,1,0,0,0,0,5,2,4,2,12.0,5,1,4,15,8,0.5098,51,33,212,2472,LegalQA
SELECT,7.0,0,0,1,0,0,2,0,0,0,0,0,0,0,0,1,0,0,0,0,3,2,3,2,10.5,3,1,2,13,8,0.5581,43,29,164,2078,LegalQA
SELECT,10.0,0,0,1,0,0,4,0,0,0,0,0,0,0,0,1,0,0,0,0,5,2,4,2,12.0,4,1,4,13,8,0.5676,37,31,188,2195,LegalQA
SELECT,7.0,0,0,1,0,0,2,0,0,0,0,0,0,0,0,1,0,0,0,0,3,2,3,2,10.5,2,1,2,13,8,0.5385,39,29,169,2070,LegalQA
SELECT,7.0,0,0,1,0,0,2,0,0,0,0,0,0,0,0,1,0,0,0,0,3,2,3,2,10.5,2,1,2,13,8,0.4918,61,29,203,2179,LegalQA
SELECT,8.5,0,0,1,0,0,3,0,0,0,0,0,0,0,0,1,0,0,0,0,4,2,4,2,12.0,3,1,3,13,8,0.4884,43,30,181,2183,LegalQA
SELECT,10.0,0,0,1,0,0,4,0,0,0,0,0,0,0,0,1,0,0,0,0,5,2,5,2,13.5,5,1,4,13,8,0.5641,39,31,166,2159,LegalQA
SELECT,10.0,0,0,1,0,0,4,0,0,0,0,0,0,0,0,1,0,0,0,0,5,2,4,2,12.0,4,1,4,13,8,0.5758,33,31,164,2116,LegalQA
SELECT,8.5,0,0,1,0,0,3,0,0,0,0,0,0,0,0,1,0,0,0,0,4,2,4,2,12.0,4,1,3,16,7,0.4902,51,29,190,2352,LegalQA
SELECT,7.0,0,0,1,0,0,2,0,0,0,0,0,0,0,0,1,0,0,0,0,3,2,2,2,9.0,3,1,2,13,8,0.5122,41,29,169,2070,LegalQA
SELECT,8.5,0,0,1,0,0,3,0,0,0,0,0,0,0,0,1,0,0,0,0,4,2,4,2,12.0,4,1,3,14,8,0.5116,43,31,183,2251,LegalQA
SELECT,20.5,0,1,1,0,1,3,3,0,0,0,0,0,0,0,1,0,0,0,0,8,4,6,2,19.0,9,8,8,14,8,0.5102,49,39,270,2917,LegalQA
SELECT,7.0,0,0,1,0,0,2,0,0,0,0,0,0,0,0,1,0,0,0,0,3,2,3,2,10.5,3,1,2,13,8,0.5405,37,29,152,2035,LegalQA
SELECT,7.0,0,0,1,0,0,2,0,0,0,0,0,0,0,0,1,0,0,0,0,3,2,3,2,10.5,3,1,2,14,7,0.4634,41,29,167,2173,LegalQA
SELECT,8.5,0,0,1,0,0,3,0,0,0,0,0,0,0,0,1,0,0,0,0,4,2,4,2,12.0,4,1,3,13,8,0.5319,47,30,178,2198,LegalQA
SELECT,7.0,0,0,1,0,0,2,0,0,0,0,0,0,0,0,1,0,0,0,0,3,2,3,2,10.5,3,1,2,13,8,0.561,41,29,158,2088,LegalQA
SELECT,8.5,0,0,1,0,0,3,0,0,0,0,0,0,0,0,1,0,0,0,0,4,2,4,2,12.0,4,1,3,13,8,0.3731,67,30,221,2515,LegalQA
SELECT,8.5,0,0,1,0,0,3,0,0,0,0,0,0,0,0,1,0,0,0,0,4,2,4,2,12.0,4,1,3,12,8,0.4118,51,29,178,2168,LegalQA
SELECT,10.0,0,0,1,0,0,4,0,0,0,0,0,0,0,0,1,0,0,0,0,5,2,4,2,12.0,5,1,4,12,7,0.4737,57,29,194,2340,LegalQA
SELECT,19.0,0,1,1,0,1,2,3,0,0,0,0,0,0,0,1,0,0,0,0,7,4,3,2,14.5,3,4,5,13,8,0.5254,59,37,258,2766,LegalQA
SELECT,8.5,0,0,1,0,0,3,0,0,0,0,0,0,0,0,1,0,0,0,0,4,2,3,2,10.5,3,1,3,13,8,0.6061,33,30,153,2057,LegalQA
SELECT,13.0,0,0,1,0,0,4,1,0,0,0,0,0,0,0,1,0,0,0,0,6,3,4,2,14.0,8,5,4,13,8,0.5273,55,34,220,2567,LegalQA
SELECT,19.0,0,0,1,0,0,2,4,0,0,0,0,0,0,0,1,0,0,0,0,7,3,4,2,14.0,6,7,2,13,8,0.4384,73,32,266,2716,LegalQA
SELECT,7.0,0,0,1,0,0,2,0,0,0,0,0,0,0,0,1,0,0,0,0,3,2,3,2,10.5,3,1,2,13,8,0.5349,43,29,170,2175,LegalQA
SELECT,8.5,0,0,1,0,0,3,0,0,0,0,0,0,0,0,1,0,0,0,0,4,2,4,2,12.0,4,1,3,13,7,0.4865,37,29,156,2179,LegalQA
SELECT,8.5,0,0,1,0,0,3,0,0,0,0,0,0,0,0,1,0,0,0,0,4,2,4,2,12.0,3,1,3,13,8,0.5128,39,30,172,2115,LegalQA
SELECT,7.0,0,0,1,0,0,2,0,0,0,0,0,0,0,0,1,0,0,0,0,3,2,3,2,10.5,3,1,2,13,8,0.4906,53,29,184,2294,LegalQA
SELECT,10.0,0,0,1,0,0,2,1,0,0,0,0,0,0,0,1,0,0,0,0,4,3,3,2,12.5,6,4,2,13,8,0.5283,53,32,243,2450,LegalQA
SELECT,7.0,0,0,1,0,0,2,0,0,0,0,0,0,0,0,1,0,0,0,0,3,2,3,2,10.5,3,1,2,13,8,0.4179,67,29,206,2308,LegalQA
SELECT,7.0,0,0,1,0,0,2,0,0,0,0,0,0,0,0,1,0,0,0,0,3,2,3,2,10.5,3,1,2,14,8,0.6207,29,30,133,1961,LegalQA
SELECT,7.0,0,0,1,0,0,2,0,0,0,0,0,0,0,0,1,0,0,0,0,3,2,3,2,10.5,3,1,2,13,8,0.5429,35,29,142,1946,LegalQA
SELECT,8.5,0,0,1,0,0,3,0,0,0,0,0,0,0,0,1,0,0,0,0,4,2,4,2,12.0,4,1,3,14,8,0.4918,61,31,229,2435,LegalQA
SELECT,10.0,0,0,1,0,0,2,1,0,0,0,0,0,0,0,1,0,0,0,0,4,3,4,2,14.0,5,4,2,13,8,0.5455,33,32,172,2184,LegalQA
SELECT,8.5,0,0,1,0,0,3,0,0,0,0,0,0,0,0,1,0,0,0,0,4,2,3,2,10.5,4,1,3,14,8,0.4921,63,31,211,2411,LegalQA
SELECT,17.5,0,0,1,0,0,3,3,0,0,0,0,0,0,0,1,0,0,0,0,7,3,7,2,18.5,9,9,7,14,8,0.4828,58,38,286,2908,LegalQA
SELECT,8.5,0,0,1,0,0,3,0,0,0,0,0,0,0,0,1,0,0,0,0,4,2,4,2,12.0,4,1,3,14,8,0.5273,55,31,204,2428,LegalQA
SELECT,7.0,0,0,1,0,0,2,0,0,0,0,0,0,0,0,1,0,0,0,0,3,2,3,2,10.5,3,1,2,13,8,0.4889,45,29,169,2092,LegalQA
SELECT,10.0,0,0,1,0,0,4,0,0,0,0,0,0,0,0,1,0,0,0,0,5,2,4,2,12.0,4,1,4,13,8,0.5556,45,31,182,2218,LegalQA
SELECT,10.0,0,0,1,0,0,4,0,0,0,0,0,0,0,0,1,0,0,0,0,5,2,4,2,12.0,5,1,4,13,8,0.5581,43,31,185,2196,LegalQA
SELECT,8.5,0,0,1,0,0,3,0,0,0,0,0,0,0,0,1,0,0,0,0,4,2,4,2,12.0,4,1,3,12,8,0.561,41,29,163,2101,LegalQA
SELECT,8.5,0,0,1,0,0,3,0,0,0,0,0,0,0,0,1,0,0,0,0,4,2,4,2,12.0,3,1,3,14,8,0.5273,55,31,217,2427,LegalQA
SELECT,7.0,0,0,1,0,0,2,0,0,0,0,0,0,0,0,1,0,0,0,0,3,2,2,2,9.0,3,1,2,13,8,0.5094,53,29,190,2255,LegalQA
SELECT,10.0,0,0,1,0,0,4,0,0,0,0,0,0,0,0,1,0,0,0,0,5,2,4,2,12.0,4,1,4,13,8,0.4894,47,31,186,2280,LegalQA
SELECT,7.0,0,0,1,0,0,2,0,0,0,0,0,0,0,0,1,0,0,0,0,3,2,3,2,10.5,3,1,2,14,8,0.4255,47,30,183,2269,LegalQA
SELECT,7.0,0,0,1,0,0,2,0,0,0,0,0,0,0,0,1,0,0,0,0,3,2,3,2,10.5,3,1,2,13,8,0.5946,37,29,164,2114,LegalQA
SELECT,7.0,0,0,1,0,0,2,0,0,0,0,0,0,0,0,1,0,0,0,0,3,2,3,2,10.5,3,1,2,14,8,0.5283,53,30,198,2301,LegalQA
SELECT,7.0,0,0,1,0,0,2,0,0,0,0,0,0,0,0,1,0,0,0,0,3,2,3,2,10.5,3,1,2,13,8,0.4902,51,29,197,2201,LegalQA
SELECT,7.0,0,0,1,0,0,2,0,0,0,0,0,0,0,0,1,0,0,0,0,3,2,3,2,10.5,3,1,2,14,8,0.5455,44,30,185,2320,LegalQA
SELECT,7.0,0,0,1,0,0,2,0,0,0,0,0,0,0,0,1,0,0,0,0,3,2,3,2,10.5,3,1,2,13,8,0.4884,43,29,162,2083,LegalQA
SELECT,8.5,0,0,1,0,0,3,0,0,0,0,0,0,0,0,1,0,0,0,0,4,2,4,2,12.0,4,1,3,12,8,0.6098,41,29,157,2061,LegalQA
SELECT,7.0,0,0,1,0,0,2,0,0,0,0,0,0,0,0,1,0,0,0,0,3,2,3,2,10.5,3,1,2,13,8,0.5294,51,29,183,2273,LegalQA
SELECT,10.0,0,0,1,0,0,4,0,0,0,0,0,0,0,0,1,0,0,0,0,5,2,4,2,12.0,5,1,4,12,8,0.463,54,30,181,2365,LegalQA
SELECT,7.0,0,0,1,0,0,2,0,0,0,0,0,0,0,0,1,0,0,0,0,3,2,3,2,10.5,2,1,2,13,8,0.6129,31,29,146,1970,LegalQA
SELECT,8.5,0,0,1,0,0,3,0,0,0,0,0,0,0,0,1,0,0,0,0,4,2,4,2,12.0,3,1,3,14,8,0.5333,45,31,193,2294,LegalQA
SELECT,8.5,0,0,1,0,0,3,0,0,0,0,0,0,0,0,1,0,0,0,0,4,2,4,2,12.0,4,1,3,13,7,0.551,49,29,178,2140,LegalQA
SELECT,7.0,0,0,1,0,0,2,0,0,0,0,0,0,0,0,1,0,0,0,0,3,2,3,2,10.5,3,1,2,13,7,0.5405,37,28,154,2058,LegalQA
SELECT,7.0,0,0,1,0,0,2,0,0,0,0,0,0,0,0,1,0,0,0,0,3,2,3,2,10.5,3,1,2,13,8,0.5676,37,29,144,2004,LegalQA
SELECT,10.0,0,0,1,0,0,4,0,0,0,0,0,0,0,0,1,0,0,0,0,5,2,4,2,12.0,4,1,4,13,8,0.561,41,31,185,2257,LegalQA
SELECT,10.0,0,0,1,0,0,4,0,0,0,0,0,0,0,0,1,0,0,0,0,5,2,4,2,12.0,4,1,4,13,8,0.5556,45,31,194,2312,LegalQA
SELECT,8.5,0,0,1,0,0,3,0,0,0,0,0,0,0,0,1,0,0,0,0,4,2,5,2,13.5,8,6,3,13,8,0.5532,47,31,231,2549,LegalQA
SELECT,8.5,0,0,1,0,0,3,0,0,0,0,0,0,0,0,1,0,0,0,0,4,2,3,2,10.5,4,1,3,13,8,0.5581,43,30,180,2159,LegalQA
SELECT,11.5,0,1,1,0,1,3,0,0,0,0,0,0,0,0,1,0,0,0,0,5,3,4,3,15.0,5,1,3,12,8,0.551,49,30,176,2259,LegalQA
SELECT,8.5,0,0,1,0,0,3,0,0,0,0,0,0,0,0,1,0,0,0,0,4,2,3,2,10.5,3,1,3,13,8,0.5088,57,30,193,2328,LegalQA
SELECT,10.0,0,0,1,0,0,4,0,0,0,0,0,0,0,0,1,0,0,0,0,5,2,4,2,12.0,5,1,4,13,8,0.5349,43,31,176,2224,LegalQA
SELECT,7.0,0,0,1,0,0,2,0,0,0,0,0,0,0,0,1,0,0,0,0,3,2,3,2,10.5,3,1,2,12,8,0.5758,33,28,129,1852,LegalQA
SELECT,10.0,0,0,1,0,0,4,0,0,0,0,0,0,0,0,1,0,0,0,0,5,2,4,2,12.0,5,1,4,12,7,0.5556,45,29,176,2181,LegalQA
SELECT,7.0,0,0,1,0,0,2,0,0,0,0,0,0,0,0,1,0,0,0,0,3,2,3,2,10.5,2,1,2,13,8,0.5111,45,29,168,2086,LegalQA
SELECT,8.5,0,0,1,0,0,3,0,0,0,0,0,0,0,0,1,0,0,0,0,4,2,4,2,12.0,4,1,3,13,8,0.5094,53,30,200,2283,LegalQA
SELECT,7.0,0,0,1,0,0,2,0,0,0,0,0,0,0,0,1,0,0,0,0,3,2,3,2,10.5,3,1,2,13,8,0.6207,29,29,134,1885,LegalQA
CONSTRUCT,7.0,0,0,1,0,0,2,0,0,0,0,0,0,0,0,1,0,0,0,0,3,2,3,2,10.5,3,1,2,13,8,0.4182,55,29,180,2179,LegalQA
SELECT,8.5,0,0,1,0,0,3,0,0,0,0,0,0,0,0,1,0,0,0,0,4,2,4,2,12.0,4,1,3,13,8,0.5758,33,30,157,2011,LegalQA
SELECT,7.0,0,0,1,0,0,2,0,0,0,0,0,0,0,0,1,0,0,0,0,3,2,3,2,10.5,4,1,2,13,8,0.561,41,29,168,2088,LegalQA
SELECT,10.0,0,0,1,0,0,4,0,0,0,0,0,0,0,0,1,0,0,0,0,5,2,4,2,12.0,4,1,4,13,8,0.561,41,31,188,2251,LegalQA
SELECT,7.0,0,0,1,0,0,2,0,0,0,0,0,0,0,0,1,0,0,0,0,3,2,3,2,10.5,2,1,2,14,8,0.5094,53,30,190,2249,LegalQA
SELECT,7.0,0,0,1,0,0,2,0,0,0,0,0,0,0,0,1,0,0,0,0,3,2,3,2,10.5,3,1,2,13,8,0.4328,67,29,218,2387,LegalQA
SELECT,7.0,0,0,1,0,0,2,0,0,0,0,0,0,0,0,1,0,0,0,0,3,2,3,2,10.5,3,1,2,13,7,0.4865,37,28,164,2115,LegalQA
SELECT,10.0,0,0,1,0,0,2,1,0,0,0,0,0,0,0,1,0,0,0,0,4,3,4,2,14.0,5,8,2,13,8,0.5333,45,32,204,2490,LegalQA
SELECT,8.5,0,0,1,0,0,3,0,0,0,0,0,0,0,0,1,0,0,0,0,4,2,4,2,12.0,4,1,3,14,8,0.5111,45,31,176,2208,LegalQA
SELECT,7.0,0,0,1,0,0,2,0,0,0,0,0,0,0,0,1,0,0,0,0,3,2,3,2,10.5,3,1,2,13,8,0.5333,45,29,168,2088,LegalQA
SELECT,7.0,0,0,1,0,0,2,0,0,0,0,0,0,0,0,1,0,0,0,0,3,2,3,2,10.5,3,1,2,13,8,0.5,50,29,167,2219,LegalQA
SELECT,7.0,0,0,1,0,0,2,0,0,0,0,0,0,0,0,1,0,0,0,0,3,2,3,2,10.5,3,1,2,13,8,0.4872,39,29,155,1956,LegalQA
SELECT,8.5,0,0,1,0,0,3,0,0,0,0,0,0,0,0,1,0,0,0,0,4,2,4,2,12.0,3,1,3,13,8,0.5098,51,30,187,2228,LegalQA
SELECT,10.0,0,0,1,0,0,4,0,0,0,0,0,0,0,0,1,0,0,0,0,5,2,4,2,12.0,4,1,4,13,8,0.68,25,31,143,2002,LegalQA
SELECT,7.0,0,0,1,0,0,2,0,0,0,0,0,0,0,0,1,0,0,0,0,3,2,3,2,10.5,3,1,2,16,8,0.5128,39,29,155,2036,LegalQA
SELECT,8.5,0,0,1,0,0,3,0,0,0,0,0,0,0,0,1,0,0,0,0,4,2,4,2,12.0,4,1,3,14,8,0.5385,39,31,166,2088,LegalQA
SELECT,8.5,0,0,1,0,0,3,0,0,0,0,0,0,0,0,1,0,0,0,0,4,2,4,2,12.0,4,1,3,13,8,0.5676,37,30,163,2119,LegalQA
SELECT,8.5,0,0,1,0,0,3,0,0,0,0,0,0,0,0,1,0,0,0,0,4,2,4,2,12.0,4,1,3,13,8,0.5778,45,30,184,2196,LegalQA
SELECT,10.0,0,0,1,0,0,4,0,0,0,0,0,0,0,0,1,0,0,0,0,5,2,4,2,12.0,5,1,4,13,8,0.4769,65,31,219,2454,LegalQA
SELECT,7.0,0,0,1,0,0,2,0,0,0,0,0,0,0,0,1,0,0,0,0,3,2,3,2,10.5,2,1,2,13,8,0.5333,45,29,164,2101,LegalQA
SELECT,7.0,0,0,1,0,0,2,0,0,0,0,0,0,0,0,1,0,0,0,0,3,2,3,2,10.5,2,1,2,14,8,0.5532,47,30,183,2179,LegalQA
SELECT,10.0,0,0,1,0,0,4,0,0,0,0,0,0,0,0,1,0,0,0,0,5,2,4,2,12.0,5,1,4,13,8,0.5854,41,31,179,2161,LegalQA
SELECT,8.5,0,0,1,0,0,3,0,0,0,0,0,0,0,0,1,0,0,0,0,4,2,4,2,12.0,4,1,3,14,8,0.5745,47,31,203,2385,LegalQA
SELECT,7.0,0,0,1,0,0,2,0,0,0,0,0,0,0,0,1,0,0,0,0,3,2,3,2,10.5,2,1,2,13,8,0.5472,53,29,182,2204,LegalQA
SELECT,7.0,0,0,1,0,0,2,0,0,0,0,0,0,0,0,1,0,0,0,0,3,2,2,2,9.0,3,1,2,13,8,0.5439,57,29,190,2279,LegalQA
SELECT,10.0,0,0,1,0,0,4,0,0,0,0,0,0,0,0,1,0,0,0,0,5,2,4,2,12.0,4,1,4,13,8,0.5758,33,31,170,2136,LegalQA
SELECT,8.5,0,0,1,0,0,3,0,0,0,0,0,0,0,0,1,0,0,0,0,4,2,4,2,12.0,4,1,3,12,8,0.6207,29,29,130,1926,LegalQA
SELECT,7.0,0,0,1,0,0,2,0,0,0,0,0,0,0,0,1,0,0,0,0,3,2,3,2,10.5,3,1,2,14,7,0.4634,41,29,161,2137,LegalQA
SELECT,7.0,0,0,1,0,0,2,0,0,0,0,0,0,0,0,1,0,0,0,0,3,2,3,2,10.5,3,1,2,14,8,0.4737,57,30,187,2294,LegalQA
SELECT,8.5,0,0,1,0,0,3,0,0,0,0,0,0,0,0,1,0,0,0,0,4,2,4,2,12.0,4,1,3,13,8,0.3704,81,30,242,2593,LegalQA
SELECT,7.0,0,0,1,0,0,2,0,0,0,0,0,0,0,0,1,0,0,0,0,3,2,3,2,10.5,3,1,2,13,8,0.5116,43,29,164,2065,LegalQA
SELECT,8.5,0,0,1,0,0,3,0,0,0,0,0,0,0,0,1,0,0,0,0,4,2,3,2,10.5,3,1,3,13,8,0.5714,35,30,165,2093,LegalQA
SELECT,11.5,0,0,1,0,0,3,1,0,0,0,0,0,0,0,1,0,0,0,0,5,3,6,2,17.0,10,13,3,13,8,0.4396,91,33,321,3142,LegalQA
SELECT,8.5,0,0,1,0,0,3,0,0,0,0,0,0,0,0,1,0,0,0,0,4,2,4,2,12.0,4,1,3,14,8,0.5686,51,31,225,2419,LegalQA
SELECT,8.5,0,0,1,0,0,3,0,0,0,0,0,0,0,0,1,0,0,0,0,4,2,4,2,12.0,4,1,3,12,8,0.5556,45,29,172,2082,LegalQA
SELECT,8.5,0,0,1,0,0,3,0,0,0,0,0,0,0,0,1,0,0,0,0,4,2,3,2,10.5,4,1,3,13,8,0.5581,43,30,174,2204,LegalQA
SELECT,7.0,0,0,1,0,0,2,0,0,0,0,0,0,0,0,1,0,0,0,0,3,2,3,2,10.5,3,1,2,13,8,0.561,41,29,157,2027,LegalQA
SELECT,7.0,0,0,1,0,0,2,0,0,0,0,0,0,0,0,1,0,0,0,0,3,2,3,2,10.5,3,1,2,13,8,0.6061,33,29,143,1909,LegalQA
SELECT,8.5,0,0,1,0,0,3,0,0,0,0,0,0,0,0,1,0,0,0,0,4,2,3,2,10.5,4,1,3,13,8,0.5106,47,30,175,2233,LegalQA
SELECT,7.0,0,0,1,0,0,2,0,0,0,0,0,0,0,0,1,0,0,0,0,3,2,3,2,10.5,3,1,2,13,8,0.5,50,29,184,2159,LegalQA
SELECT,7.0,0,0,1,0,0,2,0,0,0,0,0,0,0,0,1,0,0,0,0,3,2,3,2,10.5,2,1,2,13,8,0.5676,37,29,155,2003,LegalQA
SELECT,7.0,0,0,1,0,0,2,0,0,0,0,0,0,0,0,1,0,0,0,0,3,2,3,2,10.5,3,1,2,13,8,0.4906,53,29,185,2198,LegalQA
SELECT,7.0,0,0,1,0,0,2,0,0,0,0,0,0,0,0,1,0,0,0,0,3,2,3,2,10.5,2,1,2,14,8,0.5676,37,30,171,2023,LegalQA
SELECT,7.0,0,0,1,0,0,2,0,0,0,0,0,0,0,0,1,0,0,0,0,3,2,3,2,10.5,2,1,2,14,8,0.5122,41,30,174,2111,LegalQA
SELECT,8.5,0,0,1,0,0,3,0,0,0,0,0,0,0,0,1,0,0,0,0,4,2,4,2,12.0,4,1,3,14,8,0.5091,55,31,213,2396,LegalQA
SELECT,10.0,0,0,1,0,0,4,0,0,0,0,0,0,0,0,1,0,0,0,0,5,2,4,2,12.0,5,1,4,13,8,0.459,61,31,206,2361,LegalQA
SELECT,10.0,0,0,1,0,0,4,0,0,0,0,0,0,0,0,1,0,0,0,0,5,2,5,2,13.5,5,1,4,15,8,0.549,51,33,221,2421,LegalQA
SELECT,16.0,0,0,1,0,0,2,3,0,0,0,0,0,0,0,1,0,0,0,0,6,3,5,2,15.5,5,10,4,13,8,0.4286,77,36,284,2822,LegalQA
SELECT,7.0,0,0,1,0,0,2,0,0,0,0,0,0,0,0,1,0,0,0,0,3,2,3,2,10.5,3,1,2,13,8,0.561,41,29,164,2054,LegalQA
SELECT,7.0,0,0,1,0,0,2,0,0,0,0,0,0,0,0,1,0,0,0,0,3,2,3,2,10.5,3,1,2,15,8,0.561,41,28,149,1922,LegalQA
SELECT,8.5,0,0,1,0,0,3,0,0,0,0,0,0,0,0,1,0,0,0,0,4,2,4,2,12.0,4,1,3,13,8,0.4898,49,30,179,2194,LegalQA
SELECT,10.0,0,0,1,0,0,4,0,0,0,0,0,0,0,0,1,0,0,0,0,5,2,4,2,12.0,5,1,4,12,7,0.561,41,29,167,2177,LegalQA
SELECT,7.0,0,0,1,0,0,2,0,0,0,0,0,0,0,0,1,0,0,0,0,3,2,3,2,10.5,2,1,2,13,8,0.5111,45,29,171,2078,LegalQA
SELECT,7.0,0,0,1,0,0,2,0,0,0,0,0,0,0,0,1,0,0,0,0,3,2,3,2,10.5,3,1,2,13,8,0.5366,41,29,158,2047,LegalQA
SELECT,7.0,0,0,1,0,0,2,0,0,0,0,0,0,0,0,1,0,0,0,0,3,2,3,2,10.5,2,1,2,13,8,0.5106,47,29,170,2056,LegalQA
SELECT,10.0,0,0,1,0,0,4,0,0,0,0,0,0,0,0,1,0,0,0,0,5,2,4,2,12.0,4,1,4,13,8,0.4717,53,31,194,2338,LegalQA
SELECT,10.0,0,0,1,0,0,4,0,0,0,0,0,0,0,0,1,0,0,0,0,5,2,4,2,12.0,5,1,4,12,7,0.5349,43,29,167,2127,LegalQA
SELECT,8.5,0,0,1,0,0,3,0,0,0,0,0,0,0,0,1,0,0,0,0,4,2,4,2,12.0,4,1,3,13,8,0.5111,45,30,177,2271,LegalQA
SELECT,8.5,0,0,1,0,0,3,0,0,0,0,0,0,0,0,1,0,0,0,0,4,2,4,2,12.0,4,1,3,14,8,0.5085,59,31,237,2529,LegalQA
SELECT,10.0,0,0,1,0,0,4,0,0,0,0,0,0,0,0,1,0,0,0,0,5,2,4,2,12.0,5,1,4,14,8,0.5366,41,32,193,2270,LegalQA
SELECT,8.5,0,0,1,0,0,3,0,0,0,0,0,0,0,0,1,0,0,0,0,4,2,4,2,12.0,4,1,3,13,8,0.5122,41,30,166,2125,LegalQA
SELECT,8.5,0,0,1,0,0,3,0,0,0,0,0,0,0,0,1,0,0,0,0,4,2,4,2,12.0,4,1,3,13,8,0.4098,61,30,206,2316,LegalQA
SELECT,10.0,0,0,1,0,0,2,1,0,0,0,0,0,0,0,1,0,0,0,0,4,3,3,2,12.5,7,5,2,16,8,0.4909,55,32,221,2508,LegalQA
SELECT,10.0,0,0,1,0,0,4,0,0,0,0,0,0,0,0,1,0,0,0,0,5,2,4,2,12.0,5,1,4,14,7,0.5263,57,31,205,2454,LegalQA
SELECT,11.5,0,1,1,0,1,3,0,0,0,0,0,0,0,0,1,0,0,0,0,5,3,4,3,15.0,4,1,3,13,8,0.5116,43,31,168,2137,LegalQA
SELECT,7.0,0,0,1,0,0,2,0,0,0,0,0,0,0,0,1,0,0,0,0,3,2,3,2,10.5,3,1,2,12,8,0.4898,49,28,162,2110,LegalQA
SELECT,10.0,0,0,1,0,0,4,0,0,0,0,0,0,0,0,1,0,0,0,0,5,2,4,2,12.0,4,1,4,13,8,0.6,35,31,170,2152,LegalQA
SELECT,8.5,0,0,1,0,0,3,0,0,0,0,0,0,0,0,1,0,0,0,0,4,2,4,2,12.0,4,1,3,13,8,0.5714,35,30,154,2067,LegalQA
SELECT,8.5,0,0,1,0,0,3,0,0,0,0,0,0,0,0,1,0,0,0,0,4,2,4,2,12.0,4,1,3,13,8,0.4681,47,30,185,2224,LegalQA
SELECT,7.0,0,0,1,0,0,2,0,0,0,0,0,0,0,0,1,0,0,0,0,3,2,3,2,10.5,3,1,2,13,8,0.4906,53,29,179,2185,LegalQA
SELECT,5.5,0,0,1,0,0,1,0,0,0,0,0,0,0,0,1,0,0,0,0,2,2,2,2,9.0,2,1,1,13,8,0.5116,43,28,157,1972,LegalQA
SELECT,7.0,0,0,1,0,0,2,0,0,0,0,0,0,0,0,1,0,0,0,0,3,2,3,2,10.5,3,1,2,13,8,0.4717,53,29,179,2197,LegalQA
SELECT,7.0,0,0,1,0,0,2,0,0,0,0,0,0,0,0,1,0,0,0,0,3,2,3,2,10.5,3,1,2,13,8,0.5714,35,29,149,1988,LegalQA
SELECT,7.0,0,0,1,0,0,2,0,0,0,0,0,0,0,0,1,0,0,0,0,3,2,3,2,10.5,2,1,2,13,8,0.5366,41,29,164,2103,LegalQA
SELECT,7.0,0,0,1,0,0,2,0,0,0,0,0,0,0,0,1,0,0,0,0,3,2,3,2,10.5,2,1,2,14,8,0.5556,45,30,168,2134,LegalQA
SELECT,7.0,0,0,1,0,0,2,0,0,0,0,0,0,0,0,1,0,0,0,0,3,2,3,2,10.5,3,1,2,12,8,0.5349,43,28,149,2072,LegalQA
SELECT,8.5,0,0,1,0,0,3,0,0,0,0,0,0,0,0,1,0,0,0,0,4,2,4,2,12.0,4,1,3,13,8,0.4746,59,30,211,2311,LegalQA
SELECT,10.0,0,0,1,0,0,4,0,0,0,0,0,0,0,0,1,0,0,0,0,5,2,4,2,12.0,4,1,4,14,8,0.5088,57,32,211,2476,LegalQA
SELECT,8.5,0,0,1,0,0,3,0,0,0,0,0,0,0,0,1,0,0,0,0,4,2,4,2,12.0,4,1,3,12,8,0.6,35,29,151,1991,LegalQA
SELECT,8.5,0,0,1,0,0,3,0,0,0,0,0,0,0,0,1,0,0,0,0,4,2,4,2,12.0,4,1,3,13,8,0.5319,47,30,178,2228,LegalQA
SELECT,7.0,0,0,1,0,0,2,0,0,0,0,0,0,0,0,1,0,0,0,0,3,2,3,2,10.5,2,1,2,14,8,0.5814,43,30,166,2154,LegalQA
SELECT,10.0,0,0,1,0,0,4,0,0,0,0,0,0,0,0,1,0,0,0,0,5,2,4,2,12.0,4,1,4,13,8,0.4478,67,31,216,2457,LegalQA
SELECT,10.0,0,0,1,0,0,4,0,0,0,0,0,0,0,0,1,0,0,0,0,5,2,4,2,12.0,4,1,4,14,8,0.4627,67,32,231,2578,LegalQA
SELECT,7.0,0,0,1,0,0,2,0,0,0,0,0,0,0,0,1,0,0,0,0,3,2,3,2,10.5,3,1,2,13,8,0.5385,39,29,161,2094,LegalQA
SELECT,7.0,0,0,1,0,0,2,0,0,0,0,0,0,0,0,1,0,0,0,0,3,2,3,2,10.5,3,1,2,13,8,0.4865,37,29,164,2051,LegalQA
SELECT,8.5,0,0,1,0,0,3,0,0,0,0,0,0,0,0,1,0,0,0,0,4,2,4,2,12.0,3,1,3,13,8,0.4366,71,30,230,2423,LegalQA
SELECT,8.5,0,0,1,0,0,3,0,0,0,0,0,0,0,0,1,0,0,0,0,4,2,3,2,10.5,3,1,3,14,8,0.5102,49,31,204,2281,LegalQA
SELECT,7.0,0,0,1,0,0,2,0,0,0,0,0,0,0,0,1,0,0,0,0,3,2,3,2,10.5,2,1,2,13,8,0.5306,49,29,185,2148,LegalQA
SELECT,7.0,0,0,1,0,0,2,0,0,0,0,0,0,0,0,1,0,0,0,0,3,2,3,2,10.5,3,1,2,13,8,0.5238,63,29,203,2224,LegalQA
SELECT,10.0,0,0,1,0,0,4,0,0,0,0,0,0,0,0,1,0,0,0,0,5,2,4,2,12.0,4,1,4,13,8,0.5745,47,31,197,2233,LegalQA
SELECT,7.0,0,0,1,0,0,2,0,0,0,0,0,0,0,0,1,0,0,0,0,3,2,3,2,10.5,2,1,2,13,8,0.5294,51,29,179,2204,LegalQA
SELECT,16.0,0,0,1,0,0,2,3,0,0,0,0,0,0,0,1,0,0,0,0,6,3,3,2,12.5,3,1,2,15,8,0.4746,59,31,223,2470,LegalQA
SELECT,7.0,0,0,1,0,0,2,0,0,0,0,0,0,0,0,1,0,0,0,0,3,2,3,2,10.5,3,1,2,14,8,0.5294,51,30,180,2248,LegalQA
SELECT,7.0,0,0,1,0,0,2,0,0,0,0,0,0,0,0,1,0,0,0,0,3,2,3,2,10.5,3,1,2,13,8,0.4894,47,29,179,2180,LegalQA
SELECT,10.0,0,0,1,0,0,4,0,0,0,0,0,0,0,0,1,0,0,0,0,5,2,4,2,12.0,4,1,4,13,8,0.5319,47,31,182,2249,LegalQA
SELECT,7.0,0,0,1,0,0,2,0,0,0,0,0,0,0,0,1,0,0,0,0,3,2,3,2,10.5,3,1,2,13,8,0.5455,33,29,153,1953,LegalQA
SELECT,7.0,0,0,1,0,0,2,0,0,0,0,0,0,0,0,1,0,0,0,0,3,2,3,2,10.5,2,1,2,13,8,0.5581,43,29,155,2030,LegalQA
SELECT,8.5,0,0,1,0,0,3,0,0,0,0,0,0,0,0,1,0,0,0,0,4,2,4,2,12.0,4,1,3,14,8,0.5091,55,31,213,2357,LegalQA
SELECT,13.0,0,1,1,0,1,4,0,0,0,0,0,0,0,0,1,0,0,0,0,6,3,5,3,16.5,6,1,4,13,8,0.551,49,32,198,2405,LegalQA
SELECT,10.0,0,0,1,0,0,2,1,0,0,0,0,0,0,0,1,0,0,0,0,4,3,4,2,14.0,5,5,2,13,8,0.5122,41,32,188,2303,LegalQA
SELECT,7.0,0,0,1,0,0,2,0,0,0,0,0,0,0,0,1,0,0,0,0,3,2,3,2,10.5,4,1,2,13,8,0.4894,47,29,160,2142,LegalQA
SELECT,7.0,0,0,1,0,0,2,0,0,0,0,0,0,0,0,1,0,0,0,0,3,2,3,2,10.5,3,1,2,13,8,0.4857,35,29,161,2016,LegalQA
SELECT,10.0,0,0,1,0,0,4,0,0,0,0,0,0,0,0,1,0,0,0,0,5,2,4,2,12.0,4,1,4,13,8,0.5077,65,31,230,2522,LegalQA
SELECT,7.0,0,0,1,0,0,2,0,0,0,0,0,0,0,0,1,0,0,0,0,3,2,3,2,10.5,3,1,2,13,8,0.4561,57,29,194,2379,LegalQA
SELECT,7.0,0,0,1,0,0,2,0,0,0,0,0,0,0,0,1,0,0,0,0,3,2,3,2,10.5,2,1,2,14,8,0.48,75,30,244,2559,LegalQA
SELECT,10.0,0,0,1,0,0,4,0,0,0,0,0,0,0,0,1,0,0,0,0,5,2,4,2,12.0,5,1,4,12,7,0.4706,51,29,174,2262,LegalQA
SELECT,8.5,0,0,1,0,0,3,0,0,0,0,0,0,0,0,1,0,0,0,0,4,2,4,2,12.0,4,1,3,13,8,0.3968,63,30,221,2465,LegalQA
SELECT,7.0,0,0,1,0,0,2,0,0,0,0,0,0,0,0,1,0,0,0,0,3,2,3,2,10.5,3,1,2,13,8,0.5745,47,29,182,2132,LegalQA
SELECT,8.5,0,0,1,0,0,3,0,0,0,0,0,0,0,0,1,0,0,0,0,4,2,4,2,12.0,4,1,3,13,8,0.6207,29,30,151,2000,LegalQA
SELECT,10.0,0,0,1,0,0,4,0,0,0,0,0,0,0,0,1,0,0,0,0,5,2,4,2,12.0,4,1,4,13,8,0.5102,49,31,189,2288,LegalQA
SELECT,10.0,0,0,1,0,0,4,0,0,0,0,0,0,0,0,1,0,0,0,0,5,2,4,2,12.0,4,1,4,13,8,0.449,49,31,185,2273,LegalQA
SELECT,10.0,0,0,1,0,0,4,0,0,0,0,0,0,0,0,1,0,0,0,0,5,2,5,2,13.5,5,1,4,15,8,0.5306,49,33,204,2437,LegalQA
SELECT,10.0,0,0,1,0,0,4,0,0,0,0,0,0,0,0,1,0,0,0,0,5,2,4,2,12.0,5,1,4,13,8,0.4894,47,31,188,2242,LegalQA
SELECT,10.0,0,0,1,0,0,4,0,0,0,0,0,0,0,0,1,0,0,0,0,5,2,4,2,12.0,4,1,4,13,8,0.5122,41,31,177,2193,LegalQA
SELECT,7.0,0,0,1,0,0,2,0,0,0,0,0,0,0,0,1,0,0,0,0,3,2,3,2,10.5,3,1,2,13,8,0.5102,49,29,168,2100,LegalQA
SELECT,13.0,0,0,1,0,0,4,1,0,0,0,0,0,0,0,1,0,0,0,0,6,3,4,2,14.0,7,3,4,14,8,0.4516,62,35,258,2729,LegalQA
SELECT,10.0,0,0,1,0,0,4,0,0,0,0,0,0,0,0,1,0,0,0,0,5,2,4,2,12.0,5,1,4,13,8,0.5094,53,31,210,2386,LegalQA
SELECT,10.0,0,0,1,0,0,2,1,0,0,0,0,0,0,0,1,0,0,0,0,4,3,4,2,14.0,6,7,2,16,8,0.4528,53,32,221,2405,LegalQA
SELECT,8.5,0,0,1,0,0,3,0,0,0,0,0,0,0,0,1,0,0,0,0,4,2,4,2,12.0,4,1,3,13,8,0.561,41,30,170,2125,LegalQA
SELECT,7.0,0,0,1,0,0,2,0,0,0,0,0,0,0,0,1,0,0,0,0,3,2,3,2,10.5,2,1,2,13,8,0.4915,59,29,203,2263,LegalQA
SELECT,7.0,0,0,1,0,0,2,0,0,0,0,0,0,0,0,1,0,0,0,0,3,2,3,2,10.5,3,1,2,13,8,0.5116,43,29,165,2118,LegalQA
SELECT,11.5,0,0,1,0,0,3,1,0,0,0,0,0,0,0,1,0,0,0,0,5,3,5,2,15.5,6,6,3,13,8,0.5556,45,33,198,2332,LegalQA
SELECT,7.0,0,0,1,0,0,2,0,0,0,0,0,0,0,0,1,0,0,0,0,3,2,3,2,10.5,3,1,2,13,8,0.5366,41,29,159,2044,LegalQA
SELECT,10.0,0,0,1,0,0,4,0,0,0,0,0,0,0,0,1,0,0,0,0,5,2,4,2,12.0,5,1,4,13,8,0.5106,47,31,191,2337,LegalQA
SELECT,7.0,0,0,1,0,0,2,0,0,0,0,0,0,0,0,1,0,0,0,0,3,2,3,2,10.5,3,1,2,13,8,0.5333,45,29,183,2158,LegalQA
SELECT,7.0,0,0,1,0,0,2,0,0,0,0,0,0,0,0,1,0,0,0,0,3,2,3,2,10.5,2,1,2,13,8,0.551,49,29,182,2163,LegalQA
SELECT,7.0,0,0,1,0,0,2,0,0,0,0,0,0,0,0,1,0,0,0,0,3,2,3,2,10.5,3,1,2,13,8,0.5581,43,29,164,2064,LegalQA
SELECT,7.0,0,0,1,0,0,2,0,0,0,0,0,0,0,0,1,0,0,0,0,3,2,3,2,10.5,3,1,2,13,8,0.4746,59,29,192,2203,LegalQA
SELECT,10.0,0,0,1,0,0,4,0,0,0,0,0,0,0,0,1,0,0,0,0,5,2,4,2,12.0,5,1,4,13,8,0.4737,57,31,203,2352,LegalQA
SELECT,10.0,0,0,1,0,0,4,0,0,0,0,0,0,0,0,1,0,0,0,0,5,2,4,2,12.0,5,1,4,14,8,0.5224,67,32,235,2590,LegalQA
SELECT,7.0,0,0,1,0,0,2,0,0,0,0,0,0,0,0,1,0,0,0,0,3,2,3,2,10.5,3,1,2,13,8,0.5814,43,29,170,2111,LegalQA
SELECT,7.0,0,0,1,0,0,2,0,0,0,0,0,0,0,0,1,0,0,0,0,3,2,3,2,10.5,2,1,2,13,8,0.5283,53,29,179,2194,LegalQA
SELECT,7.0,0,0,1,0,0,2,0,0,0,0,0,0,0,0,1,0,0,0,0,3,2,3,2,10.5,3,1,2,13,8,0.55,40,29,163,2090,LegalQA
SELECT,8.5,0,0,1,0,0,3,0,0,0,0,0,0,0,0,1,0,0,0,0,4,2,3,2,10.5,4,1,3,13,8,0.5897,39,30,171,2091,LegalQA
SELECT,8.5,0,0,1,0,0,3,0,0,0,0,0,0,0,0,1,0,0,0,0,4,2,3,2,10.5,4,1,3,14,8,0.5079,63,31,220,2433,LegalQA
SELECT,5.5,0,0,1,0,0,1,0,0,0,0,0,0,0,0,1,0,0,0,0,2,2,2,2,9.0,2,1,1,13,8,0.6061,33,28,132,1890,LegalQA
SELECT,7.0,0,0,1,0,0,2,0,0,0,0,0,0,0,0,1,0,0,0,0,3,2,3,2,10.5,3,1,2,13,7,0.5111,45,28,165,2115,LegalQA
SELECT,7.0,0,0,1,0,0,2,0,0,0,0,0,0,0,0,1,0,0,0,0,3,2,3,2,10.5,2,1,2,13,8,0.5385,39,29,165,2046,LegalQA
SELECT,7.0,0,0,1,0,0,2,0,0,0,0,0,0,0,0,1,0,0,0,0,3,2,3,2,10.5,3,1,2,13,8,0.463,54,29,199,2339,LegalQA
SELECT,8.5,0,0,1,0,0,3,0,0,0,0,0,0,0,0,1,0,0,0,0,4,2,4,2,12.0,4,1,3,13,8,0.5758,33,30,151,1999,LegalQA
SELECT,10.0,0,0,1,0,0,4,0,0,0,0,0,0,0,0,1,0,0,0,0,5,2,5,2,13.5,8,4,4,13,8,0.4737,57,32,225,2498,LegalQA
SELECT,10.0,0,0,1,0,0,4,0,0,0,0,0,0,0,0,1,0,0,0,0,5,2,4,2,12.0,5,1,4,13,8,0.5439,57,31,209,2476,LegalQA
SELECT,8.5,0,0,1,0,0,3,0,0,0,0,0,0,0,0,1,0,0,0,0,4,2,4,2,12.0,4,1,3,13,8,0.5122,41,30,173,2146,LegalQA
SELECT,8.5,0,0,1,0,0,3,0,0,0,0,0,0,0,0,1,0,0,0,0,4,2,3,2,10.5,3,1,3,13,8,0.566,53,30,207,2372,LegalQA
SELECT,7.0,0,0,1,0,0,2,0,0,0,0,0,0,0,0,1,0,0,0,0,3,2,3,2,10.5,2,1,2,13,8,0.5676,37,29,155,2008,LegalQA
SELECT,7.0,0,0,1,0,0,2,0,0,0,0,0,0,0,0,1,0,0,0,0,3,2,3,2,10.5,3,1,2,13,8,0.4884,43,29,168,2059,LegalQA
SELECT,7.0,0,0,1,0,0,2,0,0,0,0,0,0,0,0,1,0,0,0,0,3,2,3,2,10.5,3,1,2,14,8,0.434,53,30,202,2330,LegalQA
SELECT,7.0,0,0,1,0,0,2,0,0,0,0,0,0,0,0,1,0,0,0,0,3,2,3,2,10.5,3,1,2,16,8,0.5111,45,29,167,2142,LegalQA
SELECT,7.0,0,0,1,0,0,2,0,0,0,0,0,0,0,0,1,0,0,0,0,3,2,3,2,10.5,3,1,2,13,8,0.6061,33,29,146,1924,LegalQA
SELECT,10.0,0,0,1,0,0,4,0,0,0,0,0,0,0,0,1,0,0,0,0,5,2,4,2,12.0,5,1,4,12,8,0.5455,33,30,152,2041,LegalQA
SELECT,7.0,0,0,1,0,0,2,0,0,0,0,0,0,0,0,1,0,0,0,0,3,2,3,2,10.5,2,1,2,13,8,0.5366,41,29,167,2051,LegalQA
SELECT,7.0,0,0,1,0,0,2,0,0,0,0,0,0,0,0,1,0,0,0,0,3,2,3,2,10.5,3,1,2,13,8,0.5946,37,29,147,2040,LegalQA
SELECT,8.5,0,0,1,0,0,3,0,0,0,0,0,0,0,0,1,0,0,0,0,4,2,4,2,12.0,4,1,3,13,8,0.5897,39,30,163,2098,LegalQA
SELECT,5.5,0,0,1,0,0,1,0,0,0,0,0,0,0,0,1,0,0,0,0,2,2,2,2,9.0,2,1,1,13,8,0.6,35,28,141,1861,LegalQA
SELECT,8.5,0,0,1,0,0,3,0,0,0,0,0,0,0,0,1,0,0,0,0,4,2,3,2,10.5,4,1,3,13,8,0.5082,61,30,207,2402,LegalQA
SELECT,8.5,0,0,1,0,0,3,0,0,0,0,0,0,0,0,1,0,0,0,0,4,2,4,2,12.0,4,1,3,13,8,0.4898,49,30,179,2181,LegalQA
SELECT,7.0,0,0,1,0,0,2,0,0,0,0,0,0,0,0,1,0,0,0,0,3,2,3,2,10.5,4,1,2,13,8,0.4154,65,29,213,2398,LegalQA
SELECT,7.0,0,0,1,0,0,2,0,0,0,0,0,0,0,0,1,0,0,0,0,3,2,3,2,10.5,3,1,2,13,8,0.5098,51,29,180,2212,LegalQA
SELECT,8.5,0,0,1,0,0,3,0,0,0,0,0,0,0,0,1,0,0,0,0,4,2,4,2,12.0,4,1,3,13,8,0.5085,59,30,205,2377,LegalQA
SELECT,7.0,0,0,1,0,0,2,0,0,0,0,0,0,0,0,1,0,0,0,0,3,2,3,2,10.5,3,1,2,12,8,0.5439,57,28,173,2235,LegalQA
SELECT,8.5,0,0,1,0,0,3,0,0,0,0,0,0,0,0,1,0,0,0,0,4,2,4,2,12.0,4,1,3,13,8,0.5349,43,30,173,2132,LegalQA
SELECT,8.5,0,0,1,0,0,3,0,0,0,0,0,0,0,0,1,0,0,0,0,4,2,3,2,10.5,4,1,3,16,8,0.5778,45,30,171,2167,LegalQA
SELECT,10.0,0,0,1,0,0,4,0,0,0,0,0,0,0,0,1,0,0,0,0,5,2,5,2,13.5,5,1,4,13,8,0.6047,43,31,172,2237,LegalQA
SELECT,7.0,0,0,1,0,0,2,0,0,0,0,0,0,0,0,1,0,0,0,0,3,2,3,2,10.5,2,1,2,13,8,0.5273,55,29,188,2254,LegalQA
SELECT,10.0,0,0,1,0,0,4,0,0,0,0,0,0,0,0,1,0,0,0,0,5,2,4,2,12.0,4,1,4,13,8,0.6,35,31,164,2187,LegalQA
SELECT,8.5,0,0,1,0,0,3,0,0,0,0,0,0,0,0,1,0,0,0,0,4,2,3,2,10.5,3,1,3,13,8,0.5581,43,30,177,2202,LegalQA
SELECT,5.5,0,0,1,0,0,1,0,0,0,0,0,0,0,0,1,0,0,0,0,2,2,2,2,9.0,2,1,1,13,8,0.5429,35,28,148,1924,LegalQA
SELECT,10.0,0,0,1,0,0,4,0,0,0,0,0,0,0,0,1,0,0,0,0,5,2,5,2,13.5,5,1,4,17,8,0.5068,73,32,257,2700,LegalQA
SELECT,7.0,0,0,1,0,0,2,0,0,0,0,0,0,0,0,1,0,0,0,0,3,2,3,2,10.5,2,1,2,13,8,0.4286,56,29,194,2230,LegalQA
SELECT,10.0,0,0,1,0,0,4,0,0,0,0,0,0,0,0,1,0,0,0,0,5,2,4,2,12.0,4,1,4,13,8,0.5128,39,31,180,2168,LegalQA
SELECT,8.5,0,0,1,0,0,3,0,0,0,0,0,0,0,0,1,0,0,0,0,4,2,4,2,12.0,4,1,3,13,8,0.5116,43,30,173,2130,LegalQA
SELECT,8.5,0,0,1,0,0,3,0,0,0,0,0,0,0,0,1,0,0,0,0,4,2,4,2,12.0,4,1,3,13,8,0.5641,39,30,166,2117,LegalQA
SELECT,7.0,0,0,1,0,0,2,0,0,0,0,0,0,0,0,1,0,0,0,0,3,2,3,2,10.5,2,1,2,14,8,0.5306,49,30,182,2205,LegalQA
SELECT,7.0,0,0,1,0,0,2,0,0,0,0,0,0,0,0,1,0,0,0,0,3,2,3,2,10.5,3,1,2,13,8,0.5128,39,29,158,1996,LegalQA
SELECT,10.0,0,0,1,0,0,4,0,0,0,0,0,0,0,0,1,0,0,0,0,5,2,4,2,12.0,4,1,4,13,8,0.5814,43,31,179,2223,LegalQA
SELECT,7.0,0,0,1,0,0,2,0,0,0,0,0,0,0,0,1,0,0,0,0,3,2,3,2,10.5,3,1,2,13,8,0.6061,33,29,143,1912,LegalQA
SELECT,7.0,0,0,1,0,0,2,0,0,0,0,0,0,0,0,1,0,0,0,0,3,2,3,2,10.5,2,1,2,12,8,0.5641,39,28,150,1952,LegalQA
SELECT,10.0,0,0,1,0,0,4,0,0,0,0,0,0,0,0,1,0,0,0,0,5,2,4,2,12.0,4,1,4,14,8,0.5085,59,32,216,2437,LegalQA
SELECT,8.5,0,0,1,0,0,3,0,0,0,0,0,0,0,0,1,0,0,0,0,4,2,4,2,12.0,4,1,3,13,8,0.68,25,30,139,1961,LegalQA
SELECT,7.0,0,0,1,0,0,2,0,0,0,0,0,0,0,0,1,0,0,0,0,3,2,3,2,10.5,3,1,2,13,8,0.4902,51,29,185,2170,LegalQA
SELECT,7.0,0,0,1,0,0,2,0,0,0,0,0,0,0,0,1,0,0,0,0,3,2,3,2,10.5,2,1,2,13,8,0.5306,49,29,173,2115,LegalQA
SELECT,7.0,0,0,1,0,0,2,0,0,0,0,0,0,0,0,1,0,0,0,0,3,2,3,2,10.5,2,1,2,14,8,0.4444,45,30,178,2126,LegalQA
SELECT,8.5,0,0,1,0,0,3,0,0,0,0,0,0,0,0,1,0,0,0,0,4,2,4,2,12.0,4,1,3,13,8,0.5366,41,30,166,2106,LegalQA
SELECT,10.0,0,0,1,0,0,4,0,0,0,0,0,0,0,0,1,0,0,0,0,5,2,5,2,13.5,5,1,4,13,8,0.5333,45,31,189,2224,LegalQA
SELECT,10.0,0,0,1,0,0,4,0,0,0,0,0,0,0,0,1,0,0,0,0,5,2,4,2,12.0,5,1,4,14,8,0.4328,67,32,239,2647,LegalQA
SELECT,10.0,0,0,1,0,0,4,0,0,0,0,0,0,0,0,1,0,0,0,0,5,2,4,2,12.0,4,1,4,13,8,0.4545,55,31,203,2373,LegalQA
SELECT,7.0,0,0,1,0,0,2,0,0,0,0,0,0,0,0,1,0,0,0,0,3,2,3,2,10.5,3,1,2,13,8,0.5641,39,29,179,2084,LegalQA
SELECT,8.5,0,0,1,0,0,3,0,0,0,0,0,0,0,0,1,0,0,0,0,4,2,3,2,10.5,3,1,3,13,8,0.5122,41,30,165,2103,LegalQA
SELECT,7.0,0,0,1,0,0,2,0,0,0,0,0,0,0,0,1,0,0,0,0,3,2,3,2,10.5,3,1,2,13,8,0.5122,41,29,161,2082,LegalQA
SELECT,8.5,0,0,1,0,0,3,0,0,0,0,0,0,0,0,1,0,0,0,0,4,2,4,2,12.0,7,5,3,13,8,0.4909,55,31,211,2437,LegalQA
SELECT,11.5,0,0,1,0,0,3,1,0,0,0,0,0,0,0,1,0,0,0,0,5,3,4,2,14.0,6,4,3,13,8,0.4889,45,33,201,2305,LegalQA
SELECT,10.0,0,0,1,0,0,2,1,0,0,0,0,0,0,0,1,0,0,0,0,4,3,3,2,12.5,5,7,2,14,8,0.5,40,33,197,2461,LegalQA
SELECT,8.5,0,0,1,0,0,3,0,0,0,0,0,0,0,0,1,0,0,0,0,4,2,4,2,12.0,4,1,3,13,8,0.475,40,30,170,2197,LegalQA
SELECT,10.0,0,0,1,0,0,4,0,0,0,0,0,0,0,0,1,0,0,0,0,5,2,5,2,13.5,5,1,4,13,8,0.551,49,31,188,2250,LegalQA
SELECT,10.0,0,0,1,0,0,4,0,0,0,0,0,0,0,0,1,0,0,0,0,5,2,4,2,12.0,5,1,4,12,8,0.5333,45,30,183,2227,LegalQA
SELECT,7.0,0,0,1,0,0,2,0,0,0,0,0,0,0,0,1,0,0,0,0,3,2,3,2,10.5,6,4,2,12,8,0.6098,41,29,172,2107,LegalQA
SELECT,10.0,0,0,1,0,0,4,0,0,0,0,0,0,0,0,1,0,0,0,0,5,2,5,2,13.5,5,1,4,13,8,0.5102,49,31,194,2263,LegalQA
SELECT,8.5,0,0,1,0,0,3,0,0,0,0,0,0,0,0,1,0,0,0,0,4,2,3,2,10.5,3,1,3,13,8,0.4898,49,30,183,2228,LegalQA
SELECT,10.0,0,0,1,0,0,4,0,0,0,0,0,0,0,0,1,0,0,0,0,5,2,5,2,13.5,5,1,4,13,8,0.551,49,31,186,2324,LegalQA
SELECT,8.5,0,0,1,0,0,3,0,0,0,0,0,0,0,0,1,0,0,0,0,4,2,4,2,12.0,4,1,3,13,8,0.5349,43,30,181,2208,LegalQA
SELECT,7.0,0,0,1,0,0,2,0,0,0,0,0,0,0,0,1,0,0,0,0,3,2,3,2,10.5,3,1,2,14,8,0.4915,59,30,224,2591,LegalQA
SELECT,10.0,0,0,1,0,0,4,0,0,0,0,0,0,0,0,1,0,0,0,0,5,2,4,2,12.0,5,1,4,13,8,0.4235,85,31,260,2745,LegalQA
SELECT,10.0,0,0,1,0,0,4,0,0,0,0,0,0,0,0,1,0,0,0,0,5,2,4,2,12.0,4,1,4,13,8,0.5319,47,31,182,2221,LegalQA
SELECT,7.0,0,0,1,0,0,2,0,0,0,0,0,0,0,0,1,0,0,0,0,3,2,3,2,10.5,2,1,2,14,8,0.5472,53,30,191,2267,LegalQA
SELECT,7.0,0,0,1,0,0,2,0,0,0,0,0,0,0,0,1,0,0,0,0,3,2,3,2,10.5,3,1,2,13,8,0.52,25,29,135,1946,LegalQA
SELECT,10.0,0,0,1,0,0,4,0,0,0,0,0,0,0,0,1,0,0,0,0,5,2,5,2,13.5,4,1,4,13,8,0.4603,63,31,216,2421,LegalQA
SELECT,7.0,0,0,1,0,0,2,0,0,0,0,0,0,0,0,1,0,0,0,0,3,2,3,2,10.5,2,1,2,13,8,0.5098,51,29,176,2155,LegalQA
SELECT,7.0,0,0,1,0,0,2,0,0,0,0,0,0,0,0,1,0,0,0,0,3,2,3,2,10.5,3,1,2,13,8,0.5349,43,29,168,2090,LegalQA
SELECT,10.0,0,0,1,0,0,4,0,0,0,0,0,0,0,0,1,0,0,0,0,5,2,4,2,12.0,5,1,4,12,8,0.5098,51,30,173,2189,LegalQA
SELECT,11.5,0,1,1,0,1,3,0,0,0,0,0,0,0,0,1,0,0,0,0,5,3,4,3,15.0,4,1,3,13,8,0.4915,59,31,214,2449,LegalQA
SELECT,8.5,0,0,1,0,0,3,0,0,0,0,0,0,0,0,1,0,0,0,0,4,2,4,2,12.0,4,1,3,17,8,0.5333,45,31,186,2251,LegalQA
SELECT,7.0,0,0,1,0,0,2,0,0,0,0,0,0,0,0,1,0,0,0,0,3,2,3,2,10.5,3,1,2,13,8,0.5405,37,29,156,1978,LegalQA
SELECT,8.5,0,0,1,0,0,3,0,0,0,0,0,0,0,0,1,0,0,0,0,4,2,3,2,10.5,3,1,3,13,8,0.5455,55,30,186,2325,LegalQA
SELECT,7.0,0,0,1,0,0,2,0,0,0,0,0,0,0,0,1,0,0,0,0,3,2,3,2,10.5,2,1,2,13,8,0.4902,51,29,173,2164,LegalQA
SELECT,7.0,0,0,1,0,0,2,0,0,0,0,0,0,0,0,1,0,0,0,0,3,2,3,2,10.5,2,1,2,13,8,0.5116,43,29,157,1995,LegalQA
SELECT,10.0,0,0,1,0,0,4,0,0,0,0,0,0,0,0,1,0,0,0,0,5,2,4,2,12.0,4,1,4,14,8,0.5094,53,32,201,2391,LegalQA
SELECT,8.5,0,0,1,0,0,3,0,0,0,0,0,0,0,0,1,0,0,0,0,4,2,4,2,12.0,4,1,3,13,8,0.5098,51,30,182,2213,LegalQA
SELECT,8.5,0,0,1,0,0,3,0,0,0,0,0,0,0,0,1,0,0,0,0,4,2,3,2,10.5,3,1,3,13,8,0.5455,33,30,150,2037,LegalQA
SELECT,7.0,0,0,1,0,0,2,0,0,0,0,0,0,0,0,1,0,0,0,0,3,2,3,2,10.5,3,1,2,13,8,0.4898,49,29,169,2135,LegalQA
SELECT,29.5,0,0,1,0,0,3,7,0,0,0,0,0,0,0,1,0,0,0,0,11,3,6,2,17.0,6,18,11,13,8,0.4737,57,45,335,3165,LegalQA
SELECT,8.5,0,0,1,0,0,3,0,0,0,0,0,0,0,0,1,0,0,0,0,4,2,4,2,12.0,4,1,3,13,8,0.5306,49,30,196,2320,LegalQA
SELECT,7.0,0,0,1,0,0,2,0,0,0,0,0,0,0,0,1,0,0,0,0,3,2,3,2,10.5,3,1,2,13,8,0.5556,45,29,176,2128,LegalQA
SELECT,7.0,0,0,1,0,0,2,0,0,0,0,0,0,0,0,1,0,0,0,0,3,2,3,2,10.5,3,1,2,14,8,0.5862,29,30,145,1955,LegalQA
SELECT,7.0,0,0,1,0,0,2,0,0,0,0,0,0,0,0,1,0,0,0,0,3,2,3,2,10.5,3,1,2,13,8,0.5472,53,29,191,2239,LegalQA
SELECT,10.0,0,0,1,0,0,4,0,0,0,0,0,0,0,0,1,0,0,0,0,5,2,4,2,12.0,5,1,4,13,8,0.5283,53,31,194,2371,LegalQA
SELECT,8.5,0,0,1,0,0,3,0,0,0,0,0,0,0,0,1,0,0,0,0,4,2,4,2,12.0,4,1,3,13,8,0.64,25,30,134,1915,LegalQA
SELECT,8.5,0,0,1,0,0,3,0,0,0,0,0,0,0,0,1,0,0,0,0,4,2,4,2,12.0,4,1,3,14,8,0.5686,51,31,194,2308,LegalQA
SELECT,7.0,0,0,1,0,0,2,0,0,0,0,0,0,0,0,1,0,0,0,0,3,2,3,2,10.5,3,1,2,13,8,0.5405,37,29,155,1987,LegalQA
SELECT,7.0,0,0,1,0,0,2,0,0,0,0,0,0,0,0,1,0,0,0,0,3,2,3,2,10.5,3,1,2,13,8,0.5333,45,29,170,2137,LegalQA
SELECT,10.0,0,0,1,0,0,4,0,0,0,0,0,0,0,0,1,0,0,0,0,5,2,4,2,12.0,5,1,4,13,8,0.475,40,31,182,2295,LegalQA
SELECT,10.0,0,0,1,0,0,4,0,0,0,0,0,0,0,0,1,0,0,0,0,5,2,4,2,12.0,4,1,4,12,8,0.5676,37,30,164,2088,LegalQA
SELECT,7.0,0,0,1,0,0,2,0,0,0,0,0,0,0,0,1,0,0,0,0,3,2,3,2,10.5,3,1,2,13,8,0.5676,37,29,155,2024,LegalQA
SELECT,7.0,0,0,1,0,0,2,0,0,0,0,0,0,0,0,1,0,0,0,0,3,2,3,2,10.5,3,1,2,13,8,0.5116,43,29,169,2110,LegalQA
SELECT,7.0,0,0,1,0,0,2,0,0,0,0,0,0,0,0,1,0,0,0,0,3,2,3,2,10.5,3,1,2,16,8,0.4921,63,29,200,2289,LegalQA
SELECT,8.5,0,0,1,0,0,3,0,0,0,0,0,0,0,0,1,0,0,0,0,4,2,4,2,12.0,4,1,3,17,8,0.5294,51,31,204,2270,LegalQA
SELECT,7.0,0,0,1,0,0,2,0,0,0,0,0,0,0,0,1,0,0,0,0,3,2,3,2,10.5,3,1,2,14,7,0.4595,37,29,157,2075,LegalQA
SELECT,7.0,0,0,1,0,0,2,0,0,0,0,0,0,0,0,1,0,0,0,0,3,2,3,2,10.5,3,1,2,13,8,0.5946,37,29,146,1970,LegalQA
SELECT,10.0,0,0,1,0,0,4,0,0,0,0,0,0,0,0,1,0,0,0,0,5,2,4,2,12.0,4,1,4,13,8,0.5946,37,31,164,2149,LegalQA
SELECT,7.0,0,0,1,0,0,2,0,0,0,0,0,0,0,0,1,0,0,0,0,3,2,3,2,10.5,3,1,2,14,8,0.5532,47,30,190,2241,LegalQA
SELECT,10.0,0,0,1,0,0,4,0,0,0,0,0,0,0,0,1,0,0,0,0,5,2,4,2,12.0,5,1,4,13,8,0.5345,58,31,214,2482,LegalQA
SELECT,8.5,0,0,1,0,0,3,0,0,0,0,0,0,0,0,1,0,0,0,0,4,2,3,2,10.5,3,1,3,13,8,0.5306,49,30,195,2314,LegalQA
SELECT,11.5,0,0,1,0,0,3,1,0,0,0,0,0,0,0,1,0,0,0,0,5,3,4,2,14.0,9,6,3,13,8,0.4898,49,33,230,2551,LegalQA
SELECT,7.0,0,0,1,0,0,2,0,0,0,0,0,0,0,0,1,0,0,0,0,3,2,3,2,10.5,2,1,2,13,8,0.459,61,29,206,2372,LegalQA
SELECT,7.0,0,0,1,0,0,2,0,0,0,0,0,0,0,0,1,0,0,0,0,3,2,3,2,10.5,3,1,2,13,8,0.4746,59,29,203,2408,LegalQA
SELECT,8.5,0,0,1,0,0,3,0,0,0,0,0,0,0,0,1,0,0,0,0,4,2,4,2,12.0,4,1,3,13,8,0.4878,41,30,169,2134,LegalQA
SELECT,10.0,0,0,1,0,0,4,0,0,0,0,0,0,0,0,1,0,0,0,0,5,2,4,2,12.0,4,1,4,14,8,0.5581,43,32,216,2383,LegalQA
SELECT,7.0,0,0,1,0,0,2,0,0,0,0,0,0,0,0,1,0,0,0,0,3,2,3,2,10.5,3,1,2,13,8,0.6286,35,29,162,2041,LegalQA
SELECT,8.5,0,0,1,0,0,3,0,0,0,0,0,0,0,0,1,0,0,0,0,4,2,3,2,10.5,4,1,3,13,8,0.5294,51,30,180,2217,LegalQA
SELECT,7.0,0,0,1,0,0,2,0,0,0,0,0,0,0,0,1,0,0,0,0,3,2,3,2,10.5,3,1,2,13,8,0.4651,43,29,159,2108,LegalQA
SELECT,7.0,0,0,1,0,0,2,0,0,0,0,0,0,0,0,1,0,0,0,0,3,2,3,2,10.5,3,1,2,13,8,0.561,41,29,164,2044,LegalQA
SELECT,13.0,0,0,1,0,0,4,1,0,0,0,0,0,0,0,1,0,0,0,0,6,3,5,2,15.5,5,3,4,12,8,0.6,45,33,183,2282,LegalQA
SELECT,7.0,0,0,1,0,0,2,0,0,0,0,0,0,0,0,1,0,0,0,0,3,2,3,2,10.5,3,1,2,13,8,0.4762,63,29,206,2367,LegalQA
SELECT,7.0,0,0,1,0,0,2,0,0,0,0,0,0,0,0,1,0,0,0,0,3,2,3,2,10.5,3,1,2,14,8,0.5532,47,30,192,2250,LegalQA
SELECT,7.0,0,0,1,0,0,2,0,0,0,0,0,0,0,0,1,0,0,0,0,3,2,3,2,10.5,3,1,2,13,8,0.5556,45,29,168,2159,LegalQA
SELECT,10.0,0,0,1,0,0,4,0,0,0,0,0,0,0,0,1,0,0,0,0,5,2,4,2,12.0,5,1,4,13,8,0.5745,47,31,194,2272,LegalQA
SELECT,7.0,0,0,1,0,0,2,0,0,0,0,0,0,0,0,1,0,0,0,0,3,2,3,2,10.5,3,1,2,13,8,0.5854,41,29,161,2071,LegalQA
SELECT,7.0,0,0,1,0,0,2,0,0,0,0,0,0,0,0,1,0,0,0,0,3,2,3,2,10.5,3,1,2,13,8,0.5676,37,29,152,1937,LegalQA
SELECT,7.0,0,0,1,0,0,2,0,0,0,0,0,0,0,0,1,0,0,0,0,3,2,3,2,10.5,2,1,2,12,8,0.5094,53,28,165,2048,LegalQA
SELECT,7.0,0,0,1,0,0,2,0,0,0,0,0,0,0,0,1,0,0,0,0,3,2,3,2,10.5,3,1,2,14,8,0.5094,53,30,191,2298,LegalQA
SELECT,7.0,0,0,1,0,0,2,0,0,0,0,0,0,0,0,1,0,0,0,0,3,2,3,2,10.5,2,1,2,14,8,0.5091,55,30,192,2343,LegalQA
SELECT,10.0,0,0,1,0,0,4,0,0,0,0,0,0,0,0,1,0,0,0,0,5,2,4,2,12.0,4,1,4,12,8,0.5455,33,30,155,2062,LegalQA
SELECT,8.5,0,0,1,0,0,3,0,0,0,0,0,0,0,0,1,0,0,0,0,4,2,4,2,12.0,4,1,3,13,8,0.6061,33,30,152,2099,LegalQA
SELECT,28.0,0,0,1,0,0,4,6,0,0,0,0,0,0,0,1,0,0,0,0,11,3,4,2,14.0,4,1,4,13,8,0.5897,39,31,188,2244,LegalQA
SELECT,8.5,0,0,1,0,0,3,0,0,0,0,0,0,0,0,1,0,0,0,0,4,2,4,2,12.0,4,1,3,13,8,0.5128,39,30,185,2140,LegalQA
SELECT,7.0,0,0,1,0,0,2,0,0,0,0,0,0,0,0,1,0,0,0,0,3,2,3,2,10.5,3,1,2,13,8,0.4684,79,29,230,2465,LegalQA
SELECT,7.0,0,0,1,0,0,2,0,0,0,0,0,0,0,0,1,0,0,0,0,3,2,3,2,10.5,3,1,2,13,8,0.5185,27,29,138,1875,LegalQA
SELECT,10.0,0,0,1,0,0,4,0,0,0,0,0,0,0,0,1,0,0,0,0,5,2,4,2,12.0,4,1,4,13,8,0.4561,57,31,203,2359,LegalQA
SELECT,7.0,0,0,1,0,0,2,0,0,0,0,0,0,0,0,1,0,0,0,0,3,2,3,2,10.5,3,1,2,14,8,0.5088,57,30,206,2317,LegalQA
SELECT,7.0,0,0,1,0,0,2,0,0,0,0,0,0,0,0,1,0,0,0,0,3,2,3,2,10.5,3,1,2,12,8,0.4737,57,28,164,2188,LegalQA
SELECT,7.0,0,0,1,0,0,2,0,0,0,0,0,0,0,0,1,0,0,0,0,3,2,3,2,10.5,3,1,2,13,8,0.5429,35,29,152,1980,LegalQA
SELECT,8.5,0,0,1,0,0,3,0,0,0,0,0,0,0,0,1,0,0,0,0,4,2,4,2,12.0,4,1,3,13,8,0.4909,55,30,202,2290,LegalQA
SELECT,7.0,0,0,1,0,0,2,0,0,0,0,0,0,0,0,1,0,0,0,0,3,2,3,2,10.5,2,1,2,13,8,0.4706,51,29,185,2202,LegalQA
SELECT,8.5,0,0,1,0,0,3,0,0,0,0,0,0,0,0,1,0,0,0,0,4,2,4,2,12.0,4,1,3,13,8,0.6522,23,30,130,1915,LegalQA
SELECT,10.0,0,0,1,0,0,4,0,0,0,0,0,0,0,0,1,0,0,0,0,5,2,5,2,13.5,5,1,4,13,8,0.5472,53,31,186,2350,LegalQA
SELECT,10.0,0,0,1,0,0,4,0,0,0,0,0,0,0,0,1,0,0,0,0,5,2,4,2,12.0,4,1,4,13,8,0.5385,39,31,176,2186,LegalQA
SELECT,7.0,0,0,1,0,0,2,0,0,0,0,0,0,0,0,1,0,0,0,0,3,2,3,2,10.5,3,1,2,13,8,0.5455,33,29,146,1928,LegalQA
SELECT,8.5,0,0,1,0,0,3,0,0,0,0,0,0,0,0,1,0,0,0,0,4,2,3,2,10.5,4,1,3,13,8,0.5091,55,30,195,2219,LegalQA
SELECT,7.0,0,0,1,0,0,2,0,0,0,0,0,0,0,0,1,0,0,0,0,3,2,3,2,10.5,2,1,2,13,8,0.5077,65,29,209,2303,LegalQA
SELECT,7.0,0,0,1,0,0,2,0,0,0,0,0,0,0,0,1,0,0,0,0,3,2,3,2,10.5,2,1,2,13,8,0.5641,39,29,155,1972,LegalQA
SELECT,17.5,0,0,1,0,0,3,3,0,0,0,0,0,0,0,1,0,0,0,0,7,3,4,2,14.0,4,1,3,14,8,0.5091,55,31,209,2448,LegalQA
SELECT,8.5,0,0,1,0,0,3,0,0,0,0,0,0,0,0,1,0,0,0,0,4,2,4,2,12.0,4,1,3,13,8,0.5349,43,30,175,2131,LegalQA
SELECT,10.0,0,0,1,0,0,4,0,0,0,0,0,0,0,0,1,0,0,0,0,5,2,4,2,12.0,4,1,4,13,8,0.4898,49,31,188,2272,LegalQA
SELECT,8.5,0,0,1,0,0,3,0,0,0,0,0,0,0,0,1,0,0,0,0,4,2,4,2,12.0,4,1,3,12,8,0.4884,43,29,158,2068,LegalQA
SELECT,8.5,0,0,1,0,0,3,0,0,0,0,0,0,0,0,1,0,0,0,0,4,2,4,2,12.0,4,1,3,14,8,0.5254,59,31,224,2503,LegalQA
SELECT,7.0,0,0,1,0,0,2,0,0,0,0,0,0,0,0,1,0,0,0,0,3,2,3,2,10.5,3,1,2,13,8,0.4706,51,29,182,2171,LegalQA
SELECT,7.0,0,0,1,0,0,2,0,0,0,0,0,0,0,0,1,0,0,0,0,3,2,3,2,10.5,3,1,2,14,8,0.5333,45,30,182,2315,LegalQA
SELECT,8.5,0,0,1,0,0,3,0,0,0,0,0,0,0,0,1,0,0,0,0,4,2,4,2,12.0,4,1,3,13,8,0.64,25,30,127,1921,LegalQA
SELECT,8.5,0,0,1,0,0,3,0,0,0,0,0,0,0,0,1,0,0,0,0,4,2,4,2,12.0,3,1,3,12,8,0.4407,59,29,196,2320,LegalQA
SELECT,7.0,0,0,1,0,0,2,0,0,0,0,0,0,0,0,1,0,0,0,0,3,2,3,2,10.5,3,1,2,13,8,0.4634,41,29,165,2075,LegalQA
SELECT,10.0,0,0,1,0,0,4,0,0,0,0,0,0,0,0,1,0,0,0,0,5,2,4,2,12.0,5,1,4,12,8,0.5714,35,30,159,2104,LegalQA
SELECT,7.0,0,0,1,0,0,2,0,0,0,0,0,0,0,0,1,0,0,0,0,3,2,3,2,10.5,3,1,2,13,8,0.4483,29,29,145,1990,LegalQA
SELECT,7.0,0,0,1,0,0,2,0,0,0,0,0,0,0,0,1,0,0,0,0,3,2,3,2,10.5,3,1,2,12,7,0.5556,45,27,170,2077,LegalQA
SELECT,8.5,0,0,1,0,0,3,0,0,0,0,0,0,0,0,1,0,0,0,0,4,2,3,2,10.5,3,1,3,14,8,0.5246,61,31,209,2478,LegalQA
SELECT,7.0,0,0,1,0,0,2,0,0,0,0,0,0,0,0,1,0,0,0,0,3,2,2,2,9.0,3,1,2,14,8,0.5714,49,30,188,2309,LegalQA
SELECT,7.0,0,0,1,0,0,2,0,0,0,0,0,0,0,0,1,0,0,0,0,3,2,3,2,10.5,3,1,2,14,8,0.4902,51,30,202,2308,LegalQA
SELECT,8.5,0,0,1,0,0,3,0,0,0,0,0,0,0,0,1,0,0,0,0,4,2,4,2,12.0,4,1,3,13,8,0.5556,45,30,181,2262,LegalQA
SELECT,7.0,0,0,1,0,0,2,0,0,0,0,0,0,0,0,1,0,0,0,0,3,2,3,2,10.5,3,1,2,12,7,0.551,49,27,164,2094,LegalQA
SELECT,7.0,0,0,1,0,0,2,0,0,0,0,0,0,0,0,1,0,0,0,0,3,2,3,2,10.5,3,1,2,13,8,0.5686,51,29,179,2177,LegalQA
SELECT,8.5,0,0,1,0,0,3,0,0,0,0,0,0,0,0,1,0,0,0,0,4,2,4,2,12.0,4,1,3,15,8,0.5349,43,32,193,2299,LegalQA
SELECT,11.5,0,1,1,0,1,3,0,0,0,0,0,0,0,0,1,0,0,0,0,5,3,4,2,14.0,6,1,4,15,8,0.5077,65,33,253,2658,LegalQA
SELECT,10.0,0,0,1,0,0,4,0,0,0,0,0,0,0,0,1,0,0,0,0,5,2,4,2,12.0,5,1,4,12,8,0.5319,47,30,173,2179,LegalQA
SELECT,8.5,0,0,1,0,0,3,0,0,0,0,0,0,0,0,1,0,0,0,0,4,2,4,2,12.0,4,1,3,14,8,0.5306,49,31,193,2252,LegalQA
SELECT,8.5,0,0,1,0,0,3,0,0,0,0,0,0,0,0,1,0,0,0,0,4,2,4,2,12.0,7,5,3,13,8,0.4638,69,31,226,2562,LegalQA
SELECT,8.5,0,0,1,0,0,3,0,0,0,0,0,0,0,0,1,0,0,0,0,4,2,4,2,12.0,4,1,3,13,8,0.5349,43,30,169,2086,LegalQA
SELECT,8.5,0,0,1,0,0,3,0,0,0,0,0,0,0,0,1,0,0,0,0,4,2,4,2,12.0,4,1,3,13,8,0.4667,45,30,174,2268,LegalQA
SELECT,8.5,0,0,1,0,0,3,0,0,0,0,0,0,0,0,1,0,0,0,0,4,2,4,2,12.0,4,1,3,13,8,0.5098,51,30,193,2273,LegalQA
SELECT,7.0,0,0,1,0,0,2,0,0,0,0,0,0,0,0,1,0,0,0,0,3,2,3,2,10.5,3,1,2,12,8,0.6061,33,28,137,1864,LegalQA
SELECT,10.0,0,0,1,0,0,4,0,0,0,0,0,0,0,0,1,0,0,0,0,5,2,4,2,12.0,5,1,4,14,8,0.561,41,32,184,2302,LegalQA
SELECT,7.0,0,0,1,0,0,2,0,0,0,0,0,0,0,0,1,0,0,0,0,3,2,3,2,10.5,3,1,2,12,8,0.5854,41,28,143,1947,LegalQA
SELECT,7.0,0,0,1,0,0,2,0,0,0,0,0,0,0,0,1,0,0,0,0,3,2,3,2,10.5,3,1,2,15,8,0.5294,51,31,202,2388,LegalQA
SELECT,8.5,0,0,1,0,0,3,0,0,0,0,0,0,0,0,1,0,0,0,0,4,2,4,2,12.0,4,1,3,13,8,0.5088,57,30,205,2353,LegalQA
SELECT,10.0,0,0,1,0,0,4,0,0,0,0,0,0,0,0,1,0,0,0,0,5,2,4,2,12.0,5,1,4,12,8,0.5333,45,30,168,2210,LegalQA
SELECT,7.0,0,0,1,0,0,2,0,0,0,0,0,0,0,0,1,0,0,0,0,3,2,3,2,10.5,3,1,2,14,8,0.4444,63,30,220,2401,LegalQA
SELECT,8.5,0,0,1,0,0,3,0,0,0,0,0,0,0,0,1,0,0,0,0,4,2,4,2,12.0,4,1,3,13,8,0.5283,53,30,199,2233,LegalQA
SELECT,8.5,0,0,1,0,0,3,0,0,0,0,0,0,0,0,1,0,0,0,0,4,2,4,2,12.0,4,1,3,13,8,0.5806,31,30,150,2067,LegalQA
SELECT,5.5,0,0,1,0,0,1,0,0,0,0,0,0,0,0,1,0,0,0,0,2,2,2,2,9.0,2,1,1,13,8,0.5854,41,28,144,1947,LegalQA
SELECT,7.0,0,0,1,0,0,2,0,0,0,0,0,0,0,0,1,0,0,0,0,3,2,3,2,10.5,2,1,2,13,8,0.5745,47,29,167,2099,LegalQA
SELECT,7.0,0,0,1,0,0,2,0,0,0,0,0,0,0,0,1,0,0,0,0,3,2,3,2,10.5,5,3,2,13,8,0.4923,65,30,225,2408,LegalQA
SELECT,10.0,0,0,1,0,0,2,1,0,0,0,0,0,0,0,1,0,0,0,0,4,3,4,2,14.0,5,6,2,13,8,0.5294,51,32,214,2364,LegalQA
SELECT,8.5,0,0,1,0,0,3,0,0,0,0,0,0,0,0,1,0,0,0,0,4,2,4,2,12.0,3,1,3,14,8,0.5102,49,31,196,2276,LegalQA
SELECT,10.0,0,0,1,0,0,4,0,0,0,0,0,0,0,0,1,0,0,0,0,5,2,5,2,13.5,7,4,4,13,8,0.5532,47,32,205,2439,LegalQA
SELECT,8.5,0,0,1,0,0,3,0,0,0,0,0,0,0,0,1,0,0,0,0,4,2,4,2,12.0,3,1,3,13,8,0.5091,55,30,193,2282,LegalQA
SELECT,17.5,0,0,1,0,0,3,3,0,0,0,0,0,0,0,1,0,0,0,0,7,3,4,2,14.0,3,1,3,15,8,0.493,71,29,202,2441,LegalQA
SELECT,7.0,0,0,1,0,0,2,0,0,0,0,0,0,0,0,1,0,0,0,0,3,2,3,2,10.5,3,1,2,13,8,0.5085,59,29,212,2351,LegalQA
SELECT,10.0,0,0,1,0,0,4,0,0,0,0,0,0,0,0,1,0,0,0,0,5,2,4,2,12.0,4,1,4,13,8,0.5333,45,31,185,2266,LegalQA
SELECT,7.0,0,0,1,0,0,2,0,0,0,0,0,0,0,0,1,0,0,0,0,3,2,3,2,10.5,2,1,2,14,8,0.5122,41,30,169,2069,LegalQA
SELECT,10.0,0,0,1,0,0,4,0,0,0,0,0,0,0,0,1,0,0,0,0,5,2,4,2,12.0,4,1,4,13,8,0.5641,39,31,170,2144,LegalQA
SELECT,8.5,0,0,1,0,0,3,0,0,0,0,0,0,0,0,1,0,0,0,0,4,2,4,2,12.0,4,1,3,13,8,0.4595,37,30,165,2125,LegalQA
SELECT,11.5,0,0,1,0,0,5,0,0,0,0,0,0,0,0,1,0,0,0,0,6,2,5,2,13.5,6,1,5,13,8,0.5102,49,32,193,2344,LegalQA
SELECT,7.0,0,0,1,0,0,2,0,0,0,0,0,0,0,0,1,0,0,0,0,3,2,3,2,10.5,3,1,2,14,7,0.4667,45,29,176,2248,LegalQA
SELECT,8.5,0,0,1,0,0,3,0,0,0,0,0,0,0,0,1,0,0,0,0,4,2,4,2,12.0,4,1,3,14,8,0.5111,45,31,178,2269,LegalQA
SELECT,7.0,0,0,1,0,0,2,0,0,0,0,0,0,0,0,1,0,0,0,0,3,2,3,2,10.5,3,1,2,13,8,0.5405,37,29,164,2102,LegalQA
SELECT,7.0,0,0,1,0,0,2,0,0,0,0,0,0,0,0,1,0,0,0,0,3,2,3,2,10.5,3,1,2,13,8,0.5294,51,29,177,2119,LegalQA
SELECT,7.0,0,0,1,0,0,2,0,0,0,0,0,0,0,0,1,0,0,0,0,3,2,3,2,10.5,3,1,2,13,8,0.5385,39,29,150,2006,LegalQA
SELECT,8.5,0,0,1,0,0,3,0,0,0,0,0,0,0,0,1,0,0,0,0,4,2,3,2,10.5,3,1,3,13,8,0.5098,51,30,186,2268,LegalQA
SELECT,8.5,0,0,1,0,0,3,0,0,0,0,0,0,0,0,1,0,0,0,0,4,2,4,2,12.0,4,1,3,13,8,0.5128,39,30,166,2061,LegalQA
SELECT,7.0,0,0,1,0,0,2,0,0,0,0,0,0,0,0,1,0,0,0,0,3,2,3,2,10.5,2,1,2,14,8,0.561,41,30,172,2108,LegalQA
SELECT,8.5,0,0,1,0,0,3,0,0,0,0,0,0,0,0,1,0,0,0,0,4,2,4,2,12.0,4,1,3,13,8,0.4906,53,30,188,2204,LegalQA
SELECT,7.0,0,0,1,0,0,2,0,0,0,0,0,0,0,0,1,0,0,0,0,3,2,3,2,10.5,3,1,2,14,8,0.5686,51,30,186,2265,LegalQA
SELECT,7.0,0,0,1,0,0,2,0,0,0,0,0,0,0,0,1,0,0,0,0,3,2,3,2,10.5,2,1,2,13,8,0.5098,51,29,183,2179,LegalQA
SELECT,8.5,0,0,1,0,0,3,0,0,0,0,0,0,0,0,1,0,0,0,0,4,2,4,2,12.0,4,1,3,13,8,0.64,25,30,134,1923,LegalQA
SELECT,7.0,0,0,1,0,0,2,0,0,0,0,0,0,0,0,1,0,0,0,0,3,2,3,2,10.5,3,1,2,13,8,0.5806,31,29,140,1880,LegalQA
SELECT,7.0,0,0,1,0,0,2,0,0,0,0,0,0,0,0,1,0,0,0,0,3,2,3,2,10.5,3,1,2,12,8,0.5094,53,28,176,2054,LegalQA
SELECT,7.0,0,0,1,0,0,2,0,0,0,0,0,0,0,0,1,0,0,0,0,3,2,3,2,10.5,3,1,2,14,8,0.5102,49,30,188,2207,LegalQA
SELECT,7.0,0,0,1,0,0,2,0,0,0,0,0,0,0,0,1,0,0,0,0,3,2,3,2,10.5,3,1,2,13,8,0.5676,37,29,149,1930,LegalQA
SELECT,7.0,0,0,1,0,0,2,0,0,0,0,0,0,0,0,1,0,0,0,0,3,2,3,2,10.5,3,1,2,14,7,0.4754,61,29,191,2336,LegalQA
SELECT,7.0,0,0,1,0,0,2,0,0,0,0,0,0,0,0,1,0,0,0,0,3,2,3,2,10.5,3,1,2,12,8,0.6061,33,28,137,1865,LegalQA
SELECT,8.5,0,0,1,0,0,3,0,0,0,0,0,0,0,0,1,0,0,0,0,4,2,3,2,10.5,4,1,3,13,8,0.4909,55,30,204,2389,LegalQA
SELECT,7.0,0,0,1,0,0,2,0,0,0,0,0,0,0,0,1,0,0,0,0,3,2,3,2,10.5,3,1,2,14,8,0.5778,45,30,175,2081,LegalQA
SELECT,10.0,0,0,1,0,0,4,0,0,0,0,0,0,0,0,1,0,0,0,0,5,2,4,2,12.0,5,1,4,13,8,0.5128,39,31,176,2305,LegalQA
SELECT,7.0,0,0,1,0,0,2,0,0,0,0,0,0,0,0,1,0,0,0,0,3,2,2,2,9.0,3,1,2,14,8,0.5111,45,30,178,2208,LegalQA
SELECT,10.0,0,0,1,0,0,4,0,0,0,0,0,0,0,0,1,0,0,0,0,5,2,4,2,12.0,5,1,4,14,7,0.5091,55,31,196,2465,LegalQA
SELECT,8.5,0,0,1,0,0,3,0,0,0,0,0,0,0,0,1,0,0,0,0,4,2,4,2,12.0,4,1,3,13,8,0.4444,45,30,182,2215,LegalQA
SELECT,7.0,0,0,1,0,0,2,0,0,0,0,0,0,0,0,1,0,0,0,0,3,2,3,2,10.5,2,1,2,13,8,0.5366,41,29,170,2060,LegalQA
SELECT,11.5,0,1,1,0,1,3,0,0,0,0,0,0,0,0,1,0,0,0,0,5,3,3,2,12.5,6,1,4,13,8,0.4909,55,31,214,2442,LegalQA
SELECT,7.0,0,0,1,0,0,2,0,0,0,0,0,0,0,0,1,0,0,0,0,3,2,3,2,10.5,3,1,2,14,7,0.4615,52,29,174,2303,LegalQA
SELECT,8.5,0,0,1,0,0,3,0,0,0,0,0,0,0,0,1,0,0,0,0,4,2,4,2,12.0,4,1,3,13,8,0.5102,49,30,187,2218,LegalQA
SELECT,10.0,0,0,1,0,0,4,0,0,0,0,0,0,0,0,1,0,0,0,0,5,2,4,2,12.0,5,1,4,12,7,0.4262,61,29,203,2409,LegalQA
SELECT,7.0,0,0,1,0,0,2,0,0,0,0,0,0,0,0,1,0,0,0,0,3,2,3,2,10.5,2,1,2,14,8,0.4921,63,30,207,2402,LegalQA
SELECT,7.0,0,0,1,0,0,2,0,0,0,0,0,0,0,0,1,0,0,0,0,3,2,3,2,10.5,3,1,2,13,8,0.5122,41,29,168,2055,LegalQA
SELECT,7.0,0,0,1,0,0,2,0,0,0,0,0,0,0,0,1,0,0,0,0,3,2,3,2,10.5,2,1,2,13,8,0.5094,53,29,183,2159,LegalQA
SELECT,8.5,0,0,1,0,0,3,0,0,0,0,0,0,0,0,1,0,0,0,0,4,2,4,2,12.0,4,1,3,13,8,0.5385,39,30,166,2095,LegalQA
SELECT,8.5,0,0,1,0,0,3,0,0,0,0,0,0,0,0,1,0,0,0,0,4,2,4,2,12.0,4,1,3,13,7,0.5283,53,29,173,2227,LegalQA
SELECT,7.0,0,0,1,0,0,2,0,0,0,0,0,0,0,0,1,0,0,0,0,3,2,3,2,10.5,2,1,2,13,8,0.5424,59,29,200,2308,LegalQA
SELECT,7.0,0,0,1,0,0,2,0,0,0,0,0,0,0,0,1,0,0,0,0,3,2,3,2,10.5,3,1,2,13,8,0.4884,43,29,168,2067,LegalQA
SELECT,7.0,0,0,1,0,0,2,0,0,0,0,0,0,0,0,1,0,0,0,0,3,2,3,2,10.5,3,1,2,13,8,0.6,35,29,143,1900,LegalQA
SELECT,8.5,0,0,1,0,0,3,0,0,0,0,0,0,0,0,1,0,0,0,0,4,2,4,2,12.0,4,1,3,13,8,0.5122,41,30,175,2181,LegalQA
SELECT,10.0,0,0,1,0,0,4,0,0,0,0,0,0,0,0,1,0,0,0,0,5,2,4,2,12.0,4,1,4,13,8,0.5238,63,31,213,2485,LegalQA
SELECT,7.0,0,0,1,0,0,2,0,0,0,0,0,0,0,0,1,0,0,0,0,3,2,3,2,10.5,2,1,2,13,8,0.5758,33,29,146,1980,LegalQA
SELECT,7.0,0,0,1,0,0,2,0,0,0,0,0,0,0,0,1,0,0,0,0,3,2,3,2,10.5,2,1,2,13,8,0.5333,45,29,170,2111,LegalQA
SELECT,10.0,0,0,1,0,0,4,0,0,0,0,0,0,0,0,1,0,0,0,0,5,2,4,2,12.0,5,1,4,14,8,0.449,49,32,215,2525,LegalQA
SELECT,10.0,0,0,1,0,0,4,0,0,0,0,0,0,0,0,1,0,0,0,0,5,2,4,2,12.0,4,1,4,13,8,0.5273,55,31,218,2437,LegalQA
SELECT,7.0,0,0,1,0,0,2,0,0,0,0,0,0,0,0,1,0,0,0,0,3,2,3,2,10.5,3,1,2,13,8,0.5116,43,29,165,2063,LegalQA
SELECT,7.0,0,0,1,0,0,2,0,0,0,0,0,0,0,0,1,0,0,0,0,3,2,3,2,10.5,3,1,2,14,8,0.561,41,30,170,2122,LegalQA
SELECT,7.0,0,0,1,0,0,2,0,0,0,0,0,0,0,0,1,0,0,0,0,3,2,3,2,10.5,3,1,2,13,8,0.5366,41,29,161,2050,LegalQA
SELECT,7.0,0,0,1,0,0,2,0,0,0,0,0,0,0,0,1,0,0,0,0,3,2,3,2,10.5,3,1,2,13,8,0.5116,43,29,165,2046,LegalQA
SELECT,8.5,0,0,1,0,0,3,0,0,0,0,0,0,0,0,1,0,0,0,0,4,2,4,2,12.0,4,1,3,13,8,0.5306,49,30,181,2221,LegalQA
SELECT,10.0,0,0,1,0,0,4,0,0,0,0,0,0,0,0,1,0,0,0,0,5,2,4,2,12.0,4,1,4,13,8,0.5714,35,31,179,2178,LegalQA
SELECT,8.5,0,0,1,0,0,3,0,0,0,0,0,0,0,0,1,0,0,0,0,4,2,3,2,10.5,3,1,3,13,8,0.5641,39,30,159,2093,LegalQA
SELECT,7.0,0,0,1,0,0,2,0,0,0,0,0,0,0,0,1,0,0,0,0,3,2,3,2,10.5,3,1,2,15,8,0.5067,75,31,245,2548,LegalQA
SELECT,10.0,0,0,1,0,0,4,0,0,0,0,0,0,0,0,1,0,0,0,0,5,2,4,2,12.0,5,1,4,14,7,0.5273,55,31,196,2418,LegalQA
SELECT,8.5,0,0,1,0,0,3,0,0,0,0,0,0,0,0,1,0,0,0,0,4,2,4,2,12.0,4,1,3,13,8,0.5111,45,30,184,2227,LegalQA
SELECT,8.5,0,0,1,0,0,3,0,0,0,0,0,0,0,0,1,0,0,0,0,4,2,4,2,12.0,4,1,3,14,8,0.449,49,31,203,2309,LegalQA
SELECT,7.0,0,0,1,0,0,2,0,0,0,0,0,0,0,0,1,0,0,0,0,3,2,3,2,10.5,3,1,2,13,7,0.5319,47,28,161,2142,LegalQA
SELECT,10.0,0,0,1,0,0,2,1,0,0,0,0,0,0,0,1,0,0,0,0,4,3,4,2,14.0,5,7,2,13,8,0.4902,51,32,212,2507,LegalQA
SELECT,7.0,0,0,1,0,0,2,0,0,0,0,0,0,0,0,1,0,0,0,0,3,2,2,2,9.0,3,1,2,13,8,0.5581,43,29,169,2100,LegalQA
SELECT,7.0,0,0,1,0,0,2,0,0,0,0,0,0,0,0,1,0,0,0,0,3,2,2,2,9.0,3,1,2,13,8,0.5102,49,29,175,2045,LegalQA
SELECT,10.0,0,0,1,0,0,4,0,0,0,0,0,0,0,0,1,0,0,0,0,5,2,4,2,12.0,4,1,4,13,8,0.5556,45,31,185,2239,LegalQA
SELECT,7.0,0,0,1,0,0,2,0,0,0,0,0,0,0,0,1,0,0,0,0,3,2,3,2,10.5,3,1,2,13,8,0.5641,39,29,156,1999,LegalQA
SELECT,7.0,0,0,1,0,0,2,0,0,0,0,0,0,0,0,1,0,0,0,0,3,2,3,2,10.5,3,1,2,16,8,0.4706,51,29,191,2286,LegalQA
SELECT,7.0,0,0,1,0,0,2,0,0,0,0,0,0,0,0,1,0,0,0,0,3,2,3,2,10.5,2,1,2,13,8,0.5306,49,29,170,2143,LegalQA
SELECT,10.0,0,0,1,0,0,2,1,0,0,0,0,0,0,0,1,0,0,0,0,4,3,4,2,14.0,6,5,2,12,8,0.4878,41,31,180,2281,LegalQA
SELECT,7.0,0,0,1,0,0,2,0,0,0,0,0,0,0,0,1,0,0,0,0,3,2,3,2,10.5,3,1,2,13,8,0.5778,45,29,179,2131,LegalQA
SELECT,10.0,0,0,1,0,0,4,0,0,0,0,0,0,0,0,1,0,0,0,0,5,2,4,2,12.0,5,1,4,13,8,0.4912,57,31,198,2374,LegalQA
SELECT,7.0,0,0,1,0,0,2,0,0,0,0,0,0,0,0,1,0,0,0,0,3,2,3,2,10.5,2,1,2,14,8,0.5641,39,30,154,2055,LegalQA
SELECT,8.5,0,0,1,0,0,3,0,0,0,0,0,0,0,0,1,0,0,0,0,4,2,3,2,10.5,4,1,3,13,8,0.5319,47,30,177,2230,LegalQA
SELECT,10.0,0,0,1,0,0,4,0,0,0,0,0,0,0,0,1,0,0,0,0,5,2,4,2,12.0,5,1,4,13,8,0.5208,48,31,193,2321,LegalQA
SELECT,7.0,0,0,1,0,0,2,0,0,0,0,0,0,0,0,1,0,0,0,0,3,2,3,2,10.5,3,1,2,12,8,0.5,54,28,187,2225,LegalQA
SELECT,10.0,0,0,1,0,0,4,0,0,0,0,0,0,0,0,1,0,0,0,0,5,2,4,2,12.0,4,1,4,13,8,0.5283,53,31,197,2369,LegalQA
SELECT,7.0,0,0,1,0,0,2,0,0,0,0,0,0,0,0,1,0,0,0,0,3,2,3,2,10.5,2,1,2,13,8,0.5854,41,29,170,2053,LegalQA
SELECT,10.0,0,0,1,0,0,4,0,0,0,0,0,0,0,0,1,0,0,0,0,5,2,4,2,12.0,5,1,4,13,8,0.5862,29,31,164,2165,LegalQA
SELECT,8.5,0,0,1,0,0,3,0,0,0,0,0,0,0,0,1,0,0,0,0,4,2,4,2,12.0,4,1,3,13,8,0.68,25,30,132,1899,LegalQA
SELECT,7.0,0,0,1,0,0,2,0,0,0,0,0,0,0,0,1,0,0,0,0,3,2,3,2,10.5,3,1,2,12,8,0.5319,47,28,161,2123,LegalQA
SELECT,8.5,0,0,1,0,0,3,0,0,0,0,0,0,0,0,1,0,0,0,0,4,2,4,2,12.0,4,1,3,13,8,0.5098,51,30,200,2314,LegalQA
SELECT,11.5,0,0,1,0,0,4,0,0,0,3,0,0,0,0,1,0,0,0,0,8,3,5,2,15.5,5,1,4,13,8,0.4889,45,31,183,2281,LegalQA
SELECT,8.5,0,0,1,0,0,3,0,0,0,0,0,0,0,0,1,0,0,0,0,4,2,4,2,12.0,4,1,3,12,8,0.5472,53,29,178,2276,LegalQA
SELECT,7.0,0,0,1,0,0,2,0,0,0,0,0,0,0,0,1,0,0,0,0,3,2,3,2,10.5,2,1,2,13,8,0.5098,51,29,180,2150,LegalQA
SELECT,13.0,0,0,1,0,0,2,2,0,0,0,0,0,0,0,1,0,0,0,0,5,3,3,2,12.5,8,6,2,14,8,0.5349,43,35,219,2523,LegalQA
SELECT,8.5,0,0,1,0,0,3,0,0,0,0,0,0,0,0,1,0,0,0,0,4,2,3,2,10.5,3,1,3,13,8,0.5532,47,30,174,2148,LegalQA
SELECT,7.0,0,0,1,0,0,2,0,0,0,0,0,0,0,0,1,0,0,0,0,3,2,3,2,10.5,3,1,2,13,8,0.4848,33,29,146,2028,LegalQA
SELECT,10.0,0,0,1,0,0,4,0,0,0,0,0,0,0,0,1,0,0,0,0,5,2,4,2,12.0,5,1,4,13,8,0.5758,33,31,164,2122,LegalQA
SELECT,10.0,0,0,1,0,0,4,0,0,0,0,0,0,0,0,1,0,0,0,0,5,2,4,2,12.0,4,1,4,13,8,0.5098,51,31,206,2329,LegalQA
SELECT,8.5,0,0,1,0,0,3,0,0,0,0,0,0,0,0,1,0,0,0,0,4,2,3,2,10.5,4,1,3,13,8,0.5333,45,30,177,2172,LegalQA
SELECT,7.0,0,0,1,0,0,2,0,0,0,0,0,0,0,0,1,0,0,0,0,3,2,3,2,10.5,2,1,2,14,8,0.5641,39,30,162,2040,LegalQA
SELECT,8.5,0,0,1,0,0,3,0,0,0,0,0,0,0,0,1,0,0,0,0,4,2,4,2,12.0,4,1,3,13,8,0.6,30,30,142,1996,LegalQA
SELECT,11.5,0,0,1,0,0,3,1,0,0,0,0,0,0,0,1,0,0,0,0,5,3,4,2,14.0,5,3,3,13,8,0.5273,55,33,217,2367,LegalQA
SELECT,7.0,0,0,1,0,0,2,0,0,0,0,0,0,0,0,1,0,0,0,0,3,2,2,2,9.0,3,1,2,13,8,0.5439,57,29,202,2313,LegalQA
SELECT,10.0,0,0,1,0,0,4,0,0,0,0,0,0,0,0,1,0,0,0,0,5,2,4,2,12.0,4,1,4,13,8,0.5385,39,31,176,2131,LegalQA
SELECT,7.0,0,0,1,0,0,2,0,0,0,0,0,0,0,0,1,0,0,0,0,3,2,3,2,10.5,3,1,2,13,8,0.5102,49,29,174,2129,LegalQA
SELECT,10.0,0,0,1,0,0,4,0,0,0,0,0,0,0,0,1,0,0,0,0,5,2,4,2,12.0,5,1,4,13,8,0.5319,47,31,188,2316,LegalQA
SELECT,7.0,0,0,1,0,0,2,0,0,0,0,0,0,0,0,1,0,0,0,0,3,2,3,2,10.5,3,1,2,14,8,0.6207,29,30,135,1943,LegalQA
SELECT,8.5,0,0,1,0,0,3,0,0,0,0,0,0,0,0,1,0,0,0,0,4,2,4,2,12.0,4,1,3,13,8,0.5091,55,30,191,2253,LegalQA
SELECT,8.5,0,0,1,0,0,3,0,0,0,0,0,0,0,0,1,0,0,0,0,4,2,4,2,12.0,4,1,3,13,8,0.4667,45,30,178,2222,LegalQA
SELECT,7.0,0,0,1,0,0,2,0,0,0,0,0,0,0,0,1,0,0,0,0,3,2,3,2,10.5,3,1,2,14,8,0.5897,39,30,178,2186,LegalQA
SELECT,8.5,0,0,1,0,0,3,0,0,0,0,0,0,0,0,1,0,0,0,0,4,2,3,2,10.5,4,1,3,13,8,0.5254,59,30,204,2344,LegalQA
SELECT,7.0,0,0,1,0,0,2,0,0,0,0,0,0,0,0,1,0,0,0,0,3,2,3,2,10.5,3,1,2,12,8,0.5094,53,28,173,2082,LegalQA
SELECT,8.5,0,0,1,0,0,3,0,0,0,0,0,0,0,0,1,0,0,0,0,4,2,4,2,12.0,4,1,3,13,8,0.451,51,30,200,2327,LegalQA
SELECT,10.0,0,0,1,0,0,4,0,0,0,0,0,0,0,0,1,0,0,0,0,5,2,4,2,12.0,4,1,4,13,8,0.4906,53,31,206,2440,LegalQA
SELECT,8.5,0,0,1,0,0,3,0,0,0,0,0,0,0,0,1,0,0,0,0,4,2,4,2,12.0,4,1,3,12,8,0.5106,47,29,172,2125,LegalQA
SELECT,8.5,0,0,1,0,0,3,0,0,0,0,0,0,0,0,1,0,0,0,0,4,2,4,2,12.0,4,1,3,12,7,0.4906,53,28,172,2154,LegalQA
SELECT,8.5,0,0,1,0,0,3,0,0,0,0,0,0,0,0,1,0,0,0,0,4,2,3,2,10.5,4,1,3,14,7,0.4923,65,30,210,2505,LegalQA
SELECT,7.0,0,0,1,0,0,2,0,0,0,0,0,0,0,0,1,0,0,0,0,3,2,3,2,10.5,3,1,2,13,8,0.5349,43,29,164,2041,LegalQA
SELECT,7.0,0,0,1,0,0,2,0,0,0,0,0,0,0,0,1,0,0,0,0,3,2,3,2,10.5,3,1,2,13,8,0.5098,51,29,195,2199,LegalQA
SELECT,8.5,0,0,1,0,0,3,0,0,0,0,0,0,0,0,1,0,0,0,0,4,2,4,2,12.0,4,1,3,14,8,0.4894,47,31,192,2297,LegalQA
SELECT,7.0,0,0,1,0,0,2,0,0,0,0,0,0,0,0,1,0,0,0,0,3,2,3,2,10.5,3,1,2,13,7,0.5676,37,28,164,2139,LegalQA
SELECT,7.0,0,0,1,0,0,2,0,0,0,0,0,0,0,0,1,0,0,0,0,3,2,3,2,10.5,2,1,2,13,8,0.5102,49,29,171,2149,LegalQA
SELECT,17.5,0,0,1,0,0,3,3,0,0,0,0,0,0,0,1,0,0,0,0,7,3,4,2,14.0,3,1,3,13,8,0.5062,81,30,250,2661,LegalQA
SELECT,7.0,0,0,1,0,0,2,0,0,0,0,0,0,0,0,1,0,0,0,0,3,2,3,2,10.5,3,1,2,13,8,0.5946,37,29,158,1962,LegalQA
SELECT,8.5,0,0,1,0,0,3,0,0,0,0,0,0,0,0,1,0,0,0,0,4,2,4,2,12.0,4,1,3,13,8,0.5102,49,30,185,2199,LegalQA
SELECT,7.0,0,0,1,0,0,2,0,0,0,0,0,0,0,0,1,0,0,0,0,3,2,3,2,10.5,2,1,2,14,8,0.4576,59,30,199,2302,LegalQA
SELECT,7.0,0,0,1,0,0,2,0,0,0,0,0,0,0,0,1,0,0,0,0,3,2,3,2,10.5,3,1,2,13,8,0.5088,57,29,197,2244,LegalQA
SELECT,10.0,0,0,1,0,0,4,0,0,0,0,0,0,0,0,1,0,0,0,0,5,2,4,2,12.0,5,2,4,12,8,0.4426,61,31,219,2435,LegalQA
SELECT,8.5,0,0,1,0,0,3,0,0,0,0,0,0,0,0,1,0,0,0,0,4,2,4,2,12.0,4,1,3,13,8,0.5075,67,30,224,2461,LegalQA
SELECT,8.5,0,0,1,0,0,3,0,0,0,0,0,0,0,0,1,0,0,0,0,4,2,4,2,12.0,4,1,3,13,8,0.5306,49,30,184,2248,LegalQA
SELECT,10.0,0,0,1,0,0,4,0,0,0,0,0,0,0,0,1,0,0,0,0,5,2,4,2,12.0,5,1,4,12,8,0.5135,37,30,152,2184,LegalQA
SELECT,7.0,0,0,1,0,0,2,0,0,0,0,0,0,0,0,1,0,0,0,0,3,2,3,2,10.5,2,1,2,14,8,0.4366,71,30,237,2456,LegalQA
SELECT,7.0,0,0,1,0,0,2,0,0,0,0,0,0,0,0,1,0,0,0,0,3,2,3,2,10.5,3,1,2,13,8,0.6216,37,29,159,2037,LegalQA
SELECT,8.5,0,0,1,0,0,3,0,0,0,0,0,0,0,0,1,0,0,0,0,4,2,4,2,12.0,3,1,3,13,8,0.5479,73,30,286,2706,LegalQA
SELECT,7.0,0,0,1,0,0,2,0,0,0,0,0,0,0,0,1,0,0,0,0,3,2,3,2,10.5,3,1,2,12,8,0.5686,51,28,173,2159,LegalQA
SELECT,7.0,0,0,1,0,0,2,0,0,0,0,0,0,0,0,1,0,0,0,0,3,2,3,2,10.5,3,1,2,13,8,0.5636,55,29,177,2147,LegalQA
SELECT,7.0,0,0,1,0,0,2,0,0,0,0,0,0,0,0,1,0,0,0,0,3,2,3,2,10.5,3,1,2,13,8,0.5111,45,29,170,2056,LegalQA
SELECT,8.5,0,0,1,0,0,3,0,0,0,0,0,0,0,0,1,0,0,0,0,4,2,3,2,10.5,4,1,3,12,8,0.5429,35,29,154,2010,LegalQA
SELECT,10.0,0,0,1,0,0,4,0,0,0,0,0,0,0,0,1,0,0,0,0,5,2,4,2,12.0,5,1,4,14,7,0.4902,51,31,200,2453,LegalQA
SELECT,7.0,0,0,1,0,0,2,0,0,0,0,0,0,0,0,1,0,0,0,0,3,2,3,2,10.5,3,1,2,13,8,0.4912,57,29,183,2179,LegalQA
SELECT,10.0,0,0,1,0,0,4,0,0,0,0,0,0,0,0,1,0,0,0,0,5,2,4,2,12.0,5,1,4,13,8,0.5294,51,31,186,2359,LegalQA
SELECT,8.5,0,0,1,0,0,3,0,0,0,0,0,0,0,0,1,0,0,0,0,4,2,3,2,10.5,3,1,3,13,8,0.5581,43,30,171,2220,LegalQA
SELECT,10.0,0,0,1,0,0,4,0,0,0,0,0,0,0,0,1,0,0,0,0,5,2,4,2,12.0,4,1,4,12,8,0.561,41,30,164,2164,LegalQA
SELECT,10.0,0,0,1,0,0,4,0,0,0,0,0,0,0,0,1,0,0,0,0,5,2,5,2,13.5,5,1,4,15,7,0.5,52,32,207,2396,LegalQA
SELECT,7.0,0,0,1,0,0,2,0,0,0,0,0,0,0,0,1,0,0,0,0,3,2,3,2,10.5,4,1,2,12,7,0.5077,65,27,186,2265,LegalQA
SELECT,7.0,0,0,1,0,0,2,0,0,0,0,0,0,0,0,1,0,0,0,0,3,2,3,2,10.5,2,1,2,13,8,0.5294,51,29,180,2141,LegalQA
SELECT,7.0,0,0,1,0,0,2,0,0,0,0,0,0,0,0,1,0,0,0,0,3,2,3,2,10.5,3,1,2,13,8,0.4884,43,29,170,2116,LegalQA
SELECT,7.0,0,0,1,0,0,2,0,0,0,0,0,0,0,0,1,0,0,0,0,3,2,3,2,10.5,3,1,2,13,8,0.5091,55,29,197,2236,LegalQA
SELECT,7.0,0,0,1,0,0,2,0,0,0,0,0,0,0,0,1,0,0,0,0,3,2,3,2,10.5,3,1,2,13,8,0.451,51,29,179,2182,LegalQA
SELECT,10.0,0,0,1,0,0,4,0,0,0,0,0,0,0,0,1,0,0,0,0,5,2,4,2,12.0,4,1,4,13,8,0.5294,51,31,188,2321,LegalQA
SELECT,7.0,0,0,1,0,0,2,0,0,0,0,0,0,0,0,1,0,0,0,0,3,2,3,2,10.5,3,1,2,13,8,0.5484,31,29,140,1925,LegalQA
SELECT,7.0,0,0,1,0,0,2,0,0,0,0,0,0,0,0,1,0,0,0,0,3,2,3,2,10.5,3,1,2,13,7,0.4615,65,28,198,2300,LegalQA
SELECT,7.0,0,0,1,0,0,2,0,0,0,0,0,0,0,0,1,0,0,0,0,3,2,3,2,10.5,3,1,2,13,8,0.4921,63,29,192,2360,LegalQA
SELECT,8.5,0,0,1,0,0,3,0,0,0,0,0,0,0,0,1,0,0,0,0,4,2,3,2,10.5,4,1,3,15,8,0.507,71,32,246,2678,LegalQA
SELECT,10.0,0,0,1,0,0,4,0,0,0,0,0,0,0,0,1,0,0,0,0,5,2,4,2,12.0,6,2,4,12,8,0.5106,47,31,182,2281,LegalQA
SELECT,10.0,0,0,1,0,0,4,0,0,0,0,0,0,0,0,1,0,0,0,0,5,2,4,2,12.0,5,1,4,12,8,0.4182,55,30,194,2398,LegalQA
SELECT,7.0,0,0,1,0,0,2,0,0,0,0,0,0,0,0,1,0,0,0,0,3,2,3,2,10.5,3,1,2,14,8,0.4878,41,30,168,2209,LegalQA
SELECT,8.5,0,0,1,0,0,3,0,0,0,0,0,0,0,0,1,0,0,0,0,4,2,4,2,12.0,4,1,3,13,8,0.5111,45,30,178,2161,LegalQA
SELECT,8.5,0,0,1,0,0,3,0,0,0,0,0,0,0,0,1,0,0,0,0,4,2,4,2,12.0,4,1,3,13,8,0.561,41,30,169,2088,LegalQA
SELECT,10.0,0,0,1,0,0,4,0,0,0,0,0,0,0,0,1,0,0,0,0,5,2,4,2,12.0,5,1,4,12,8,0.4651,43,30,171,2201,LegalQA
SELECT,10.0,0,0,1,0,0,4,0,0,0,0,0,0,0,0,1,0,0,0,0,5,2,4,2,12.0,4,1,4,13,8,0.549,51,31,194,2308,LegalQA
SELECT,7.0,0,0,1,0,0,2,0,0,0,0,0,0,0,0,1,0,0,0,0,3,2,3,2,10.5,2,1,2,14,8,0.5897,39,30,157,2029,LegalQA
SELECT,8.5,0,0,1,0,0,3,0,0,0,0,0,0,0,0,1,0,0,0,0,4,2,4,2,12.0,4,1,3,13,8,0.5472,53,30,198,2283,LegalQA
SELECT,10.0,0,0,1,0,0,4,0,0,0,0,0,0,0,0,1,0,0,0,0,5,2,5,2,13.5,7,4,4,13,8,0.5581,43,32,199,2382,LegalQA
SELECT,7.0,0,0,1,0,0,2,0,0,0,0,0,0,0,0,1,0,0,0,0,3,2,3,2,10.5,3,1,2,12,8,0.5957,47,28,161,2026,LegalQA
SELECT,7.0,0,0,1,0,0,2,0,0,0,0,0,0,0,0,1,0,0,0,0,3,2,3,2,10.5,2,1,2,14,8,0.5714,49,30,187,2244,LegalQA
SELECT,10.0,0,0,1,0,0,4,0,0,0,0,0,0,0,0,1,0,0,0,0,5,2,4,2,12.0,5,1,4,13,8,0.5581,43,31,194,2242,LegalQA
SELECT,8.5,0,0,1,0,0,3,0,0,0,0,0,0,0,0,1,0,0,0,0,4,2,4,2,12.0,4,1,3,17,8,0.5116,43,31,182,2211,LegalQA
SELECT,8.5,0,0,1,0,0,3,0,0,0,0,0,0,0,0,1,0,0,0,0,4,2,4,2,12.0,4,1,3,13,8,0.5429,35,30,158,2041,LegalQA
SELECT,7.0,0,0,1,0,0,2,0,0,0,0,0,0,0,0,1,0,0,0,0,3,2,3,2,10.5,2,1,2,13,8,0.551,49,29,173,2179,LegalQA
SELECT,10.0,0,0,1,0,0,4,0,0,0,0,0,0,0,0,1,0,0,0,0,5,2,4,2,12.0,5,1,4,13,8,0.5263,57,31,201,2434,LegalQA
SELECT,7.0,0,0,1,0,0,2,0,0,0,0,0,0,0,0,1,0,0,0,0,3,2,3,2,10.5,6,4,2,14,8,0.5714,49,31,198,2299,LegalQA
SELECT,7.0,0,0,1,0,0,2,0,0,0,0,0,0,0,0,1,0,0,0,0,3,2,2,2,9.0,3,1,2,13,8,0.5714,35,29,148,1987,LegalQA
SELECT,7.0,0,0,1,0,0,2,0,0,0,0,0,0,0,0,1,0,0,0,0,3,2,3,2,10.5,2,1,2,15,8,0.5472,53,28,182,2206,LegalQA
SELECT,7.0,0,0,1,0,0,2,0,0,0,0,0,0,0,0,1,0,0,0,0,3,2,3,2,10.5,3,1,2,12,8,0.4444,63,28,188,2173,LegalQA
SELECT,8.5,0,0,1,0,0,3,0,0,0,0,0,0,0,0,1,0,0,0,0,4,2,4,2,12.0,4,1,3,13,8,0.5085,59,30,205,2376,LegalQA
SELECT,7.0,0,0,1,0,0,2,0,0,0,0,0,0,0,0,1,0,0,0,0,3,2,3,2,10.5,3,1,2,13,8,0.5758,33,29,146,1966,LegalQA
SELECT,10.0,0,0,1,0,0,4,0,0,0,0,0,0,0,0,1,0,0,0,0,5,2,5,2,13.5,5,1,4,15,8,0.551,49,33,219,2498,LegalQA
SELECT,8.5,0,0,1,0,0,3,0,0,0,0,0,0,0,0,1,0,0,0,0,4,2,4,2,12.0,4,1,3,13,8,0.5294,51,30,187,2236,LegalQA
SELECT,10.0,0,0,1,0,0,4,0,0,0,0,0,0,0,0,1,0,0,0,0,5,2,4,2,12.0,4,1,4,16,8,0.451,51,31,194,2357,LegalQA
SELECT,10.0,0,0,1,0,0,4,0,0,0,0,0,0,0,0,1,0,0,0,0,5,2,4,2,12.0,4,1,4,13,8,0.5106,47,31,185,2250,LegalQA
SELECT,7.0,0,0,1,0,0,2,0,0,0,0,0,0,0,0,1,0,0,0,0,3,2,3,2,10.5,3,1,2,17,8,0.549,51,30,195,2300,LegalQA
SELECT,10.0,0,0,1,0,0,4,0,0,0,0,0,0,0,0,1,0,0,0,0,5,2,4,2,12.0,5,1,4,14,7,0.4762,63,31,226,2648,LegalQA
SELECT,7.0,0,0,1,0,0,2,0,0,0,0,0,0,0,0,1,0,0,0,0,3,2,3,2,10.5,2,1,2,14,8,0.5072,69,30,220,2476,LegalQA
SELECT,10.0,0,0,1,0,0,4,0,0,0,0,0,0,0,0,1,0,0,0,0,5,2,4,2,12.0,4,1,4,14,8,0.4444,81,32,271,2754,LegalQA
SELECT,10.0,0,0,1,0,0,4,0,0,0,0,0,0,0,0,1,0,0,0,0,5,2,5,2,13.5,5,1,4,13,8,0.4902,51,31,193,2348,LegalQA
SELECT,7.0,0,0,1,0,0,2,0,0,0,0,0,0,0,0,1,0,0,0,0,3,2,3,2,10.5,3,1,2,13,8,0.5263,57,29,185,2241,LegalQA
SELECT,8.5,0,0,1,0,0,3,0,0,0,0,0,0,0,0,1,0,0,0,0,4,2,4,2,12.0,3,1,3,14,8,0.551,49,31,194,2358,LegalQA
SELECT,8.5,0,0,1,0,0,3,0,0,0,0,0,0,0,0,1,0,0,0,0,4,2,4,2,12.0,4,1,3,13,8,0.5254,59,30,211,2361,LegalQA
SELECT,7.0,0,0,1,0,0,2,0,0,0,0,0,0,0,0,1,0,0,0,0,3,2,3,2,10.5,3,1,2,14,8,0.4912,57,30,201,2424,LegalQA
SELECT,7.0,0,0,1,0,0,2,0,0,0,0,0,0,0,0,1,0,0,0,0,3,2,3,2,10.5,3,1,2,12,7,0.551,49,27,149,2033,LegalQA
SELECT,10.0,0,0,1,0,0,2,1,0,0,0,0,0,0,0,1,0,0,0,0,4,3,4,2,14.0,7,7,2,13,8,0.561,41,32,211,2437,LegalQA
SELECT,10.0,0,0,1,0,0,4,0,0,0,0,0,0,0,0,1,0,0,0,0,5,2,5,2,13.5,5,1,4,13,8,0.5263,57,31,207,2329,LegalQA
SELECT,7.0,0,0,1,0,0,2,0,0,0,0,0,0,0,0,1,0,0,0,0,3,2,3,2,10.5,3,1,2,14,8,0.5273,55,30,201,2312,LegalQA
SELECT,7.0,0,0,1,0,0,2,0,0,0,0,0,0,0,0,1,0,0,0,0,3,2,3,2,10.5,3,1,2,16,8,0.549,51,29,176,2163,LegalQA
SELECT,7.0,0,0,1,0,0,2,0,0,0,0,0,0,0,0,1,0,0,0,0,3,2,3,2,10.5,2,1,2,13,8,0.5085,59,29,197,2278,LegalQA
SELECT,22.0,0,1,1,0,1,2,4,0,0,0,0,0,0,0,1,0,0,0,0,8,4,6,2,19.0,8,6,7,13,8,0.5455,55,39,263,2808,LegalQA
SELECT,8.5,0,0,1,0,0,3,0,0,0,0,0,0,0,0,1,0,0,0,0,4,2,4,2,12.0,4,1,3,13,8,0.4902,51,30,216,2373,LegalQA
SELECT,7.0,0,0,1,0,0,2,0,0,0,0,0,0,0,0,1,0,0,0,0,3,2,3,2,10.5,3,1,2,17,8,0.4545,33,30,151,2038,LegalQA
SELECT,7.0,0,0,1,0,0,2,0,0,0,0,0,0,0,0,1,0,0,0,0,3,2,3,2,10.5,3,1,2,13,8,0.5641,39,29,167,2028,LegalQA
SELECT,10.0,0,0,1,0,0,4,0,0,0,0,0,0,0,0,1,0,0,0,0,5,2,5,2,13.5,5,1,4,13,8,0.5106,47,31,184,2287,LegalQA
SELECT,7.0,0,0,1,0,0,2,0,0,0,0,0,0,0,0,1,0,0,0,0,3,2,3,2,10.5,3,1,2,13,8,0.5143,35,29,152,1991,LegalQA
SELECT,7.0,0,0,1,0,0,2,0,0,0,0,0,0,0,0,1,0,0,0,0,3,2,3,2,10.5,3,1,2,13,8,0.4746,59,29,188,2233,LegalQA
SELECT,8.5,0,0,1,0,0,3,0,0,0,0,0,0,0,0,1,0,0,0,0,4,2,4,2,12.0,4,1,3,13,8,0.5098,51,30,189,2265,LegalQA
SELECT,7.0,0,0,1,0,0,2,0,0,0,0,0,0,0,0,1,0,0,0,0,3,2,3,2,10.5,5,4,2,13,8,0.5556,45,30,174,2248,LegalQA
SELECT,8.5,0,0,1,0,0,3,0,0,0,0,0,0,0,0,1,0,0,0,0,4,2,3,2,10.5,4,1,3,13,8,0.5319,47,30,180,2247,LegalQA
SELECT,7.0,0,0,1,0,0,2,0,0,0,0,0,0,0,0,1,0,0,0,0,3,2,3,2,10.5,2,1,2,13,8,0.6,35,29,152,2012,LegalQA
SELECT,7.0,0,0,1,0,0,2,0,0,0,0,0,0,0,0,1,0,0,0,0,3,2,3,2,10.5,3,1,2,14,8,0.5676,37,30,178,2114,LegalQA
SELECT,8.5,0,0,1,0,0,3,0,0,0,0,0,0,0,0,1,0,0,0,0,4,2,4,2,12.0,4,1,3,14,8,0.5106,47,31,195,2288,LegalQA
SELECT,7.0,0,0,1,0,0,2,0,0,0,0,0,0,0,0,1,0,0,0,0,3,2,3,2,10.5,3,1,2,13,8,0.5897,39,29,161,2103,LegalQA
SELECT,10.0,0,0,1,0,0,2,1,0,0,0,0,0,0,0,1,0,0,0,0,4,3,3,2,12.5,7,5,2,13,8,0.4419,43,32,188,2240,LegalQA
SELECT,10.0,0,0,1,0,0,4,0,0,0,0,0,0,0,0,1,0,0,0,0,5,2,4,2,12.0,5,1,4,13,8,0.4615,65,31,224,2459,LegalQA
SELECT,7.0,0,0,1,0,0,2,0,0,0,0,0,0,0,0,1,0,0,0,0,3,2,3,2,10.5,3,1,2,13,8,0.4912,57,29,188,2220,LegalQA
SELECT,7.0,0,0,1,0,0,2,0,0,0,0,0,0,0,0,1,0,0,0,0,3,2,3,2,10.5,2,1,2,14,8,0.5333,45,30,181,2174,LegalQA
SELECT,8.5,0,0,1,0,0,3,0,0,0,0,0,0,0,0,1,0,0,0,0,4,2,4,2,12.0,3,1,3,14,8,0.4348,69,31,231,2521,LegalQA
SELECT,7.0,0,0,1,0,0,2,0,0,0,0,0,0,0,0,1,0,0,0,0,3,2,3,2,10.5,3,1,2,14,7,0.5135,37,29,154,2089,LegalQA
SELECT,8.5,0,0,1,0,0,3,0,0,0,0,0,0,0,0,1,0,0,0,0,4,2,4,2,12.0,4,1,3,14,8,0.5385,39,31,171,2057,LegalQA
SELECT,7.0,0,0,1,0,0,2,0,0,0,0,0,0,0,0,1,0,0,0,0,3,2,3,2,10.5,2,1,2,13,8,0.5814,43,29,164,2003,LegalQA
SELECT,8.5,0,0,1,0,0,3,0,0,0,0,0,0,0,0,1,0,0,0,0,4,2,3,2,10.5,3,1,3,13,8,0.5091,55,30,201,2291,LegalQA
SELECT,8.5,0,0,1,0,0,3,0,0,0,0,0,0,0,0,1,0,0,0,0,4,2,4,2,12.0,4,1,3,13,8,0.4898,49,30,187,2221,LegalQA
SELECT,8.5,0,0,1,0,0,3,0,0,0,0,0,0,0,0,1,0,0,0,0,4,2,4,2,12.0,4,1,3,14,8,0.6286,35,31,166,2128,LegalQA
SELECT,8.5,0,0,1,0,0,3,0,0,0,0,0,0,0,0,1,0,0,0,0,4,2,4,2,12.0,4,1,3,13,8,0.4906,53,30,178,2238,LegalQA
SELECT,7.0,0,0,1,0,0,2,0,0,0,0,0,0,0,0,1,0,0,0,0,3,2,3,2,10.5,5,3,2,19,8,0.5111,45,30,182,2192,LegalQA
SELECT,10.0,0,0,1,0,0,4,0,0,0,0,0,0,0,0,1,0,0,0,0,5,2,4,2,12.0,4,1,4,14,8,0.4918,61,32,228,2517,LegalQA
SELECT,10.0,0,0,1,0,0,4,0,0,0,0,0,0,0,0,1,0,0,0,0,5,2,4,2,12.0,5,1,4,14,7,0.5088,57,31,206,2465,LegalQA
SELECT,8.5,0,0,1,0,0,3,0,0,0,0,0,0,0,0,1,0,0,0,0,4,2,4,2,12.0,4,1,3,14,8,0.5349,43,31,195,2203,LegalQA
SELECT,7.0,0,0,1,0,0,2,0,0,0,0,0,0,0,0,1,0,0,0,0,3,2,3,2,10.5,3,1,2,13,8,0.5111,45,29,164,2032,LegalQA
SELECT,7.0,0,0,1,0,0,2,0,0,0,0,0,0,0,0,1,0,0,0,0,3,2,2,2,9.0,3,1,2,13,8,0.4717,53,29,211,2320,LegalQA
SELECT,7.0,0,0,1,0,0,2,0,0,0,0,0,0,0,0,1,0,0,0,0,3,2,3,2,10.5,3,1,2,13,8,0.4717,53,29,176,2148,LegalQA
SELECT,7.0,0,0,1,0,0,2,0,0,0,0,0,0,0,0,1,0,0,0,0,3,2,3,2,10.5,2,1,2,13,8,0.4889,45,29,176,2118,LegalQA
SELECT,10.0,0,0,1,0,0,4,0,0,0,0,0,0,0,0,1,0,0,0,0,5,2,4,2,12.0,4,1,4,13,8,0.4828,58,31,211,2408,LegalQA
SELECT,10.0,0,0,1,0,0,4,0,0,0,0,0,0,0,0,1,0,0,0,0,5,2,4,2,12.0,4,1,4,12,8,0.6061,33,30,143,2053,LegalQA
SELECT,10.0,0,0,1,0,0,4,0,0,0,0,0,0,0,0,1,0,0,0,0,5,2,4,2,12.0,5,1,4,14,7,0.4058,69,31,215,2567,LegalQA
SELECT,8.5,0,0,1,0,0,3,0,0,0,0,0,0,0,0,1,0,0,0,0,4,2,3,2,10.5,4,1,3,14,8,0.4681,47,31,180,2292,LegalQA
SELECT,7.0,0,0,1,0,0,2,0,0,0,0,0,0,0,0,1,0,0,0,0,3,2,3,2,10.5,3,1,2,13,8,0.4898,49,29,171,2147,LegalQA
SELECT,8.5,0,0,1,0,0,3,0,0,0,0,0,0,0,0,1,0,0,0,0,4,2,3,2,10.5,4,1,3,13,8,0.4889,45,30,175,2177,LegalQA
SELECT,10.0,0,0,1,0,0,4,0,0,0,0,0,0,0,0,1,0,0,0,0,5,2,4,2,12.0,4,1,4,13,8,0.6,35,31,167,2172,LegalQA
SELECT,10.0,0,0,1,0,0,4,0,0,0,0,0,0,0,0,1,0,0,0,0,5,2,4,2,12.0,5,1,4,14,7,0.5098,51,31,199,2437,LegalQA
SELECT,8.5,0,0,1,0,0,3,0,0,0,0,0,0,0,0,1,0,0,0,0,4,2,4,2,12.0,4,1,3,13,7,0.5094,53,29,176,2297,LegalQA
SELECT,7.0,0,0,1,0,0,2,0,0,0,0,0,0,0,0,1,0,0,0,0,3,2,3,2,10.5,3,1,2,17,8,0.551,49,30,198,2292,LegalQA
SELECT,7.0,0,0,1,0,0,2,0,0,0,0,0,0,0,0,1,0,0,0,0,3,2,3,2,10.5,2,1,2,14,8,0.5122,41,30,168,2052,LegalQA
SELECT,7.0,0,0,1,0,0,2,0,0,0,0,0,0,0,0,1,0,0,0,0,3,2,3,2,10.5,3,1,2,12,8,0.5833,48,28,151,2084,LegalQA
SELECT,10.0,0,0,1,0,0,4,0,0,0,0,0,0,0,0,1,0,0,0,0,5,2,4,2,12.0,5,1,4,18,8,0.4906,53,33,212,2423,LegalQA
SELECT,7.0,0,0,1,0,0,2,0,0,0,0,0,0,0,0,1,0,0,0,0,3,2,3,2,10.5,3,1,2,13,8,0.5306,49,29,180,2182,LegalQA
SELECT,7.0,0,0,1,0,0,2,0,0,0,0,0,0,0,0,1,0,0,0,0,3,2,3,2,10.5,5,4,2,13,8,0.4923,65,30,223,2460,LegalQA
SELECT,7.0,0,0,1,0,0,2,0,0,0,0,0,0,0,0,1,0,0,0,0,3,2,3,2,10.5,3,1,2,13,8,0.5349,43,29,164,2052,LegalQA
SELECT,10.0,0,1,1,0,1,2,0,0,0,0,0,0,0,0,1,0,0,0,0,4,3,2,3,12.0,4,1,2,16,8,0.4133,75,30,232,2570,LegalQA
SELECT,8.5,0,0,1,0,0,3,0,0,0,0,0,0,0,0,1,0,0,0,0,4,2,3,2,10.5,3,1,3,13,8,0.6061,33,30,150,2049,LegalQA
SELECT,7.0,0,0,1,0,0,2,0,0,0,0,0,0,0,0,1,0,0,0,0,3,2,3,2,10.5,2,1,2,13,8,0.561,41,29,155,2048,LegalQA
SELECT,7.0,0,0,1,0,0,2,0,0,0,0,0,0,0,0,1,0,0,0,0,3,2,3,2,10.5,3,1,2,13,8,0.5814,43,29,158,2043,LegalQA
SELECT,8.5,0,0,1,0,0,3,0,0,0,0,0,0,0,0,1,0,0,0,0,4,2,4,2,12.0,4,1,3,13,8,0.5676,37,30,163,2037,LegalQA
SELECT,7.0,0,0,1,0,0,2,0,0,0,0,0,0,0,0,1,0,0,0,0,3,2,3,2,10.5,3,1,2,13,8,0.5556,45,29,184,2144,LegalQA
SELECT,7.0,0,0,1,0,0,2,0,0,0,0,0,0,0,0,1,0,0,0,0,3,2,3,2,10.5,2,1,2,13,8,0.5111,45,29,167,2099,LegalQA
SELECT,7.0,0,0,1,0,0,2,0,0,0,0,0,0,0,0,1,0,0,0,0,3,2,3,2,10.5,3,1,2,13,8,0.4545,77,29,230,2512,LegalQA
SELECT,10.0,0,0,1,0,0,4,0,0,0,0,0,0,0,0,1,0,0,0,0,5,2,5,2,13.5,5,1,4,14,8,0.5102,49,32,197,2317,LegalQA
SELECT,10.0,0,0,1,0,0,4,0,0,0,0,0,0,0,0,1,0,0,0,0,5,2,4,2,12.0,4,1,4,13,8,0.5532,47,31,185,2275,LegalQA
SELECT,10.0,0,0,1,0,0,4,0,0,0,0,0,0,0,0,1,0,0,0,0,5,2,4,2,12.0,4,1,4,13,8,0.449,49,31,191,2315,LegalQA
SELECT,8.5,0,0,1,0,0,3,0,0,0,0,0,0,0,0,1,0,0,0,0,4,2,4,2,12.0,4,1,3,13,8,0.5122,41,30,169,2094,LegalQA
SELECT,7.0,0,0,1,0,0,2,0,0,0,0,0,0,0,0,1,0,0,0,0,3,2,3,2,10.5,3,1,2,14,7,0.4889,45,29,163,2120,LegalQA
SELECT,10.0,0,0,1,0,0,4,0,0,0,0,0,0,0,0,1,0,0,0,0,5,2,4,2,12.0,5,1,4,14,7,0.4884,43,31,179,2303,LegalQA
SELECT,10.0,0,0,1,0,0,4,0,0,0,0,0,0,0,0,1,0,0,0,0,5,2,4,2,12.0,5,1,4,13,8,0.5294,51,31,188,2318,LegalQA
SELECT,8.5,0,0,1,0,0,3,0,0,0,0,0,0,0,0,1,0,0,0,0,4,2,3,2,10.5,4,1,3,14,8,0.44,50,31,204,2338,LegalQA
SELECT,8.5,0,0,1,0,0,3,0,0,0,0,0,0,0,0,1,0,0,0,0,4,2,4,2,12.0,4,1,3,13,8,0.5897,39,30,163,2056,LegalQA
SELECT,8.5,0,0,1,0,0,3,0,0,0,0,0,0,0,0,1,0,0,0,0,4,2,4,2,12.0,4,1,3,13,8,0.6552,29,30,138,1923,LegalQA
SELECT,8.5,0,0,1,0,0,3,0,0,0,0,0,0,0,0,1,0,0,0,0,4,2,4,2,12.0,3,1,3,14,8,0.5075,67,31,232,2530,LegalQA
SELECT,7.0,0,0,1,0,0,2,0,0,0,0,0,0,0,0,1,0,0,0,0,3,2,3,2,10.5,3,1,2,12,8,0.4694,49,28,162,2074,LegalQA
SELECT,8.5,0,0,1,0,0,3,0,0,0,0,0,0,0,0,1,0,0,0,0,4,2,4,2,12.0,4,1,3,13,8,0.5405,37,30,169,2086,LegalQA
SELECT,10.0,0,0,1,0,0,4,0,0,0,0,0,0,0,0,1,0,0,0,0,5,2,4,2,12.0,5,1,4,13,8,0.551,49,31,191,2217,LegalQA
SELECT,7.0,0,0,1,0,0,2,0,0,0,0,0,0,0,0,1,0,0,0,0,3,2,3,2,10.5,3,1,2,13,8,0.5532,47,29,173,2184,LegalQA
SELECT,7.0,0,0,1,0,0,2,0,0,0,0,0,0,0,0,1,0,0,0,0,3,2,3,2,10.5,3,1,2,13,8,0.5091,55,29,179,2187,LegalQA
SELECT,10.0,0,0,1,0,0,3,0,0,0,3,0,0,0,0,1,0,0,0,0,7,3,4,2,14.0,4,1,3,13,8,0.5116,43,30,179,2150,LegalQA
SELECT,7.0,0,0,1,0,0,2,0,0,0,0,0,0,0,0,1,0,0,0,0,3,2,3,2,10.5,3,1,2,13,8,0.5111,45,29,170,2091,LegalQA
SELECT,10.0,0,0,1,0,0,4,0,0,0,0,0,0,0,0,1,0,0,0,0,5,2,4,2,12.0,4,1,4,14,8,0.4706,51,32,218,2454,LegalQA
SELECT,7.0,0,0,1,0,0,2,0,0,0,0,0,0,0,0,1,0,0,0,0,3,2,2,2,9.0,3,1,2,13,8,0.5085,59,29,190,2256,LegalQA
SELECT,5.5,0,0,1,0,0,1,0,0,0,0,0,0,0,0,1,0,0,0,0,2,2,2,2,9.0,2,1,1,13,8,0.6,35,28,141,1911,LegalQA
SELECT,7.0,0,0,1,0,0,2,0,0,0,0,0,0,0,0,1,0,0,0,0,3,2,3,2,10.5,2,1,2,13,8,0.5472,53,29,185,2221,LegalQA
SELECT,8.5,0,0,1,0,0,3,0,0,0,0,0,0,0,0,1,0,0,0,0,4,2,4,2,12.0,4,1,3,13,8,0.549,51,30,184,2280,LegalQA
SELECT,10.0,0,0,1,0,0,4,0,0,0,0,0,0,0,0,1,0,0,0,0,5,2,4,2,12.0,4,1,4,13,8,0.5349,43,31,191,2245,LegalQA
SELECT,7.0,0,0,1,0,0,2,0,0,0,0,0,0,0,0,1,0,0,0,0,3,2,3,2,10.5,2,1,2,13,8,0.5273,55,29,197,2227,LegalQA
SELECT,10.0,0,0,1,0,0,4,0,0,0,0,0,0,0,0,1,0,0,0,0,5,2,4,2,12.0,4,1,4,13,8,0.5333,45,31,189,2256,LegalQA
SELECT,8.5,0,0,1,0,0,3,0,0,0,0,0,0,0,0,1,0,0,0,0,4,2,4,2,12.0,4,1,3,13,8,0.5116,43,30,173,2137,LegalQA
SELECT,10.0,0,0,1,0,0,4,0,0,0,0,0,0,0,0,1,0,0,0,0,5,2,4,2,12.0,5,1,4,13,8,0.5897,39,31,185,2221,LegalQA
SELECT,7.0,0,0,1,0,0,2,0,0,0,0,0,0,0,0,1,0,0,0,0,3,2,3,2,10.5,3,1,2,12,7,0.5246,61,27,173,2175,LegalQA
SELECT,7.0,0,0,1,0,0,2,0,0,0,0,0,0,0,0,1,0,0,0,0,3,2,3,2,10.5,3,1,2,13,7,0.4727,55,28,170,2181,LegalQA
SELECT,8.5,0,0,1,0,0,3,0,0,0,0,0,0,0,0,1,0,0,0,0,4,2,4,2,12.0,4,1,3,14,8,0.5349,43,31,203,2309,LegalQA
SELECT,10.0,0,0,1,0,0,4,0,0,0,0,0,0,0,0,1,0,0,0,0,5,2,4,2,12.0,5,1,4,14,8,0.5294,51,32,214,2439,LegalQA
SELECT,10.0,0,0,1,0,0,4,0,0,0,0,0,0,0,0,1,0,0,0,0,5,2,4,2,12.0,4,1,4,13,8,0.6154,39,31,173,2215,LegalQA
SELECT,10.0,0,0,1,0,0,4,0,0,0,0,0,0,0,0,1,0,0,0,0,5,2,5,2,13.5,5,1,4,13,8,0.5429,35,31,172,2181,LegalQA
SELECT,11.5,0,0,1,0,0,3,1,0,0,0,0,0,0,0,1,0,0,0,0,5,3,5,2,15.5,6,6,3,13,8,0.434,53,33,231,2565,LegalQA
SELECT,10.0,0,0,1,0,0,4,0,0,0,0,0,0,0,0,1,0,0,0,0,5,2,4,2,12.0,5,1,4,14,7,0.4694,49,31,200,2374,LegalQA
SELECT,8.5,0,0,1,0,0,3,0,0,0,0,0,0,0,0,1,0,0,0,0,4,2,4,2,12.0,4,1,3,12,8,0.5106,47,29,181,2290,LegalQA
SELECT,11.5,0,0,1,0,0,5,0,0,0,0,0,0,0,0,1,0,0,0,0,6,2,5,2,13.5,6,1,5,14,8,0.5333,45,33,193,2367,LegalQA
SELECT,7.0,0,0,1,0,0,2,0,0,0,0,0,0,0,0,1,0,0,0,0,3,2,3,2,10.5,2,1,2,13,8,0.5532,47,29,185,2198,LegalQA
SELECT,7.0,0,0,1,0,0,2,0,0,0,0,0,0,0,0,1,0,0,0,0,3,2,3,2,10.5,2,1,2,14,8,0.5641,39,30,165,2033,LegalQA
SELECT,8.5,0,0,1,0,0,3,0,0,0,0,0,0,0,0,1,0,0,0,0,4,2,4,2,12.0,4,1,3,14,8,0.5231,65,31,218,2580,LegalQA
SELECT,10.0,0,0,1,0,0,4,0,0,0,0,0,0,0,0,1,0,0,0,0,5,2,4,2,12.0,5,1,4,12,8,0.5283,53,30,188,2248,LegalQA
SELECT,8.5,0,0,1,0,0,3,0,0,0,0,0,0,0,0,1,0,0,0,0,4,2,3,2,10.5,3,1,3,13,8,0.5098,51,30,192,2262,LegalQA
SELECT,10.0,0,0,1,0,0,4,0,0,0,0,0,0,0,0,1,0,0,0,0,5,2,4,2,12.0,5,1,4,12,8,0.5116,43,30,169,2198,LegalQA
SELECT,7.0,0,0,1,0,0,2,0,0,0,0,0,0,0,0,1,0,0,0,0,3,2,3,2,10.5,2,1,2,13,8,0.5319,47,29,176,2127,LegalQA
SELECT,10.0,0,0,1,0,0,4,0,0,0,0,0,0,0,0,1,0,0,0,0,5,2,4,2,12.0,4,1,4,13,8,0.5116,43,31,177,2195,LegalQA
SELECT,8.5,0,0,1,0,0,3,0,0,0,0,0,0,0,0,1,0,0,0,0,4,2,3,2,10.5,4,1,3,16,8,0.5111,45,30,180,2205,LegalQA
SELECT,10.0,0,1,1,0,1,2,0,0,0,0,0,0,0,0,1,0,0,0,0,4,3,3,2,12.5,4,1,3,13,8,0.449,49,30,194,2242,LegalQA
SELECT,10.0,0,0,1,0,0,4,0,0,0,0,0,0,0,0,1,0,0,0,0,5,2,4,2,12.0,4,1,4,13,8,0.5079,63,31,236,2499,LegalQA
SELECT,10.0,0,0,1,0,0,4,0,0,0,0,0,0,0,0,1,0,0,0,0,5,2,5,2,13.5,5,1,4,24,8,0.3976,83,33,280,2853,LegalQA
SELECT,8.5,0,0,1,0,0,3,0,0,0,0,0,0,0,0,1,0,0,0,0,4,2,4,2,12.0,4,1,3,13,8,0.4925,67,30,220,2500,LegalQA
SELECT,8.5,0,0,1,0,0,3,0,0,0,0,0,0,0,0,1,0,0,0,0,4,2,3,2,10.5,4,1,3,13,8,0.5306,49,30,186,2210,LegalQA
SELECT,8.5,0,0,1,0,0,3,0,0,0,0,0,0,0,0,1,0,0,0,0,4,2,4,2,12.0,3,1,3,14,8,0.5085,59,31,209,2340,LegalQA
SELECT,7.0,0,0,1,0,0,2,0,0,0,0,0,0,0,0,1,0,0,0,0,3,2,3,2,10.5,3,1,2,14,8,0.4912,57,30,201,2424,LegalQA
SELECT,10.0,0,0,1,0,0,4,0,0,0,0,0,0,0,0,1,0,0,0,0,5,2,4,2,12.0,5,1,4,13,8,0.549,51,31,194,2308,LegalQA
SELECT,8.5,0,0,1,0,0,3,0,0,0,0,0,0,0,0,1,0,0,0,0,4,2,3,2,10.5,3,1,3,13,8,0.4681,47,30,196,2207,LegalQA
SELECT,7.0,0,0,1,0,0,2,0,0,0,0,0,0,0,0,1,0,0,0,0,3,2,3,2,10.5,2,1,2,13,8,0.5306,49,29,176,2160,LegalQA
SELECT,8.5,0,0,1,0,0,3,0,0,0,0,0,0,0,0,1,0,0,0,0,4,2,4,2,12.0,4,1,3,14,8,0.5556,45,31,185,2226,LegalQA
SELECT,7.0,0,0,1,0,0,2,0,0,0,0,0,0,0,0,1,0,0,0,0,3,2,3,2,10.5,3,1,2,17,7,0.459,61,29,196,2345,LegalQA
SELECT,5.5,0,0,1,0,0,1,0,0,0,0,0,0,0,0,1,0,0,0,0,2,2,2,2,9.0,2,1,1,13,8,0.5429,35,28,148,1914,LegalQA
SELECT,8.5,0,0,1,0,0,3,0,0,0,0,0,0,0,0,1,0,0,0,0,4,2,4,2,12.0,4,1,3,13,8,0.5116,43,30,172,2115,LegalQA
SELECT,7.0,0,0,1,0,0,2,0,0,0,0,0,0,0,0,1,0,0,0,0,3,2,3,2,10.5,2,1,2,14,8,0.5111,45,30,180,2167,LegalQA
SELECT,8.5,0,0,1,0,0,3,0,0,0,0,0,0,0,0,1,0,0,0,0,4,2,4,2,12.0,4,1,3,13,8,0.5102,49,30,182,2178,LegalQA
SELECT,8.5,0,0,1,0,0,3,0,0,0,0,0,0,0,0,1,0,0,0,0,4,2,4,2,12.0,4,1,3,13,8,0.5088,57,30,193,2218,LegalQA
SELECT,8.5,0,0,1,0,0,3,0,0,0,0,0,0,0,0,1,0,0,0,0,4,2,3,2,10.5,4,1,3,13,8,0.5686,51,30,192,2322,LegalQA
SELECT,10.0,0,0,1,0,0,4,0,0,0,0,0,0,0,0,1,0,0,0,0,5,2,4,2,12.0,4,1,4,14,8,0.459,61,32,217,2455,LegalQA
SELECT,10.0,0,0,1,0,0,4,0,0,0,0,0,0,0,0,1,0,0,0,0,5,2,4,2,12.0,4,1,4,13,8,0.5088,57,31,209,2418,LegalQA
SELECT,7.0,0,0,1,0,0,2,0,0,0,0,0,0,0,0,1,0,0,0,0,3,2,3,2,10.5,6,4,2,13,8,0.5686,51,30,202,2386,LegalQA
SELECT,8.5,0,0,1,0,0,3,0,0,0,0,0,0,0,0,1,0,0,0,0,4,2,3,2,10.5,3,1,3,13,8,0.5556,45,30,180,2181,LegalQA
SELECT,10.0,0,0,1,0,0,4,0,0,0,0,0,0,0,0,1,0,0,0,0,5,2,4,2,12.0,5,1,4,14,8,0.4762,42,32,196,2356,LegalQA
SELECT,7.0,0,0,1,0,0,2,0,0,0,0,0,0,0,0,1,0,0,0,0,3,2,3,2,10.5,3,1,2,12,8,0.4909,55,28,176,2195,LegalQA
SELECT,8.5,0,0,1,0,0,3,0,0,0,0,0,0,0,0,1,0,0,0,0,4,2,4,2,12.0,4,1,3,13,8,0.5686,51,30,192,2329,LegalQA
SELECT,8.5,0,0,1,0,0,3,0,0,0,0,0,0,0,0,1,0,0,0,0,4,2,4,2,12.0,4,1,3,13,8,0.5333,45,30,181,2185,LegalQA
SELECT,8.5,0,0,1,0,0,3,0,0,0,0,0,0,0,0,1,0,0,0,0,4,2,3,2,10.5,3,1,3,13,8,0.5556,45,30,174,2220,LegalQA
SELECT,8.5,0,0,1,0,0,3,0,0,0,0,0,0,0,0,1,0,0,0,0,4,2,4,2,12.0,4,1,3,13,8,0.5405,37,30,166,2086,LegalQA
SELECT,8.5,0,0,1,0,0,3,0,0,0,0,0,0,0,0,1,0,0,0,0,4,2,4,2,12.0,4,1,3,13,8,0.5439,57,30,186,2225,LegalQA
SELECT,8.5,0,0,1,0,0,3,0,0,0,0,0,0,0,0,1,0,0,0,0,4,2,3,2,10.5,4,1,3,13,8,0.4667,75,30,237,2583,LegalQA
SELECT,8.5,0,0,1,0,0,3,0,0,0,0,0,0,0,0,1,0,0,0,0,4,2,4,2,12.0,4,1,3,13,8,0.5082,61,30,211,2280,LegalQA
SELECT,11.5,0,0,1,0,0,5,0,0,0,0,0,0,0,0,1,0,0,0,0,6,2,5,2,13.5,6,1,5,13,8,0.4783,69,32,241,2516,LegalQA
SELECT,7.0,0,0,1,0,0,2,0,0,0,0,0,0,0,0,1,0,0,0,0,3,2,3,2,10.5,3,1,2,13,8,0.4528,53,29,182,2242,LegalQA
SELECT,7.0,0,0,1,0,0,2,0,0,0,0,0,0,0,0,1,0,0,0,0,3,2,2,2,9.0,3,1,2,14,8,0.4638,69,30,231,2410,LegalQA
SELECT,7.0,0,0,1,0,0,2,0,0,0,0,0,0,0,0,1,0,0,0,0,3,2,3,2,10.5,3,1,2,13,8,0.5294,51,29,179,2146,LegalQA
SELECT,8.5,0,0,1,0,0,3,0,0,0,0,0,0,0,0,1,0,0,0,0,4,2,4,2,12.0,4,1,3,13,8,0.5116,43,30,170,2102,LegalQA
SELECT,8.5,0,0,1,0,0,3,0,0,0,0,0,0,0,0,1,0,0,0,0,4,2,4,2,12.0,4,1,3,13,8,0.5094,53,30,191,2235,LegalQA
SELECT,8.5,0,0,1,0,0,3,0,0,0,0,0,0,0,0,1,0,0,0,0,4,2,3,2,10.5,3,1,3,13,8,0.5091,55,30,195,2251,LegalQA
SELECT,10.0,0,0,1,0,0,4,0,0,0,0,0,0,0,0,1,0,0,0,0,5,2,4,2,12.0,5,1,4,15,8,0.4727,55,33,229,2523,LegalQA
SELECT,8.5,0,0,1,0,0,3,0,0,0,0,0,0,0,0,1,0,0,0,0,4,2,3,2,10.5,4,1,3,13,8,0.5,62,30,209,2380,LegalQA
SELECT,11.5,0,0,1,0,0,5,0,0,0,0,0,0,0,0,1,0,0,0,0,6,2,5,2,13.5,6,1,5,16,8,0.4923,65,32,223,2516,LegalQA
SELECT,7.0,0,0,1,0,0,2,0,0,0,0,0,0,0,0,1,0,0,0,0,3,2,3,2,10.5,3,1,2,13,7,0.551,49,28,163,2113,LegalQA
SELECT,7.0,0,0,1,0,0,2,0,0,0,0,0,0,0,0,1,0,0,0,0,3,2,3,2,10.5,3,1,2,13,8,0.434,53,29,185,2208,LegalQA
SELECT,7.0,0,0,1,0,0,2,0,0,0,0,0,0,0,0,1,0,0,0,0,3,2,3,2,10.5,4,2,2,14,8,0.4918,61,31,234,2624,LegalQA
SELECT,7.0,0,0,1,0,0,2,0,0,0,0,0,0,0,0,1,0,0,0,0,3,2,3,2,10.5,3,1,2,13,8,0.4737,57,29,204,2261,LegalQA
SELECT,8.5,0,0,1,0,0,3,0,0,0,0,0,0,0,0,1,0,0,0,0,4,2,4,2,12.0,4,1,3,12,8,0.6286,35,29,136,1939,LegalQA
SELECT,7.0,0,0,1,0,0,2,0,0,0,0,0,0,0,0,1,0,0,0,0,3,2,3,2,10.5,3,1,2,12,7,0.5098,51,27,161,2096,LegalQA
SELECT,8.5,0,0,1,0,0,3,0,0,0,0,0,0,0,0,1,0,0,0,0,4,2,4,2,12.0,4,1,3,14,8,0.5349,43,31,193,2277,LegalQA
SELECT,7.0,0,0,1,0,0,2,0,0,0,0,0,0,0,0,1,0,0,0,0,3,2,3,2,10.5,3,1,2,13,8,0.4762,63,29,206,2403,LegalQA
SELECT,10.0,0,0,1,0,0,4,0,0,0,0,0,0,0,0,1,0,0,0,0,5,2,4,2,12.0,4,1,4,16,8,0.5814,43,31,185,2273,LegalQA
SELECT,7.0,0,0,1,0,0,2,0,0,0,0,0,0,0,0,1,0,0,0,0,3,2,3,2,10.5,3,1,2,13,8,0.5778,45,29,163,2118,LegalQA
SELECT,10.0,0,0,1,0,0,4,0,0,0,0,0,0,0,0,1,0,0,0,0,5,2,4,2,12.0,5,1,4,14,7,0.4444,63,31,209,2576,LegalQA
SELECT,10.0,0,0,1,0,0,4,0,0,0,0,0,0,0,0,1,0,0,0,0,5,2,4,2,12.0,5,1,4,14,8,0.5075,67,32,252,2618,LegalQA
SELECT,10.0,0,0,1,0,0,4,0,0,0,0,0,0,0,0,1,0,0,0,0,5,2,4,2,12.0,4,1,4,14,8,0.5641,39,32,171,2221,LegalQA
SELECT,10.0,0,0,1,0,0,2,1,0,0,0,0,0,0,0,1,0,0,0,0,4,3,4,2,14.0,7,7,2,13,8,0.5128,39,32,196,2369,LegalQA
SELECT,10.0,0,0,1,0,0,4,0,0,0,0,0,0,0,0,1,0,0,0,0,5,2,4,2,12.0,4,1,4,14,8,0.5333,45,32,198,2348,LegalQA
SELECT,7.0,0,0,1,0,0,2,0,0,0,0,0,0,0,0,1,0,0,0,0,3,2,3,2,10.5,3,1,2,13,8,0.5116,43,29,173,2172,LegalQA
SELECT,8.5,0,0,1,0,0,3,0,0,0,0,0,0,0,0,1,0,0,0,0,4,2,4,2,12.0,4,1,3,13,7,0.551,49,29,168,2239,LegalQA
SELECT,7.0,0,0,1,0,0,2,0,0,0,0,0,0,0,0,1,0,0,0,0,3,2,3,2,10.5,3,1,2,12,8,0.5366,41,28,152,2013,LegalQA
SELECT,8.5,0,0,1,0,0,3,0,0,0,0,0,0,0,0,1,0,0,0,0,4,2,3,2,10.5,4,1,3,14,8,0.5091,55,31,195,2290,LegalQA
SELECT,7.0,0,0,1,0,0,2,0,0,0,0,0,0,0,0,1,0,0,0,0,3,2,3,2,10.5,2,1,2,13,8,0.5676,37,29,148,1974,LegalQA
SELECT,8.5,0,0,1,0,0,3,0,0,0,0,0,0,0,0,1,0,0,0,0,4,2,4,2,12.0,4,1,3,13,8,0.5111,45,30,179,2188,LegalQA
SELECT,7.0,0,0,1,0,0,2,0,0,0,0,0,0,0,0,1,0,0,0,0,3,2,3,2,10.5,3,1,2,13,8,0.5098,51,29,188,2215,LegalQA
SELECT,10.0,0,0,1,0,0,4,0,0,0,0,0,0,0,0,1,0,0,0,0,5,2,4,2,12.0,5,1,4,12,8,0.3623,69,30,222,2671,LegalQA
SELECT,10.0,0,0,1,0,0,4,0,0,0,0,0,0,0,0,1,0,0,0,0,5,2,4,2,12.0,4,1,4,14,8,0.5306,49,32,198,2351,LegalQA
SELECT,10.0,0,0,1,0,0,4,0,0,0,0,0,0,0,0,1,0,0,0,0,5,2,4,2,12.0,4,1,4,13,8,0.6047,43,31,179,2291,LegalQA
SELECT,7.0,0,0,1,0,0,2,0,0,0,0,0,0,0,0,1,0,0,0,0,3,2,3,2,10.5,3,1,2,12,8,0.5102,49,28,168,2055,LegalQA
SELECT,10.0,0,0,1,0,0,4,0,0,0,0,0,0,0,0,1,0,0,0,0,5,2,4,2,12.0,4,1,4,13,8,0.6286,35,31,161,2157,LegalQA
SELECT,7.0,0,0,1,0,0,2,0,0,0,0,0,0,0,0,1,0,0,0,0,3,2,3,2,10.5,3,1,2,13,8,0.5106,47,29,171,2105,LegalQA
SELECT,10.0,0,0,1,0,0,4,0,0,0,0,0,0,0,0,1,0,0,0,0,5,2,4,2,12.0,5,1,4,13,8,0.5854,41,31,179,2264,LegalQA
SELECT,7.0,0,0,1,0,0,2,0,0,0,0,0,0,0,0,1,0,0,0,0,3,2,3,2,10.5,3,1,2,12,7,0.4909,55,27,176,2091,LegalQA
SELECT,7.0,0,0,1,0,0,2,0,0,0,0,0,0,0,0,1,0,0,0,0,3,2,3,2,10.5,3,1,2,13,8,0.551,49,29,175,2110,LegalQA
SELECT,8.5,0,0,1,0,0,3,0,0,0,0,0,0,0,0,1,0,0,0,0,4,2,4,2,12.0,4,1,3,13,8,0.5366,41,30,166,2034,LegalQA
SELECT,7.0,0,0,1,0,0,2,0,0,0,0,0,0,0,0,1,0,0,0,0,3,2,3,2,10.5,3,1,2,13,8,0.5385,39,29,152,2028,LegalQA
SELECT,8.5,0,0,1,0,0,3,0,0,0,0,0,0,0,0,1,0,0,0,0,4,2,3,2,10.5,4,1,3,17,8,0.4909,55,31,216,2466,LegalQA
SELECT,7.0,0,0,1,0,0,2,0,0,0,0,0,0,0,0,1,0,0,0,0,3,2,3,2,10.5,3,1,2,14,8,0.5814,43,30,175,2164,LegalQA
SELECT,10.0,0,0,1,0,0,4,0,0,0,0,0,0,0,0,1,0,0,0,0,5,2,4,2,12.0,5,1,4,14,7,0.5306,49,31,187,2355,LegalQA
SELECT,7.0,0,0,1,0,0,2,0,0,0,0,0,0,0,0,1,0,0,0,0,3,2,3,2,10.5,3,1,2,12,8,0.5152,33,28,137,1894,LegalQA
SELECT,7.0,0,0,1,0,0,2,0,0,0,0,0,0,0,0,1,0,0,0,0,3,2,3,2,10.5,2,1,2,13,8,0.566,53,29,185,2240,LegalQA
SELECT,8.5,0,0,1,0,0,3,0,0,0,0,0,0,0,0,1,0,0,0,0,4,2,4,2,12.0,4,1,3,13,8,0.5405,37,30,166,2072,LegalQA
SELECT,11.5,0,0,1,0,0,5,0,0,0,0,0,0,0,0,1,0,0,0,0,6,2,5,2,13.5,6,1,5,14,8,0.4769,65,33,234,2600,LegalQA
SELECT,7.0,0,0,1,0,0,2,0,0,0,0,0,0,0,0,1,0,0,0,0,3,2,3,2,10.5,3,1,2,13,8,0.5714,35,29,158,2009,LegalQA
SELECT,7.0,0,0,1,0,0,2,0,0,0,0,0,0,0,0,1,0,0,0,0,3,2,3,2,10.5,3,1,2,14,8,0.4359,39,30,157,2100,LegalQA
SELECT,8.5,0,0,1,0,0,3,0,0,0,0,0,0,0,0,1,0,0,0,0,4,2,4,2,12.0,4,1,3,13,8,0.493,71,30,229,2467,LegalQA
SELECT,11.5,0,0,1,0,0,5,0,0,0,0,0,0,0,0,1,0,0,0,0,6,2,5,2,13.5,6,1,5,13,8,0.5254,59,32,217,2513,LegalQA
SELECT,7.0,0,0,1,0,0,2,0,0,0,0,0,0,0,0,1,0,0,0,0,3,2,3,2,10.5,2,1,2,13,8,0.5098,51,29,179,2114,LegalQA
SELECT,7.0,0,0,1,0,0,2,0,0,0,0,0,0,0,0,1,0,0,0,0,3,2,3,2,10.5,2,1,2,13,8,0.5714,49,29,176,2145,LegalQA
SELECT,8.5,0,0,1,0,0,3,0,0,0,0,0,0,0,0,1,0,0,0,0,4,2,4,2,12.0,4,1,3,13,7,0.5556,45,29,172,2163,LegalQA
SELECT,8.5,0,0,1,0,0,3,0,0,0,0,0,0,0,0,1,0,0,0,0,4,2,4,2,12.0,4,1,3,16,8,0.5532,47,30,193,2235,LegalQA
SELECT,7.0,0,0,1,0,0,2,0,0,0,0,0,0,0,0,1,0,0,0,0,3,2,3,2,10.5,3,1,2,13,8,0.4667,45,29,170,2099,LegalQA
SELECT,8.5,0,0,1,0,0,3,0,0,0,0,0,0,0,0,1,0,0,0,0,4,2,4,2,12.0,4,1,3,12,8,0.5556,45,29,175,2183,LegalQA
SELECT,7.0,0,0,1,0,0,2,0,0,0,0,0,0,0,0,1,0,0,0,0,3,2,3,2,10.5,3,1,2,14,8,0.5641,39,30,156,2055,LegalQA
SELECT,13.0,0,1,1,0,1,4,0,0,0,0,0,0,0,0,1,0,0,0,0,6,3,5,3,16.5,6,1,4,13,8,0.4576,59,32,229,2520,LegalQA
SELECT,7.0,0,0,1,0,0,2,0,0,0,0,0,0,0,0,1,0,0,0,0,3,2,3,2,10.5,2,1,2,13,8,0.4727,55,29,183,2159,LegalQA
SELECT,10.0,0,0,1,0,0,4,0,0,0,0,0,0,0,0,1,0,0,0,0,5,2,5,2,13.5,5,1,4,15,8,0.5111,45,33,204,2401,LegalQA
SELECT,8.5,0,0,1,0,0,3,0,0,0,0,0,0,0,0,1,0,0,0,0,4,2,4,2,12.0,4,1,3,13,8,0.4921,63,30,211,2440,LegalQA
SELECT,8.5,0,0,1,0,0,3,0,0,0,0,0,0,0,0,1,0,0,0,0,4,2,4,2,12.0,4,1,3,13,7,0.5294,51,29,170,2257,LegalQA
SELECT,7.0,0,0,1,0,0,2,0,0,0,0,0,0,0,0,1,0,0,0,0,3,2,3,2,10.5,3,1,2,13,8,0.5116,43,29,165,2069,LegalQA
SELECT,8.5,0,0,1,0,0,3,0,0,0,0,0,0,0,0,1,0,0,0,0,4,2,4,2,12.0,4,1,3,13,8,0.5116,43,30,172,2122,LegalQA
SELECT,7.0,0,0,1,0,0,2,0,0,0,0,0,0,0,0,1,0,0,0,0,3,2,3,2,10.5,3,1,2,16,8,0.5333,45,29,167,2094,LegalQA
SELECT,16.0,0,0,1,0,0,2,3,0,0,0,0,0,0,0,1,0,0,0,0,6,3,3,2,12.5,2,1,2,13,8,0.5556,45,29,170,2120,LegalQA
SELECT,10.0,0,0,1,0,0,4,0,0,0,0,0,0,0,0,1,0,0,0,0,5,2,4,2,12.0,5,1,4,14,8,0.4795,73,32,238,2648,LegalQA
SELECT,8.5,0,0,1,0,0,3,0,0,0,0,0,0,0,0,1,0,0,0,0,4,2,3,2,10.5,4,1,3,14,8,0.4769,65,31,221,2515,LegalQA
SELECT,10.0,0,0,1,0,0,4,0,0,0,0,0,0,0,0,1,0,0,0,0,5,2,4,2,12.0,5,1,4,14,7,0.4545,55,31,203,2449,LegalQA
SELECT,5.5,0,0,1,0,0,1,0,0,0,0,0,0,0,0,1,0,0,0,0,2,2,2,2,9.0,2,1,1,14,8,0.5897,39,29,171,2093,LegalQA
SELECT,7.0,0,0,1,0,0,2,0,0,0,0,0,0,0,0,1,0,0,0,0,3,2,3,2,10.5,3,1,2,12,8,0.4615,39,28,152,1972,LegalQA
SELECT,7.0,0,0,1,0,0,2,0,0,0,0,0,0,0,0,1,0,0,0,0,3,2,3,2,10.5,2,1,2,13,8,0.5088,57,29,191,2272,LegalQA
SELECT,10.0,0,0,1,0,0,4,0,0,0,0,0,0,0,0,1,0,0,0,0,5,2,4,2,12.0,4,1,4,13,8,0.5349,43,31,183,2215,LegalQA
SELECT,8.5,0,0,1,0,0,3,0,0,0,0,0,0,0,0,1,0,0,0,0,4,2,4,2,12.0,4,1,3,13,8,0.5405,37,30,169,2086,LegalQA
SELECT,8.5,0,0,1,0,0,3,0,0,0,0,0,0,0,0,1,0,0,0,0,4,2,4,2,12.0,4,1,3,12,8,0.5122,41,29,160,2113,LegalQA
SELECT,8.5,0,0,1,0,0,3,0,0,0,0,0,0,0,0,1,0,0,0,0,4,2,3,2,10.5,4,1,3,13,8,0.5106,47,30,177,2186,LegalQA
SELECT,10.0,0,0,1,0,0,4,0,0,0,0,0,0,0,0,1,0,0,0,0,5,2,4,2,12.0,6,3,4,12,8,0.549,51,31,204,2499,LegalQA
SELECT,7.0,0,0,1,0,0,2,0,0,0,0,0,0,0,0,1,0,0,0,0,3,2,3,2,10.5,3,1,2,13,8,0.5472,53,29,182,2220,LegalQA
SELECT,7.0,0,0,1,0,0,2,0,0,0,0,0,0,0,0,1,0,0,0,0,3,2,3,2,10.5,2,1,2,12,8,0.5938,32,28,134,1852,LegalQA
SELECT,7.0,0,0,1,0,0,2,0,0,0,0,0,0,0,0,1,0,0,0,0,3,2,3,2,10.5,3,1,2,13,8,0.6,35,29,146,1939,LegalQA
SELECT,10.0,0,0,1,0,0,4,0,0,0,0,0,0,0,0,1,0,0,0,0,5,2,4,2,12.0,4,1,4,15,8,0.5581,43,30,167,2185,LegalQA
SELECT,10.0,0,0,1,0,0,4,0,0,0,0,0,0,0,0,1,0,0,0,0,5,2,4,2,12.0,4,1,4,14,8,0.5094,53,32,217,2375,LegalQA
SELECT,7.0,0,0,1,0,0,2,0,0,0,0,0,0,0,0,1,0,0,0,0,3,2,3,2,10.5,2,1,2,12,8,0.5581,43,28,158,1986,LegalQA
SELECT,10.0,0,0,1,0,0,4,0,0,0,0,0,0,0,0,1,0,0,0,0,5,2,4,2,12.0,4,1,4,13,8,0.5079,63,31,224,2547,LegalQA
SELECT,10.0,0,0,1,0,0,4,0,0,0,0,0,0,0,0,1,0,0,0,0,5,2,4,2,12.0,4,1,4,13,8,0.561,41,31,182,2278,LegalQA
SELECT,8.5,0,0,1,0,0,3,0,0,0,0,0,0,0,0,1,0,0,0,0,4,2,4,2,12.0,3,1,3,13,8,0.4906,53,30,193,2266,LegalQA
SELECT,10.0,0,0,1,0,0,4,0,0,0,0,0,0,0,0,1,0,0,0,0,5,2,4,2,12.0,4,1,4,14,8,0.6296,27,32,160,2134,LegalQA
SELECT,7.0,0,0,1,0,0,2,0,0,0,0,0,0,0,0,1,0,0,0,0,3,2,4,2,12.0,7,6,2,13,8,0.4627,67,30,246,2513,LegalQA
SELECT,7.0,0,0,1,0,0,2,0,0,0,0,0,0,0,0,1,0,0,0,0,3,2,3,2,10.5,3,1,2,13,8,0.5814,43,29,167,2058,LegalQA
SELECT,7.0,0,0,1,0,0,2,0,0,0,0,0,0,0,0,1,0,0,0,0,3,2,3,2,10.5,2,1,2,13,8,0.5111,45,29,164,2078,LegalQA
SELECT,7.0,0,0,1,0,0,2,0,0,0,0,0,0,0,0,1,0,0,0,0,3,2,3,2,10.5,3,1,2,13,8,0.5366,41,29,159,2031,LegalQA
SELECT,10.0,0,0,1,0,0,4,0,0,0,0,0,0,0,0,1,0,0,0,0,5,2,4,2,12.0,4,1,4,13,8,0.5946,37,31,167,2086,LegalQA
SELECT,10.0,0,0,1,0,0,4,0,0,0,0,0,0,0,0,1,0,0,0,0,5,2,4,2,12.0,5,1,4,13,8,0.5091,55,31,203,2367,LegalQA
SELECT,7.0,0,0,1,0,0,2,0,0,0,0,0,0,0,0,1,0,0,0,0,3,2,3,2,10.5,3,1,2,12,7,0.5333,45,27,149,2005,LegalQA
SELECT,10.0,0,0,1,0,0,4,0,0,0,0,0,0,0,0,1,0,0,0,0,5,2,4,2,12.0,4,1,4,13,8,0.5424,59,31,209,2500,LegalQA
SELECT,7.0,0,0,1,0,0,2,0,0,0,0,0,0,0,0,1,0,0,0,0,3,2,3,2,10.5,2,1,2,13,8,0.5854,41,29,161,2077,LegalQA
SELECT,8.5,0,0,1,0,0,3,0,0,0,0,0,0,0,0,1,0,0,0,0,4,2,4,2,12.0,4,1,3,13,8,0.4133,75,30,227,2511,LegalQA
SELECT,8.5,0,0,1,0,0,3,0,0,0,0,0,0,0,0,1,0,0,0,0,4,2,4,2,12.0,4,1,3,13,8,0.5385,39,30,184,2153,LegalQA
SELECT,8.5,0,0,1,0,0,3,0,0,0,0,0,0,0,0,1,0,0,0,0,4,2,3,2,10.5,3,1,3,13,8,0.4727,55,30,189,2218,LegalQA
SELECT,10.0,0,1,1,0,1,2,0,0,0,0,0,0,0,0,1,0,0,0,0,4,3,3,2,12.5,4,1,3,12,8,0.6286,35,29,152,1986,LegalQA
SELECT,10.0,0,0,1,0,0,4,0,0,0,0,0,0,0,0,1,0,0,0,0,5,2,4,2,12.0,5,1,4,14,7,0.4912,57,31,208,2451,LegalQA
SELECT,13.0,0,0,1,0,0,4,1,0,0,0,0,0,0,0,1,0,0,0,0,6,3,6,2,17.0,10,8,4,14,8,0.5246,61,35,254,2827,LegalQA
SELECT,7.0,0,0,1,0,0,2,0,0,0,0,0,0,0,0,1,0,0,0,0,3,2,3,2,10.5,5,4,2,16,8,0.4909,55,30,226,2390,LegalQA
SELECT,10.0,0,0,1,0,0,4,0,0,0,0,0,0,0,0,1,0,0,0,0,5,2,4,2,12.0,5,1,4,14,7,0.4681,47,31,201,2420,LegalQA
SELECT,10.0,0,0,1,0,0,4,0,0,0,0,0,0,0,0,1,0,0,0,0,5,2,4,2,12.0,5,1,4,13,8,0.5085,59,31,203,2474,LegalQA
SELECT,8.5,0,0,1,0,0,3,0,0,0,0,0,0,0,0,1,0,0,0,0,4,2,3,2,10.5,3,1,3,14,8,0.5714,49,31,185,2287,LegalQA
SELECT,7.0,0,0,1,0,0,2,0,0,0,0,0,0,0,0,1,0,0,0,0,3,2,3,2,10.5,3,1,2,13,8,0.4615,65,29,200,2272,LegalQA
SELECT,7.0,0,0,1,0,0,2,0,0,0,0,0,0,0,0,1,0,0,0,0,3,2,3,2,10.5,3,1,2,13,8,0.5091,55,29,191,2205,LegalQA
SELECT,8.5,0,0,1,0,0,3,0,0,0,0,0,0,0,0,1,0,0,0,0,4,2,4,2,12.0,4,1,3,13,8,0.5246,61,30,226,2453,LegalQA
SELECT,10.0,0,0,1,0,0,4,0,0,0,0,0,0,0,0,1,0,0,0,0,5,2,4,2,12.0,5,1,4,14,7,0.549,51,31,187,2381,LegalQA
SELECT,7.0,0,0,1,0,0,2,0,0,0,0,0,0,0,0,1,0,0,0,0,3,2,3,2,10.5,3,1,2,13,8,0.5306,49,29,188,2152,LegalQA
SELECT,10.0,0,0,1,0,0,4,0,0,0,0,0,0,0,0,1,0,0,0,0,5,2,4,2,12.0,4,1,4,13,8,0.5319,47,31,179,2210,LegalQA
SELECT,7.0,0,0,1,0,0,2,0,0,0,0,0,0,0,0,1,0,0,0,0,3,2,3,2,10.5,2,1,2,13,8,0.4769,65,29,210,2387,LegalQA
SELECT,10.0,0,0,1,0,0,4,0,0,0,0,0,0,0,0,1,0,0,0,0,5,2,4,2,12.0,5,1,4,14,8,0.5306,49,32,212,2393,LegalQA
SELECT,10.0,0,0,1,0,0,4,0,0,0,0,0,0,0,0,1,0,0,0,0,5,2,4,2,12.0,4,1,4,14,8,0.5283,53,32,200,2390,LegalQA
SELECT,10.0,0,0,1,0,0,4,0,0,0,0,0,0,0,0,1,0,0,0,0,5,2,4,2,12.0,4,1,4,13,8,0.4737,57,31,218,2468,LegalQA
SELECT,7.0,0,0,1,0,0,2,0,0,0,0,0,0,0,0,1,0,0,0,0,3,2,3,2,10.5,3,1,2,13,8,0.4746,59,29,203,2345,LegalQA
SELECT,8.5,0,0,1,0,0,3,0,0,0,0,0,0,0,0,1,0,0,0,0,4,2,4,2,12.0,4,1,3,13,7,0.5111,45,29,168,2209,LegalQA
SELECT,8.5,0,0,1,0,0,3,0,0,0,0,0,0,0,0,1,0,0,0,0,4,2,4,2,12.0,4,1,3,13,8,0.5116,43,30,176,2133,LegalQA
SELECT,7.0,0,0,1,0,0,2,0,0,0,0,0,0,0,0,1,0,0,0,0,3,2,2,2,9.0,3,1,2,12,8,0.4638,69,28,203,2372,LegalQA
SELECT,10.0,0,0,1,0,0,4,0,0,0,0,0,0,0,0,1,0,0,0,0,5,2,4,2,12.0,4,1,4,14,8,0.6286,35,32,189,2264,LegalQA
SELECT,10.0,0,0,1,0,0,4,0,0,0,0,0,0,0,0,1,0,0,0,0,5,2,5,2,13.5,5,1,4,13,8,0.4667,45,31,187,2198,LegalQA
SELECT,10.0,0,0,1,0,0,4,0,0,0,0,0,0,0,0,1,0,0,0,0,5,2,4,2,12.0,5,1,4,14,8,0.4884,43,32,184,2281,LegalQA
SELECT,10.0,0,1,1,0,1,2,0,0,0,0,0,0,0,0,1,0,0,0,0,4,3,3,3,13.5,4,1,2,15,8,0.4915,59,32,249,2617,LegalQA
SELECT,10.0,0,0,1,0,0,4,0,0,0,0,0,0,0,0,1,0,0,0,0,5,2,4,2,12.0,4,1,4,14,8,0.5254,59,32,220,2502,LegalQA
SELECT,8.5,0,0,1,0,0,3,0,0,0,0,0,0,0,0,1,0,0,0,0,4,2,3,2,10.5,4,1,3,13,8,0.5319,47,30,174,2208,LegalQA
SELECT,7.0,0,0,1,0,0,2,0,0,0,0,0,0,0,0,1,0,0,0,0,3,2,3,2,10.5,2,1,2,13,8,0.5306,49,29,176,2135,LegalQA
SELECT,7.0,0,0,1,0,0,2,0,0,0,0,0,0,0,0,1,0,0,0,0,3,2,3,2,10.5,3,1,2,13,8,0.4762,63,29,206,2278,LegalQA
SELECT,7.0,0,0,1,0,0,2,0,0,0,0,0,0,0,0,1,0,0,0,0,3,2,3,2,10.5,2,1,2,13,8,0.5532,47,29,170,2095,LegalQA
SELECT,10.0,0,0,1,0,0,4,0,0,0,0,0,0,0,0,1,0,0,0,0,5,2,5,2,13.5,5,1,4,13,8,0.6098,41,31,177,2242,LegalQA
SELECT,8.5,0,0,1,0,0,3,0,0,0,0,0,0,0,0,1,0,0,0,0,4,2,4,2,12.0,3,1,3,13,8,0.5094,53,30,193,2246,LegalQA
SELECT,10.0,0,0,1,0,0,4,0,0,0,0,0,0,0,0,1,0,0,0,0,5,2,4,2,12.0,4,1,4,13,8,0.4237,59,31,221,2425,LegalQA
SELECT,8.5,0,0,1,0,0,3,0,0,0,0,0,0,0,0,1,0,0,0,0,4,2,4,2,12.0,4,1,3,14,8,0.5098,51,31,195,2303,LegalQA
SELECT,7.0,0,0,1,0,0,2,0,0,0,0,0,0,0,0,1,0,0,0,0,3,2,3,2,10.5,3,1,2,13,8,0.4314,51,29,182,2273,LegalQA
SELECT,7.0,0,0,1,0,0,2,0,0,0,0,0,0,0,0,1,0,0,0,0,3,2,3,2,10.5,3,1,2,13,8,0.6,35,29,143,1894,LegalQA
SELECT,7.0,0,0,1,0,0,2,0,0,0,0,0,0,0,0,1,0,0,0,0,3,2,3,2,10.5,3,1,2,15,8,0.5143,35,31,174,2113,LegalQA
SELECT,16.0,0,0,1,0,0,2,3,0,0,0,0,0,0,0,1,0,0,0,0,6,3,3,2,12.5,3,1,2,13,8,0.5455,55,29,194,2221,LegalQA
SELECT,7.0,0,0,1,0,0,2,0,0,0,0,0,0,0,0,1,0,0,0,0,3,2,3,2,10.5,3,1,2,14,8,0.4545,55,30,182,2241,LegalQA
SELECT,7.0,0,0,1,0,0,2,0,0,0,0,0,0,0,0,1,0,0,0,0,3,2,3,2,10.5,3,1,2,13,8,0.5102,49,29,176,2146,LegalQA
SELECT,8.5,0,0,1,0,0,3,0,0,0,0,0,0,0,0,1,0,0,0,0,4,2,3,2,10.5,4,1,3,13,8,0.5405,37,30,159,2110,LegalQA
SELECT,7.0,0,0,1,0,0,2,0,0,0,0,0,0,0,0,1,0,0,0,0,3,2,3,2,10.5,2,1,2,13,8,0.5102,49,29,180,2150,LegalQA
SELECT,16.0,0,0,1,0,0,2,3,0,0,0,0,0,0,0,1,0,0,0,0,6,3,3,2,12.5,2,1,2,14,8,0.6,35,30,160,2023,LegalQA
SELECT,7.0,0,0,1,0,0,2,0,0,0,0,0,0,0,0,1,0,0,0,0,3,2,3,2,10.5,3,1,2,13,8,0.5385,39,29,153,1982,LegalQA
SELECT,10.0,0,0,1,0,0,4,0,0,0,0,0,0,0,0,1,0,0,0,0,5,2,4,2,12.0,5,1,4,13,8,0.5254,59,31,215,2414,LegalQA
SELECT,7.0,0,0,1,0,0,2,0,0,0,0,0,0,0,0,1,0,0,0,0,3,2,3,2,10.5,3,1,2,13,8,0.5581,43,29,164,2197,LegalQA
SELECT,8.5,0,0,1,0,0,3,0,0,0,0,0,0,0,0,1,0,0,0,0,4,2,4,2,12.0,4,1,3,14,8,0.5077,65,31,247,2629,LegalQA
SELECT,8.5,0,0,1,0,0,3,0,0,0,0,0,0,0,0,1,0,0,0,0,4,2,4,2,12.0,4,1,3,13,8,0.551,49,30,178,2164,LegalQA
SELECT,10.0,0,0,1,0,0,4,0,0,0,0,0,0,0,0,1,0,0,0,0,5,2,4,2,12.0,4,1,4,13,8,0.4902,51,31,200,2342,LegalQA
SELECT,8.5,0,0,1,0,0,3,0,0,0,0,0,0,0,0,1,0,0,0,0,4,2,4,2,12.0,3,1,3,13,8,0.5472,53,30,202,2332,LegalQA
SELECT,20.5,0,1,1,0,1,3,3,0,0,0,0,0,0,0,1,0,0,0,0,8,4,7,3,21.5,9,7,5,17,8,0.5068,73,39,294,3004,LegalQA
SELECT,7.0,0,0,1,0,0,2,0,0,0,0,0,0,0,0,1,0,0,0,0,3,2,3,2,10.5,2,1,2,13,8,0.5135,37,29,152,2021,LegalQA
SELECT,7.0,0,0,1,0,0,2,0,0,0,0,0,0,0,0,1,0,0,0,0,3,2,2,2,9.0,3,1,2,13,8,0.5106,47,29,169,2166,LegalQA
SELECT,8.5,0,0,1,0,0,3,0,0,0,0,0,0,0,0,1,0,0,0,0,4,2,3,2,10.5,4,1,3,13,8,0.4932,73,30,234,2557,LegalQA
SELECT,10.0,0,0,1,0,0,4,0,0,0,0,0,0,0,0,1,0,0,0,0,5,2,4,2,12.0,4,1,4,13,8,0.5306,49,31,185,2297,LegalQA
SELECT,8.5,0,0,1,0,0,3,0,0,0,0,0,0,0,0,1,0,0,0,0,4,2,4,2,12.0,4,1,3,13,8,0.4878,41,30,166,2073,LegalQA
SELECT,10.0,0,0,1,0,0,4,0,0,0,0,0,0,0,0,1,0,0,0,0,5,2,4,2,12.0,4,1,4,13,8,0.481,79,31,251,2632,LegalQA
SELECT,8.5,0,0,1,0,0,3,0,0,0,0,0,0,0,0,1,0,0,0,0,4,2,4,2,12.0,4,1,3,13,8,0.5273,55,30,193,2294,LegalQA
SELECT,7.0,0,0,1,0,0,2,0,0,0,0,0,0,0,0,1,0,0,0,0,3,2,3,2,10.5,2,1,2,14,8,0.4906,53,30,195,2210,LegalQA
SELECT,7.0,0,0,1,0,0,2,0,0,0,0,0,0,0,0,1,0,0,0,0,3,2,3,2,10.5,3,1,2,13,8,0.5128,39,29,161,2046,LegalQA
SELECT,7.0,0,0,1,0,0,2,0,0,0,0,0,0,0,0,1,0,0,0,0,3,2,3,2,10.5,3,1,2,13,8,0.4906,53,29,177,2124,LegalQA
SELECT,10.0,0,0,1,0,0,4,0,0,0,0,0,0,0,0,1,0,0,0,0,5,2,4,2,12.0,4,1,4,13,8,0.3333,87,31,272,2670,LegalQA
SELECT,7.0,0,0,1,0,0,2,0,0,0,0,0,0,0,0,1,0,0,0,0,3,2,3,2,10.5,3,1,2,13,8,0.5111,45,29,179,2105,LegalQA
SELECT,11.5,0,0,1,0,0,5,0,0,0,0,0,0,0,0,1,0,0,0,0,6,2,5,2,13.5,6,1,5,13,8,0.4237,59,32,220,2458,LegalQA
SELECT,8.5,0,0,1,0,0,3,0,0,0,0,0,0,0,0,1,0,0,0,0,4,2,4,2,12.0,4,1,3,14,8,0.5091,55,31,205,2411,LegalQA
SELECT,7.0,0,0,1,0,0,2,0,0,0,0,0,0,0,0,1,0,0,0,0,3,2,3,2,10.5,2,1,2,13,8,0.5385,39,29,158,2037,LegalQA
SELECT,7.0,0,0,1,0,0,2,0,0,0,0,0,0,0,0,1,0,0,0,0,3,2,3,2,10.5,3,1,2,13,8,0.5143,35,29,156,1997,LegalQA
SELECT,7.0,0,0,1,0,0,2,0,0,0,0,0,0,0,0,1,0,0,0,0,3,2,3,2,10.5,3,1,2,13,8,0.451,51,29,197,2278,LegalQA
SELECT,7.0,0,0,1,0,0,2,0,0,0,0,0,0,0,0,1,0,0,0,0,3,2,3,2,10.5,3,1,2,13,8,0.4884,43,29,180,2165,LegalQA
SELECT,7.0,0,0,1,0,0,2,0,0,0,0,0,0,0,0,1,0,0,0,0,3,2,3,2,10.5,3,1,2,13,8,0.4889,45,29,171,2062,LegalQA
SELECT,8.5,0,0,1,0,0,3,0,0,0,0,0,0,0,0,1,0,0,0,0,4,2,4,2,12.0,4,1,3,13,8,0.5641,39,30,166,2083,LegalQA
SELECT,7.0,0,0,1,0,0,2,0,0,0,0,0,0,0,0,1,0,0,0,0,3,2,3,2,10.5,3,1,2,12,7,0.5283,53,27,170,2129,LegalQA
SELECT,7.0,0,0,1,0,0,2,0,0,0,0,0,0,0,0,1,0,0,0,0,3,2,3,2,10.5,3,1,2,14,8,0.5319,47,30,184,2240,LegalQA
SELECT,8.5,0,0,1,0,0,3,0,0,0,0,0,0,0,0,1,0,0,0,0,4,2,4,2,12.0,4,1,3,13,8,0.5088,57,30,202,2346,LegalQA
SELECT,7.0,0,0,1,0,0,2,0,0,0,0,0,0,0,0,1,0,0,0,0,3,2,3,2,10.5,3,1,2,12,8,0.5111,45,28,152,2047,LegalQA
SELECT,8.5,0,0,1,0,0,3,0,0,0,0,0,0,0,0,1,0,0,0,0,4,2,4,2,12.0,4,1,3,13,8,0.5116,43,30,170,2117,LegalQA
SELECT,8.5,0,0,1,0,0,3,0,0,0,0,0,0,0,0,1,0,0,0,0,4,2,4,2,12.0,4,1,3,14,8,0.5778,45,31,200,2278,LegalQA
SELECT,8.5,0,0,1,0,0,3,0,0,0,0,0,0,0,0,1,0,0,0,0,4,2,4,2,12.0,4,1,3,12,8,0.451,51,29,175,2203,LegalQA
SELECT,7.0,0,0,1,0,0,2,0,0,0,0,0,0,0,0,1,0,0,0,0,3,2,3,2,10.5,2,1,2,13,8,0.451,51,29,186,2217,LegalQA
SELECT,8.5,0,0,1,0,0,3,0,0,0,0,0,0,0,0,1,0,0,0,0,4,2,4,2,12.0,4,1,3,14,8,0.5091,55,31,205,2411,LegalQA
SELECT,8.5,0,0,1,0,0,3,0,0,0,0,0,0,0,0,1,0,0,0,0,4,2,3,2,10.5,4,1,3,12,8,0.6,35,29,156,2075,LegalQA
SELECT,8.5,0,0,1,0,0,3,0,0,0,0,0,0,0,0,1,0,0,0,0,4,2,3,2,10.5,4,1,3,14,8,0.5641,39,31,175,2178,LegalQA
SELECT,7.0,0,0,1,0,0,2,0,0,0,0,0,0,0,0,1,0,0,0,0,3,2,3,2,10.5,3,1,2,13,8,0.5778,45,29,166,2117,LegalQA
SELECT,8.5,0,0,1,0,0,3,0,0,0,0,0,0,0,0,1,0,0,0,0,4,2,4,2,12.0,4,1,3,13,8,0.5581,43,30,172,2142,LegalQA
SELECT,7.0,0,0,1,0,0,2,0,0,0,0,0,0,0,0,1,0,0,0,0,3,2,3,2,10.5,2,1,2,13,8,0.5319,47,29,168,2068,LegalQA
SELECT,8.5,0,0,1,0,0,3,0,0,0,0,0,0,0,0,1,0,0,0,0,4,2,3,2,10.5,4,1,3,13,8,0.4308,65,30,225,2450,LegalQA
SELECT,10.0,0,0,1,0,0,4,0,0,0,0,0,0,0,0,1,0,0,0,0,5,2,4,2,12.0,4,1,4,13,8,0.5366,41,31,179,2241,LegalQA
SELECT,8.5,0,0,1,0,0,3,0,0,0,0,0,0,0,0,1,0,0,0,0,4,2,3,2,10.5,4,1,3,13,8,0.551,49,30,180,2224,LegalQA
SELECT,8.5,0,0,1,0,0,3,0,0,0,0,0,0,0,0,1,0,0,0,0,4,2,3,2,10.5,4,1,3,13,8,0.5556,45,30,174,2152,LegalQA
SELECT,10.0,0,0,1,0,0,4,0,0,0,0,0,0,0,0,1,0,0,0,0,5,2,5,2,13.5,5,1,4,13,8,0.4615,65,31,237,2592,LegalQA
SELECT,7.0,0,0,1,0,0,2,0,0,0,0,0,0,0,0,1,0,0,0,0,3,2,3,2,10.5,3,1,2,13,8,0.5333,45,29,161,1999,LegalQA
SELECT,10.0,0,0,1,0,0,4,0,0,0,0,0,0,0,0,1,0,0,0,0,5,2,4,2,12.0,5,1,4,13,8,0.4762,63,31,218,2446,LegalQA
SELECT,8.5,0,0,1,0,0,3,0,0,0,0,0,0,0,0,1,0,0,0,0,4,2,3,2,10.5,4,1,3,13,8,0.4746,59,30,205,2357,LegalQA
SELECT,10.0,0,0,1,0,0,4,0,0,0,0,0,0,0,0,1,0,0,0,0,5,2,5,2,13.5,5,1,4,13,8,0.5897,39,31,171,2225,LegalQA
SELECT,8.5,0,0,1,0,0,3,0,0,0,0,0,0,0,0,1,0,0,0,0,4,2,4,2,12.0,4,1,3,13,8,0.5254,59,30,211,2396,LegalQA
SELECT,7.0,0,0,1,0,0,2,0,0,0,0,0,0,0,0,1,0,0,0,0,3,2,3,2,10.5,3,1,2,13,8,0.6061,33,29,143,1981,LegalQA
SELECT,10.0,0,0,1,0,0,4,0,0,0,0,0,0,0,0,1,0,0,0,0,5,2,4,2,12.0,4,1,4,13,8,0.5102,49,31,191,2273,LegalQA
SELECT,7.0,0,0,1,0,0,2,0,0,0,0,0,0,0,0,1,0,0,0,0,3,2,3,2,10.5,2,1,2,14,8,0.5116,43,30,173,2136,LegalQA
SELECT,7.0,0,0,1,0,0,2,0,0,0,0,0,0,0,0,1,0,0,0,0,3,2,3,2,10.5,3,1,2,14,8,0.4906,53,30,198,2328,LegalQA
SELECT,8.5,0,0,1,0,0,3,0,0,0,0,0,0,0,0,1,0,0,0,0,4,2,4,2,12.0,4,1,3,13,8,0.459,61,30,208,2316,LegalQA
SELECT,7.0,0,0,1,0,0,2,0,0,0,0,0,0,0,0,1,0,0,0,0,3,2,3,2,10.5,3,1,2,14,8,0.5319,47,30,199,2224,LegalQA
SELECT,10.0,0,0,1,0,0,4,0,0,0,0,0,0,0,0,1,0,0,0,0,5,2,4,2,12.0,5,1,4,12,7,0.4386,57,29,185,2226,LegalQA
SELECT,7.0,0,0,1,0,0,2,0,0,0,0,0,0,0,0,1,0,0,0,0,3,2,3,2,10.5,2,1,2,13,8,0.5556,45,29,170,2103,LegalQA
SELECT,7.0,0,0,1,0,0,2,0,0,0,0,0,0,0,0,1,0,0,0,0,3,2,3,2,10.5,3,1,2,13,8,0.5319,47,29,173,2133,LegalQA
SELECT,8.5,0,0,1,0,0,3,0,0,0,0,0,0,0,0,1,0,0,0,0,4,2,4,2,12.0,4,1,3,12,8,0.459,61,29,251,2563,LegalQA
SELECT,7.0,0,0,1,0,0,2,0,0,0,0,0,0,0,0,1,0,0,0,0,3,2,3,2,10.5,3,1,2,13,8,0.4,65,29,218,2353,LegalQA
SELECT,10.0,0,0,1,0,0,4,0,0,0,0,0,0,0,0,1,0,0,0,0,5,2,4,2,12.0,4,1,4,12,8,0.5641,39,30,162,2132,LegalQA
SELECT,7.0,0,0,1,0,0,2,0,0,0,0,0,0,0,0,1,0,0,0,0,3,2,3,2,10.5,2,1,2,16,8,0.5273,55,29,176,2188,LegalQA
SELECT,7.0,0,0,1,0,0,2,0,0,0,0,0,0,0,0,1,0,0,0,0,3,2,3,2,10.5,3,1,2,13,8,0.5862,29,29,140,1913,LegalQA
SELECT,8.5,0,0,1,0,0,3,0,0,0,0,0,0,0,0,1,0,0,0,0,4,2,4,2,12.0,3,1,3,13,8,0.5102,49,30,181,2221,LegalQA
SELECT,10.0,0,0,1,0,0,4,0,0,0,0,0,0,0,0,1,0,0,0,0,5,2,5,2,13.5,5,1,4,13,8,0.5106,47,31,193,2280,LegalQA
SELECT,10.0,0,0,1,0,0,4,0,0,0,0,0,0,0,0,1,0,0,0,0,5,2,4,2,12.0,4,1,4,12,8,0.4561,57,30,200,2383,LegalQA
SELECT,8.5,0,0,1,0,0,3,0,0,0,0,0,0,0,0,1,0,0,0,0,4,2,4,2,12.0,4,1,3,13,8,0.5116,43,30,172,2113,LegalQA
SELECT,7.0,0,0,1,0,0,2,0,0,0,0,0,0,0,0,1,0,0,0,0,3,2,3,2,10.5,3,1,2,13,8,0.5111,45,29,167,2074,LegalQA
SELECT,7.0,0,0,1,0,0,2,0,0,0,0,0,0,0,0,1,0,0,0,0,3,2,3,2,10.5,3,1,2,13,8,0.5116,43,29,162,2051,LegalQA
SELECT,10.0,0,0,1,0,0,4,0,0,0,0,0,0,0,0,1,0,0,0,0,5,2,5,2,13.5,5,1,4,13,8,0.5294,51,31,189,2311,LegalQA
SELECT,10.0,0,0,1,0,0,4,0,0,0,0,0,0,0,0,1,0,0,0,0,5,2,5,2,13.5,5,1,4,13,8,0.5111,45,31,179,2241,LegalQA
SELECT,7.0,0,0,1,0,0,2,0,0,0,0,0,0,0,0,1,0,0,0,0,3,2,3,2,10.5,3,1,2,13,8,0.5128,39,29,161,2072,LegalQA
SELECT,10.0,0,0,1,0,0,4,0,0,0,0,0,0,0,0,1,0,0,0,0,5,2,4,2,12.0,4,1,4,13,8,0.551,49,31,197,2275,LegalQA
SELECT,7.0,0,0,1,0,0,2,0,0,0,0,0,0,0,0,1,0,0,0,0,3,2,3,2,10.5,2,1,2,16,8,0.4615,65,29,218,2296,LegalQA
SELECT,7.0,0,0,1,0,0,2,0,0,0,0,0,0,0,0,1,0,0,0,0,3,2,3,2,10.5,3,1,2,14,8,0.4789,71,30,232,2504,LegalQA
SELECT,5.5,0,0,1,0,0,1,0,0,0,0,0,0,0,0,1,0,0,0,0,2,2,2,2,9.0,2,1,1,13,8,0.5366,41,28,157,1985,LegalQA
SELECT,7.0,0,0,1,0,0,2,0,0,0,0,0,0,0,0,1,0,0,0,0,3,2,3,2,10.5,2,1,2,13,8,0.4902,51,29,173,2116,LegalQA
SELECT,7.0,0,0,1,0,0,2,0,0,0,0,0,0,0,0,1,0,0,0,0,3,2,3,2,10.5,3,1,2,13,7,0.4694,49,28,163,2153,LegalQA
SELECT,7.0,0,0,1,0,0,2,0,0,0,0,0,0,0,0,1,0,0,0,0,3,2,3,2,10.5,3,1,2,13,8,0.5405,37,29,152,1996,LegalQA
SELECT,10.0,0,0,1,0,0,4,0,0,0,0,0,0,0,0,1,0,0,0,0,5,2,4,2,12.0,5,1,4,13,8,0.5333,45,31,179,2220,LegalQA
SELECT,8.5,0,0,1,0,0,3,0,0,0,0,0,0,0,0,1,0,0,0,0,4,2,4,2,12.0,4,1,3,12,8,0.5283,53,29,191,2247,LegalQA
SELECT,7.0,0,0,1,0,0,2,0,0,0,0,0,0,0,0,1,0,0,0,0,3,2,3,2,10.5,3,1,2,13,8,0.4902,51,29,185,2194,LegalQA
SELECT,8.5,0,0,1,0,0,3,0,0,0,0,0,0,0,0,1,0,0,0,0,4,2,4,2,12.0,4,1,3,13,8,0.5091,55,30,197,2289,LegalQA
SELECT,8.5,0,0,1,0,0,3,0,0,0,0,0,0,0,0,1,0,0,0,0,4,2,4,2,12.0,4,1,3,13,8,0.4915,59,30,208,2361,LegalQA
SELECT,7.0,0,0,1,0,0,2,0,0,0,0,0,0,0,0,1,0,0,0,0,3,2,3,2,10.5,3,1,2,13,8,0.5641,39,29,158,2016,LegalQA
SELECT,8.5,0,0,1,0,0,3,0,0,0,0,0,0,0,0,1,0,0,0,0,4,2,4,2,12.0,4,1,3,12,8,0.5778,45,29,163,2146,LegalQA
SELECT,8.5,0,0,1,0,0,3,0,0,0,0,0,0,0,0,1,0,0,0,0,4,2,3,2,10.5,3,1,3,13,8,0.5306,49,30,180,2254,LegalQA
SELECT,10.0,0,0,1,0,0,4,0,0,0,0,0,0,0,0,1,0,0,0,0,5,2,4,2,12.0,5,1,4,13,8,0.5349,43,31,179,2293,LegalQA
SELECT,8.5,0,0,1,0,0,3,0,0,0,0,0,0,0,0,1,0,0,0,0,4,2,4,2,12.0,3,1,3,14,8,0.5263,57,31,208,2404,LegalQA
SELECT,8.5,0,0,1,0,0,3,0,0,0,0,0,0,0,0,1,0,0,0,0,4,2,4,2,12.0,4,1,3,14,8,0.5385,39,31,180,2189,LegalQA
SELECT,10.0,0,0,1,0,0,4,0,0,0,0,0,0,0,0,1,0,0,0,0,5,2,4,2,12.0,5,1,4,13,8,0.5385,65,31,233,2517,LegalQA
SELECT,8.5,0,0,1,0,0,3,0,0,0,0,0,0,0,0,1,0,0,0,0,4,2,4,2,12.0,4,1,3,14,8,0.5102,49,31,190,2276,LegalQA
SELECT,10.0,0,0,1,0,0,4,0,0,0,0,0,0,0,0,1,0,0,0,0,5,2,4,2,12.0,5,1,4,14,7,0.4426,61,31,235,2630,LegalQA
SELECT,10.0,0,0,1,0,0,4,0,0,0,0,0,0,0,0,1,0,0,0,0,5,2,5,2,13.5,5,1,4,13,8,0.5079,63,31,216,2471,LegalQA
SELECT,7.0,0,0,1,0,0,2,0,0,0,0,0,0,0,0,1,0,0,0,0,3,2,3,2,10.5,3,1,2,15,8,0.5366,41,28,158,1997,LegalQA
SELECT,8.5,0,0,1,0,0,3,0,0,0,0,0,0,0,0,1,0,0,0,0,4,2,4,2,12.0,4,1,3,13,8,0.5094,53,30,184,2227,LegalQA
SELECT,7.0,0,0,1,0,0,2,0,0,0,0,0,0,0,0,1,0,0,0,0,3,2,3,2,10.5,3,1,2,12,7,0.4918,61,27,173,2185,LegalQA
SELECT,8.5,0,0,1,0,0,3,0,0,0,0,0,0,0,0,1,0,0,0,0,4,2,4,2,12.0,4,1,3,14,8,0.4921,63,31,236,2467,LegalQA
SELECT,10.0,0,1,1,0,1,2,0,0,0,0,0,0,0,0,1,0,0,0,0,4,3,3,3,13.5,4,1,2,13,8,0.5283,53,30,191,2281,LegalQA
SELECT,10.0,0,0,1,0,0,4,0,0,0,0,0,0,0,0,1,0,0,0,0,5,2,4,2,12.0,4,1,4,13,8,0.5556,45,31,188,2297,LegalQA
SELECT,8.5,0,0,1,0,0,3,0,0,0,0,0,0,0,0,1,0,0,0,0,4,2,4,2,12.0,3,1,3,13,8,0.5306,49,30,181,2207,LegalQA
SELECT,7.0,0,0,1,0,0,2,0,0,0,0,0,0,0,0,1,0,0,0,0,3,2,3,2,10.5,2,1,2,14,8,0.5532,47,30,181,2244,LegalQA
SELECT,7.0,0,0,1,0,0,2,0,0,0,0,0,0,0,0,1,0,0,0,0,3,2,3,2,10.5,3,1,2,13,8,0.4364,55,29,195,2201,LegalQA
SELECT,10.0,0,0,1,0,0,4,0,0,0,0,0,0,0,0,1,0,0,0,0,5,2,4,2,12.0,5,1,4,12,8,0.5366,41,30,161,2116,LegalQA
SELECT,7.0,0,0,1,0,0,2,0,0,0,0,0,0,0,0,1,0,0,0,0,3,2,3,2,10.5,3,1,2,14,8,0.4909,55,30,209,2318,LegalQA
SELECT,10.0,0,0,1,0,0,4,0,0,0,0,0,0,0,0,1,0,0,0,0,5,2,4,2,12.0,4,1,4,13,8,0.5385,39,31,179,2205,LegalQA
SELECT,7.0,0,0,1,0,0,2,0,0,0,0,0,0,0,0,1,0,0,0,0,3,2,3,2,10.5,2,1,2,13,8,0.5405,37,29,152,2016,LegalQA
SELECT,7.0,0,0,1,0,0,2,0,0,0,0,0,0,0,0,1,0,0,0,0,3,2,3,2,10.5,3,1,2,14,8,0.5085,59,30,220,2437,LegalQA
SELECT,17.5,0,0,1,0,0,3,3,0,0,0,0,0,0,0,1,0,0,0,0,7,3,4,2,14.0,4,1,3,15,8,0.5333,45,32,209,2371,LegalQA
SELECT,7.0,0,0,1,0,0,2,0,0,0,0,0,0,0,0,1,0,0,0,0,3,2,3,2,10.5,3,1,2,12,7,0.4603,63,27,182,2181,LegalQA
SELECT,7.0,0,0,1,0,0,2,0,0,0,0,0,0,0,0,1,0,0,0,0,3,2,3,2,10.5,3,1,2,13,8,0.4884,43,29,168,2113,LegalQA
SELECT,8.5,0,0,1,0,0,3,0,0,0,0,0,0,0,0,1,0,0,0,0,4,2,4,2,12.0,3,1,3,13,8,0.5254,59,30,199,2321,LegalQA
SELECT,10.0,0,0,1,0,0,4,0,0,0,0,0,0,0,0,1,0,0,0,0,5,2,4,2,12.0,4,1,4,14,8,0.5397,63,32,232,2605,LegalQA
SELECT,10.0,0,0,1,0,0,4,0,0,0,0,0,0,0,0,1,0,0,0,0,5,2,4,2,12.0,5,1,4,13,7,0.5532,47,30,177,2300,LegalQA
SELECT,7.0,0,0,1,0,0,2,0,0,0,0,0,0,0,0,1,0,0,0,0,3,2,3,2,10.5,3,1,2,13,8,0.4074,81,29,263,2913,LegalQA
SELECT,10.0,0,0,1,0,0,4,0,0,0,0,0,0,0,0,1,0,0,0,0,5,2,4,2,12.0,5,1,4,12,8,0.4032,62,30,211,2464,LegalQA
SELECT,7.0,0,0,1,0,0,2,0,0,0,0,0,0,0,0,1,0,0,0,0,3,2,3,2,10.5,2,1,2,14,8,0.5814,43,30,166,2108,LegalQA
SELECT,8.5,0,0,1,0,0,3,0,0,0,0,0,0,0,0,1,0,0,0,0,4,2,4,2,12.0,4,1,3,14,8,0.5333,45,31,189,2231,LegalQA
SELECT,10.0,0,0,1,0,0,4,0,0,0,0,0,0,0,0,1,0,0,0,0,5,2,4,2,12.0,4,1,4,13,8,0.5405,37,31,173,2210,LegalQA
SELECT,8.5,0,0,1,0,0,3,0,0,0,0,0,0,0,0,1,0,0,0,0,4,2,4,2,12.0,4,1,3,14,8,0.5116,43,31,181,2191,LegalQA
SELECT,7.0,0,0,1,0,0,2,0,0,0,0,0,0,0,0,1,0,0,0,0,3,2,3,2,10.5,3,1,2,13,8,0.5106,47,29,171,2111,LegalQA
SELECT,7.0,0,0,1,0,0,2,0,0,0,0,0,0,0,0,1,0,0,0,0,3,2,3,2,10.5,2,1,2,13,8,0.5116,43,29,158,2044,LegalQA
SELECT,8.5,0,0,1,0,0,3,0,0,0,0,0,0,0,0,1,0,0,0,0,4,2,4,2,12.0,4,1,3,13,8,0.5556,45,30,178,2135,LegalQA
SELECT,13.0,0,1,1,0,1,4,0,0,0,0,0,0,0,0,1,0,0,0,0,6,3,4,3,15.0,5,1,4,13,8,0.5556,45,32,203,2362,LegalQA
SELECT,10.0,0,0,1,0,0,4,0,0,0,0,0,0,0,0,1,0,0,0,0,5,2,4,2,12.0,5,1,4,13,8,0.6,45,31,185,2276,LegalQA
SELECT,16.0,0,0,1,0,0,2,3,0,0,0,0,0,0,0,1,0,0,0,0,6,3,3,2,12.5,2,1,2,13,8,0.5306,49,29,179,2149,LegalQA
SELECT,7.0,0,0,1,0,0,2,0,0,0,0,0,0,0,0,1,0,0,0,0,3,2,3,2,10.5,3,1,2,13,8,0.5366,41,29,164,2063,LegalQA
SELECT,7.0,0,0,1,0,0,2,0,0,0,0,0,0,0,0,1,0,0,0,0,3,2,3,2,10.5,3,1,2,13,8,0.4754,61,29,212,2341,LegalQA
SELECT,7.0,0,0,1,0,0,2,0,0,0,0,0,0,0,0,1,0,0,0,0,3,2,3,2,10.5,3,1,2,13,8,0.5581,43,29,173,2119,LegalQA
SELECT,8.5,0,0,1,0,0,3,0,0,0,0,0,0,0,0,1,0,0,0,0,4,2,3,2,10.5,3,1,3,13,8,0.5283,53,30,198,2346,LegalQA
SELECT,7.0,0,0,1,0,0,2,0,0,0,0,0,0,0,0,1,0,0,0,0,3,2,3,2,10.5,3,1,2,13,8,0.5319,47,29,170,2110,LegalQA
SELECT,10.0,0,0,1,0,0,4,0,0,0,0,0,0,0,0,1,0,0,0,0,5,2,5,2,13.5,4,1,4,13,8,0.5641,39,31,171,2225,LegalQA
SELECT,8.5,0,0,1,0,0,3,0,0,0,0,0,0,0,0,1,0,0,0,0,4,2,3,2,10.5,3,1,3,13,8,0.5641,39,30,162,2133,LegalQA
SELECT,7.0,0,0,1,0,0,2,0,0,0,0,0,0,0,0,1,0,0,0,0,3,2,2,2,9.0,3,1,2,13,8,0.5098,51,29,184,2176,LegalQA
SELECT,7.0,0,0,1,0,0,2,0,0,0,0,0,0,0,0,1,0,0,0,0,3,2,3,2,10.5,3,1,2,13,8,0.5333,45,29,171,2109,LegalQA
SELECT,7.0,0,0,1,0,0,2,0,0,0,0,0,0,0,0,1,0,0,0,0,3,2,3,2,10.5,2,1,2,14,8,0.5641,39,30,162,2086,LegalQA
SELECT,10.0,0,0,1,0,0,4,0,0,0,0,0,0,0,0,1,0,0,0,0,5,2,4,2,12.0,5,1,4,13,7,0.5088,57,30,205,2481,LegalQA
SELECT,7.0,0,0,1,0,0,2,0,0,0,0,0,0,0,0,1,0,0,0,0,3,2,3,2,10.5,3,1,2,13,7,0.6154,39,28,158,2082,LegalQA
SELECT,8.5,0,0,1,0,0,3,0,0,0,0,0,0,0,0,1,0,0,0,0,4,2,3,2,10.5,3,1,3,13,8,0.4706,51,30,192,2299,LegalQA
SELECT,8.5,0,0,1,0,0,3,0,0,0,0,0,0,0,0,1,0,0,0,0,4,2,4,2,12.0,3,1,3,15,8,0.4493,69,32,264,2751,LegalQA
SELECT,8.5,0,0,1,0,0,3,0,0,0,0,0,0,0,0,1,0,0,0,0,4,2,4,2,12.0,3,1,3,13,8,0.5283,53,30,187,2245,LegalQA
SELECT,10.0,0,0,1,0,0,4,0,0,0,0,0,0,0,0,1,0,0,0,0,5,2,4,2,12.0,4,1,4,13,8,0.6061,33,31,164,2147,LegalQA
SELECT,7.0,0,0,1,0,0,2,0,0,0,0,0,0,0,0,1,0,0,0,0,3,2,3,2,10.5,3,1,2,12,8,0.4865,37,28,144,1972,LegalQA
SELECT,7.0,0,0,1,0,0,2,0,0,0,0,0,0,0,0,1,0,0,0,0,3,2,3,2,10.5,2,1,2,13,8,0.5405,37,29,170,2025,LegalQA
SELECT,7.0,0,0,1,0,0,2,0,0,0,0,0,0,0,0,1,0,0,0,0,3,2,3,2,10.5,2,1,2,13,8,0.5581,43,29,167,2067,LegalQA
SELECT,7.0,0,0,1,0,0,2,0,0,0,0,0,0,0,0,1,0,0,0,0,3,2,3,2,10.5,3,1,2,14,8,0.5641,39,30,179,2141,LegalQA
SELECT,7.0,0,0,1,0,0,2,0,0,0,0,0,0,0,0,1,0,0,0,0,3,2,3,2,10.5,3,1,2,13,8,0.5405,37,29,155,2016,LegalQA
SELECT,10.0,0,0,1,0,0,4,0,0,0,0,0,0,0,0,1,0,0,0,0,5,2,4,2,12.0,5,1,4,13,8,0.5111,45,31,197,2361,LegalQA
SELECT,7.0,0,0,1,0,0,2,0,0,0,0,0,0,0,0,1,0,0,0,0,3,2,3,2,10.5,3,1,2,13,8,0.4737,57,29,182,2235,LegalQA
SELECT,10.0,0,0,1,0,0,4,0,0,0,0,0,0,0,0,1,0,0,0,0,5,2,4,2,12.0,5,1,4,13,8,0.5161,31,31,164,2136,LegalQA
SELECT,10.0,0,0,1,0,0,4,0,0,0,0,0,0,0,0,1,0,0,0,0,5,2,4,2,12.0,4,1,4,13,8,0.5714,35,31,167,2133,LegalQA
SELECT,7.0,0,0,1,0,0,2,0,0,0,0,0,0,0,0,1,0,0,0,0,3,2,3,2,10.5,3,1,2,13,8,0.4576,59,29,209,2335,LegalQA
SELECT,7.0,0,0,1,0,0,2,0,0,0,0,0,0,0,0,1,0,0,0,0,3,2,3,2,10.5,3,1,2,12,7,0.5116,43,27,146,1979,LegalQA
SELECT,7.0,0,0,1,0,0,2,0,0,0,0,0,0,0,0,1,0,0,0,0,3,2,3,2,10.5,3,1,2,14,7,0.4878,41,29,162,2204,LegalQA
SELECT,8.5,0,0,1,0,0,3,0,0,0,0,0,0,0,0,1,0,0,0,0,4,2,4,2,12.0,4,1,3,13,8,0.6061,33,30,154,2035,LegalQA
SELECT,8.5,0,0,1,0,0,3,0,0,0,0,0,0,0,0,1,0,0,0,0,4,2,4,2,12.0,4,1,3,14,8,0.5091,55,31,207,2428,LegalQA
SELECT,7.0,0,0,1,0,0,2,0,0,0,0,0,0,0,0,1,0,0,0,0,3,2,3,2,10.5,3,1,2,13,8,0.6364,33,29,134,1961,LegalQA
SELECT,7.0,0,0,1,0,0,2,0,0,0,0,0,0,0,0,1,0,0,0,0,3,2,3,2,10.5,3,1,2,14,7,0.4865,37,29,165,2120,LegalQA
SELECT,7.0,0,0,1,0,0,2,0,0,0,0,0,0,0,0,1,0,0,0,0,3,2,3,2,10.5,3,1,2,13,8,0.4222,45,29,171,2059,LegalQA
SELECT,10.0,0,0,1,0,0,4,0,0,0,0,0,0,0,0,1,0,0,0,0,5,2,5,2,13.5,5,1,4,13,8,0.5128,39,31,172,2177,LegalQA
SELECT,10.0,0,0,1,0,0,4,0,0,0,0,0,0,0,0,1,0,0,0,0,5,2,4,2,12.0,5,1,4,14,7,0.5424,59,31,206,2501,LegalQA
SELECT,10.0,0,0,1,0,0,4,0,0,0,0,0,0,0,0,1,0,0,0,0,5,2,5,2,13.5,5,1,4,14,8,0.5306,49,32,203,2383,LegalQA
SELECT,8.5,0,0,1,0,0,3,0,0,0,0,0,0,0,0,1,0,0,0,0,4,2,4,2,12.0,4,1,3,16,8,0.5094,53,30,191,2293,LegalQA
SELECT,10.0,0,0,1,0,0,4,0,0,0,0,0,0,0,0,1,0,0,0,0,5,2,4,2,12.0,4,1,4,13,8,0.4366,71,31,233,2518,LegalQA
SELECT,7.0,0,0,1,0,0,2,0,0,0,0,0,0,0,0,1,0,0,0,0,3,2,3,2,10.5,2,1,2,13,8,0.5333,45,29,173,2070,LegalQA
SELECT,8.5,0,0,1,0,0,3,0,0,0,0,0,0,0,0,1,0,0,0,0,4,2,4,2,12.0,4,1,3,14,7,0.5102,49,30,179,2335,LegalQA
SELECT,8.5,0,0,1,0,0,3,0,0,0,0,0,0,0,0,1,0,0,0,0,4,2,4,2,12.0,4,1,3,15,8,0.4737,76,29,222,2557,LegalQA
SELECT,10.0,0,0,1,0,0,4,0,0,0,0,0,0,0,0,1,0,0,0,0,5,2,4,2,12.0,5,1,4,13,8,0.4762,63,31,215,2423,LegalQA
SELECT,8.5,0,0,1,0,0,3,0,0,0,0,0,0,0,0,1,0,0,0,0,4,2,4,2,12.0,4,1,3,13,8,0.5581,43,30,169,2127,LegalQA
SELECT,5.5,0,0,1,0,0,1,0,0,0,0,0,0,0,0,1,0,0,0,0,2,2,2,2,9.0,2,1,1,13,8,0.5676,37,28,141,1857,LegalQA
SELECT,7.0,0,0,1,0,0,2,0,0,0,0,0,0,0,0,1,0,0,0,0,3,2,3,2,10.5,3,1,2,13,8,0.5897,39,29,155,2062,LegalQA
SELECT,8.5,0,0,1,0,0,3,0,0,0,0,0,0,0,0,1,0,0,0,0,4,2,4,2,12.0,4,1,3,13,8,0.5098,51,30,197,2266,LegalQA
SELECT,7.0,0,0,1,0,0,2,0,0,0,0,0,0,0,0,1,0,0,0,0,3,2,3,2,10.5,3,1,2,16,8,0.5745,47,29,173,2071,LegalQA
SELECT,7.0,0,0,1,0,0,2,0,0,0,0,0,0,0,0,1,0,0,0,0,3,2,3,2,10.5,3,1,2,13,8,0.4746,59,29,203,2243,LegalQA
SELECT,7.0,0,0,1,0,0,2,0,0,0,0,0,0,0,0,1,0,0,0,0,3,2,3,2,10.5,3,1,2,13,8,0.5758,33,29,137,1997,LegalQA
SELECT,8.5,0,0,1,0,0,3,0,0,0,0,0,0,0,0,1,0,0,0,0,4,2,3,2,10.5,4,1,3,13,8,0.5283,53,30,195,2379,LegalQA
SELECT,7.0,0,0,1,0,0,2,0,0,0,0,0,0,0,0,1,0,0,0,0,3,2,3,2,10.5,3,1,2,13,8,0.5806,31,29,140,1878,LegalQA
SELECT,17.5,0,0,1,0,0,3,3,0,0,0,0,0,0,0,1,0,0,0,0,7,3,4,2,14.0,4,1,3,15,8,0.5231,65,32,233,2545,LegalQA
SELECT,7.0,0,0,1,0,0,2,0,0,0,0,0,0,0,0,1,0,0,0,0,3,2,3,2,10.5,3,1,2,12,8,0.5283,53,28,171,2093,LegalQA
SELECT,10.0,0,0,1,0,0,4,0,0,0,0,0,0,0,0,1,0,0,0,0,5,2,4,2,12.0,5,1,4,12,8,0.5455,55,30,179,2305,LegalQA
SELECT,10.0,0,0,1,0,0,4,0,0,0,0,0,0,0,0,1,0,0,0,0,5,2,4,2,12.0,5,1,4,14,7,0.4915,59,31,208,2463,LegalQA
SELECT,10.0,0,0,1,0,0,4,0,0,0,0,0,0,0,0,1,0,0,0,0,5,2,4,2,12.0,5,1,4,13,8,0.5429,35,31,170,2128,LegalQA
SELECT,10.0,0,0,1,0,0,4,0,0,0,0,0,0,0,0,1,0,0,0,0,5,2,4,2,12.0,4,1,4,15,8,0.5,52,30,193,2378,LegalQA
SELECT,8.5,0,0,1,0,0,3,0,0,0,0,0,0,0,0,1,0,0,0,0,4,2,4,2,12.0,3,1,3,13,8,0.4746,59,30,202,2349,LegalQA
SELECT,8.5,0,0,1,0,0,3,0,0,0,0,0,0,0,0,1,0,0,0,0,4,2,4,2,12.0,4,1,3,17,8,0.4615,39,31,163,2224,LegalQA
SELECT,7.0,0,0,1,0,0,2,0,0,0,0,0,0,0,0,1,0,0,0,0,3,2,3,2,10.5,2,1,2,13,8,0.4706,51,29,185,2100,LegalQA
SELECT,7.0,0,0,1,0,0,2,0,0,0,0,0,0,0,0,1,0,0,0,0,3,2,3,2,10.5,3,1,2,13,8,0.5128,39,29,152,2002,LegalQA
SELECT,8.5,0,0,1,0,0,3,0,0,0,0,0,0,0,0,1,0,0,0,0,4,2,4,2,12.0,4,1,3,13,8,0.4889,45,30,185,2286,LegalQA
SELECT,7.0,0,0,1,0,0,2,0,0,0,0,0,0,0,0,1,0,0,0,0,3,2,3,2,10.5,3,1,2,13,7,0.6098,41,28,154,2088,LegalQA
SELECT,10.0,0,0,1,0,0,4,0,0,0,0,0,0,0,0,1,0,0,0,0,5,2,4,2,12.0,5,1,4,14,7,0.4717,53,31,207,2492,LegalQA
SELECT,8.5,0,0,1,0,0,3,0,0,0,0,0,0,0,0,1,0,0,0,0,4,2,4,2,12.0,4,1,3,13,8,0.5294,51,30,184,2251,LegalQA
SELECT,8.5,0,0,1,0,0,3,0,0,0,0,0,0,0,0,1,0,0,0,0,4,2,3,2,10.5,4,1,3,13,8,0.5556,45,30,189,2245,LegalQA
SELECT,11.5,0,0,1,0,0,5,0,0,0,0,0,0,0,0,1,0,0,0,0,6,2,5,2,13.5,6,1,5,13,8,0.5079,63,32,220,2496,LegalQA
SELECT,7.0,0,0,1,0,0,2,0,0,0,0,0,0,0,0,1,0,0,0,0,3,2,3,2,10.5,3,1,2,13,8,0.5532,47,29,170,2129,LegalQA
SELECT,7.0,0,0,1,0,0,2,0,0,0,0,0,0,0,0,1,0,0,0,0,3,2,3,2,10.5,2,1,2,14,8,0.5556,45,30,174,2129,LegalQA
SELECT,8.5,0,0,1,0,0,3,0,0,0,0,0,0,0,0,1,0,0,0,0,4,2,4,2,12.0,4,1,3,13,8,0.4737,57,30,202,2316,LegalQA
SELECT,8.5,0,0,1,0,0,3,0,0,0,0,0,0,0,0,1,0,0,0,0,4,2,4,2,12.0,3,1,3,13,8,0.5246,61,30,202,2420,LegalQA
SELECT,7.0,0,0,1,0,0,2,0,0,0,0,0,0,0,0,1,0,0,0,0,3,2,3,2,10.5,3,1,2,13,8,0.5116,43,29,162,2027,LegalQA
SELECT,8.5,0,0,1,0,0,3,0,0,0,0,0,0,0,0,1,0,0,0,0,4,2,4,2,12.0,3,1,3,14,8,0.4923,65,31,251,2661,LegalQA
SELECT,7.0,0,0,1,0,0,2,0,0,0,0,0,0,0,0,1,0,0,0,0,3,2,2,2,9.0,3,1,2,13,8,0.4921,63,29,196,2293,LegalQA
SELECT,7.0,0,0,1,0,0,2,0,0,0,0,0,0,0,0,1,0,0,0,0,3,2,3,2,10.5,2,1,2,15,8,0.5556,45,31,202,2283,LegalQA
SELECT,7.0,0,0,1,0,0,2,0,0,0,0,0,0,0,0,1,0,0,0,0,3,2,3,2,10.5,3,1,2,13,8,0.5294,51,29,191,2232,LegalQA
SELECT,7.0,0,0,1,0,0,2,0,0,0,0,0,0,0,0,1,0,0,0,0,3,2,3,2,10.5,3,1,2,14,7,0.5581,43,29,160,2182,LegalQA
SELECT,7.0,0,0,1,0,0,2,0,0,0,0,0,0,0,0,1,0,0,0,0,3,2,3,2,10.5,3,1,2,12,8,0.5091,55,28,183,2175,LegalQA
SELECT,8.5,0,0,1,0,0,3,0,0,0,0,0,0,0,0,1,0,0,0,0,4,2,4,2,12.0,4,1,3,13,8,0.5625,32,30,153,2042,LegalQA
SELECT,10.0,0,0,1,0,0,2,1,0,0,0,0,0,0,0,1,0,0,0,0,4,3,3,2,12.5,7,5,2,14,8,0.5085,59,33,217,2577,LegalQA
SELECT,7.0,0,0,1,0,0,2,0,0,0,0,0,0,0,0,1,0,0,0,0,3,2,3,2,10.5,3,1,2,12,8,0.5106,47,28,185,2094,LegalQA
SELECT,8.5,0,0,1,0,0,3,0,0,0,0,0,0,0,0,1,0,0,0,0,4,2,4,2,12.0,4,1,3,17,8,0.3895,95,31,281,2841,LegalQA
SELECT,8.5,0,0,1,0,0,3,0,0,0,0,0,0,0,0,1,0,0,0,0,4,2,4,2,12.0,4,1,3,13,8,0.5641,39,30,163,2057,LegalQA
SELECT,10.0,0,0,1,0,0,4,0,0,0,0,0,0,0,0,1,0,0,0,0,5,2,4,2,12.0,4,1,4,14,8,0.561,41,32,195,2280,LegalQA
SELECT,7.0,0,0,1,0,0,2,0,0,0,0,0,0,0,0,1,0,0,0,0,3,2,3,2,10.5,3,1,2,14,7,0.4872,39,29,171,2195,LegalQA
SELECT,8.5,0,0,1,0,0,3,0,0,0,0,0,0,0,0,1,0,0,0,0,4,2,3,2,10.5,3,1,3,14,8,0.6154,39,31,185,2225,LegalQA
SELECT,10.0,0,0,1,0,0,4,0,0,0,0,0,0,0,0,1,0,0,0,0,5,2,4,2,12.0,4,1,4,14,8,0.5349,43,32,193,2280,LegalQA
SELECT,7.0,0,0,1,0,0,2,0,0,0,0,0,0,0,0,1,0,0,0,0,3,2,3,2,10.5,4,1,2,13,8,0.4878,41,29,178,2179,LegalQA
SELECT,7.0,0,0,1,0,0,2,0,0,0,0,0,0,0,0,1,0,0,0,0,3,2,3,2,10.5,3,1,2,13,8,0.5862,29,29,143,1971,LegalQA
SELECT,10.0,0,0,1,0,0,4,0,0,0,0,0,0,0,0,1,0,0,0,0,5,2,4,2,12.0,5,1,4,13,8,0.5111,45,31,203,2407,LegalQA
SELECT,13.0,0,0,1,0,0,2,0,0,0,0,0,3,0,0,1,0,0,0,0,6,3,3,2,12.5,2,1,2,12,8,0.5349,43,28,185,2055,LegalQA
SELECT,8.5,0,0,1,0,0,3,0,0,0,0,0,0,0,0,1,0,0,0,0,4,2,4,2,12.0,4,1,3,13,8,0.5116,43,30,176,2202,LegalQA
SELECT,7.0,0,0,1,0,0,2,0,0,0,0,0,0,0,0,1,0,0,0,0,3,2,3,2,10.5,3,1,2,13,8,0.6061,33,29,149,1954,LegalQA
SELECT,7.0,0,0,1,0,0,2,0,0,0,0,0,0,0,0,1,0,0,0,0,3,2,3,2,10.5,3,1,2,14,7,0.4681,47,29,177,2230,LegalQA
SELECT,8.5,0,0,1,0,0,3,0,0,0,0,0,0,0,0,1,0,0,0,0,4,2,4,2,12.0,3,1,3,13,8,0.549,51,30,190,2246,LegalQA
SELECT,7.0,0,0,1,0,0,2,0,0,0,0,0,0,0,0,1,0,0,0,0,3,2,3,2,10.5,3,1,2,14,8,0.5106,47,30,182,2160,LegalQA
SELECT,7.0,0,0,1,0,0,2,0,0,0,0,0,0,0,0,1,0,0,0,0,3,2,3,2,10.5,3,1,2,13,8,0.5306,49,29,185,2159,LegalQA
SELECT,16.0,0,0,1,0,0,2,3,0,0,0,0,0,0,0,1,0,0,0,0,6,3,3,2,12.5,3,1,2,13,8,0.4754,61,29,196,2342,LegalQA
SELECT,7.0,0,0,1,0,0,2,0,0,0,0,0,0,0,0,1,0,0,0,0,3,2,3,2,10.5,3,1,2,13,8,0.5088,57,29,185,2222,LegalQA
SELECT,8.5,0,0,1,0,0,3,0,0,0,0,0,0,0,0,1,0,0,0,0,4,2,4,2,12.0,4,1,3,14,8,0.5676,37,31,191,2262,LegalQA
SELECT,10.0,0,0,1,0,0,4,0,0,0,0,0,0,0,0,1,0,0,0,0,5,2,5,2,13.5,5,1,4,13,8,0.4918,61,31,210,2393,LegalQA
SELECT,7.0,0,0,1,0,0,2,0,0,0,0,0,0,0,0,1,0,0,0,0,3,2,3,2,10.5,3,1,2,12,7,0.4754,61,27,182,2250,LegalQA
SELECT,8.5,0,0,1,0,0,3,0,0,0,0,0,0,0,0,1,0,0,0,0,4,2,4,2,12.0,4,1,3,13,8,0.5082,61,30,202,2317,LegalQA
SELECT,10.0,0,0,1,0,0,4,0,0,0,0,0,0,0,0,1,0,0,0,0,5,2,5,2,13.5,5,1,4,13,8,0.5102,49,31,195,2283,LegalQA
SELECT,10.0,0,0,1,0,0,4,0,0,0,0,0,0,0,0,1,0,0,0,0,5,2,4,2,12.0,5,1,4,13,8,0.5098,51,31,180,2311,LegalQA
SELECT,7.0,0,0,1,0,0,2,0,0,0,0,0,0,0,0,1,0,0,0,0,3,2,3,2,10.5,3,1,2,13,8,0.5263,57,29,216,2422,LegalQA
SELECT,10.0,0,0,1,0,0,4,0,0,0,0,0,0,0,0,1,0,0,0,0,5,2,4,2,12.0,4,1,4,13,8,0.4762,63,31,248,2569,LegalQA
SELECT,10.0,0,0,1,0,0,4,0,0,0,0,0,0,0,0,1,0,0,0,0,5,2,4,2,12.0,5,1,4,12,8,0.561,41,30,173,2245,LegalQA
SELECT,7.0,0,0,1,0,0,2,0,0,0,0,0,0,0,0,1,0,0,0,0,3,2,3,2,10.5,3,1,2,14,7,0.4426,61,29,197,2398,LegalQA
SELECT,8.5,0,0,1,0,0,3,0,0,0,0,0,0,0,0,1,0,0,0,0,4,2,4,2,12.0,4,1,3,12,8,0.3818,55,29,196,2377,LegalQA
SELECT,13.0,0,0,1,0,0,4,1,0,0,0,0,0,0,0,1,0,0,0,0,6,3,4,2,14.0,10,6,4,14,8,0.4828,58,35,247,2799,LegalQA
SELECT,10.0,0,0,1,0,0,4,0,0,0,0,0,0,0,0,1,0,0,0,0,5,2,4,2,12.0,4,1,4,13,8,0.5556,45,31,194,2362,LegalQA
SELECT,8.5,0,0,1,0,0,3,0,0,0,0,0,0,0,0,1,0,0,0,0,4,2,4,2,12.0,4,1,3,15,8,0.5283,53,32,206,2485,LegalQA
SELECT,10.0,0,0,1,0,0,4,0,0,0,0,0,0,0,0,1,0,0,0,0,5,2,4,2,12.0,5,1,4,12,8,0.451,51,30,185,2275,LegalQA
SELECT,7.0,0,0,1,0,0,2,0,0,0,0,0,0,0,0,1,0,0,0,0,3,2,3,2,10.5,3,1,2,13,8,0.4603,63,29,210,2305,LegalQA
SELECT,10.0,0,0,1,0,0,4,0,0,0,0,0,0,0,0,1,0,0,0,0,5,2,4,2,12.0,4,1,4,16,8,0.5106,47,31,191,2297,LegalQA
SELECT,10.0,0,0,1,0,0,4,0,0,0,0,0,0,0,0,1,0,0,0,0,5,2,4,2,12.0,5,1,4,17,8,0.4,50,32,190,2446,LegalQA
SELECT,7.0,0,0,1,0,0,2,0,0,0,0,0,0,0,0,1,0,0,0,0,3,2,3,2,10.5,3,1,2,13,8,0.3818,55,29,194,2244,LegalQA
SELECT,7.0,0,0,1,0,0,2,0,0,0,0,0,0,0,0,1,0,0,0,0,3,2,3,2,10.5,3,1,2,13,8,0.4909,55,29,180,2266,LegalQA
SELECT,7.0,0,0,1,0,0,2,0,0,0,0,0,0,0,0,1,0,0,0,0,3,2,3,2,10.5,3,1,2,13,8,0.5641,39,29,158,2043,LegalQA
SELECT,8.5,0,0,1,0,0,3,0,0,0,0,0,0,0,0,1,0,0,0,0,4,2,3,2,10.5,4,1,3,13,8,0.5641,39,30,162,2107,LegalQA
SELECT,8.5,0,0,1,0,0,3,0,0,0,0,0,0,0,0,1,0,0,0,0,4,2,4,2,12.0,4,1,3,13,8,0.5588,34,30,156,2095,LegalQA
SELECT,7.0,0,0,1,0,0,2,0,0,0,0,0,0,0,0,1,0,0,0,0,3,2,3,2,10.5,2,1,2,13,8,0.4638,69,29,212,2306,LegalQA
SELECT,7.0,0,0,1,0,0,2,0,0,0,0,0,0,0,0,1,0,0,0,0,3,2,3,2,10.5,7,5,2,13,8,0.5472,53,30,215,2411,LegalQA
SELECT,10.0,0,0,1,0,0,4,0,0,0,0,0,0,0,0,1,0,0,0,0,5,2,4,2,12.0,4,1,4,13,8,0.5854,41,31,179,2192,LegalQA
SELECT,8.5,0,0,1,0,0,3,0,0,0,0,0,0,0,0,1,0,0,0,0,4,2,4,2,12.0,4,1,3,13,8,0.5102,49,30,185,2211,LegalQA
SELECT,7.0,0,0,1,0,0,2,0,0,0,0,0,0,0,0,1,0,0,0,0,3,2,3,2,10.5,3,1,2,13,8,0.5405,37,29,152,1929,LegalQA
SELECT,10.0,0,0,1,0,0,4,0,0,0,0,0,0,0,0,1,0,0,0,0,5,2,5,2,13.5,5,1,4,13,8,0.5088,57,31,220,2499,LegalQA
SELECT,7.0,0,0,1,0,0,2,0,0,0,0,0,0,0,0,1,0,0,0,0,3,2,3,2,10.5,3,1,2,19,8,0.5152,33,29,140,1965,LegalQA
SELECT,7.0,0,0,1,0,0,2,0,0,0,0,0,0,0,0,1,0,0,0,0,3,2,3,2,10.5,3,1,2,12,8,0.5349,43,28,149,1983,LegalQA
SELECT,10.0,0,0,1,0,0,4,0,0,0,0,0,0,0,0,1,0,0,0,0,5,2,4,2,12.0,5,1,4,12,8,0.5556,45,30,180,2299,LegalQA
SELECT,8.5,0,0,1,0,0,3,0,0,0,0,0,0,0,0,1,0,0,0,0,4,2,4,2,12.0,4,1,3,13,8,0.4727,55,30,204,2360,LegalQA
SELECT,7.0,0,0,1,0,0,2,0,0,0,0,0,0,0,0,1,0,0,0,0,3,2,3,2,10.5,3,1,2,13,8,0.5333,45,29,167,2101,LegalQA
SELECT,10.0,0,0,1,0,0,4,0,0,0,0,0,0,0,0,1,0,0,0,0,5,2,4,2,12.0,5,1,4,13,8,0.4918,61,31,224,2416,LegalQA
SELECT,7.0,0,0,1,0,0,2,0,0,0,0,0,0,0,0,1,0,0,0,0,3,2,3,2,10.5,3,1,2,13,8,0.5366,41,29,158,2044,LegalQA
SELECT,13.0,0,1,1,0,1,4,0,0,0,0,0,0,0,0,1,0,0,0,0,6,3,5,2,15.5,7,1,5,13,8,0.5102,49,32,213,2412,LegalQA
SELECT,7.0,0,0,1,0,0,2,0,0,0,0,0,0,0,0,1,0,0,0,0,3,2,3,2,10.5,2,1,2,14,8,0.6207,29,30,148,1991,LegalQA
SELECT,8.5,0,0,1,0,0,3,0,0,0,0,0,0,0,0,1,0,0,0,0,4,2,4,2,12.0,4,1,3,13,8,0.4898,49,30,183,2217,LegalQA
SELECT,11.5,0,0,1,0,0,5,0,0,0,0,0,0,0,0,1,0,0,0,0,6,2,5,2,13.5,6,1,5,14,8,0.5079,63,33,239,2617,LegalQA
SELECT,10.0,0,0,1,0,0,4,0,0,0,0,0,0,0,0,1,0,0,0,0,5,2,4,2,12.0,4,1,4,24,8,0.5349,43,30,177,2258,LegalQA
SELECT,7.0,0,0,1,0,0,2,0,0,0,0,0,0,0,0,1,0,0,0,0,3,2,3,2,10.5,2,1,2,12,8,0.5556,45,28,156,2018,LegalQA
SELECT,10.0,0,0,1,0,0,4,0,0,0,0,0,0,0,0,1,0,0,0,0,5,2,4,2,12.0,4,1,4,13,8,0.4909,55,31,198,2312,LegalQA
SELECT,10.0,0,0,1,0,0,4,0,0,0,0,0,0,0,0,1,0,0,0,0,5,2,4,2,12.0,5,1,4,13,8,0.551,49,31,197,2284,LegalQA
SELECT,8.5,0,0,1,0,0,3,0,0,0,0,0,0,0,0,1,0,0,0,0,4,2,4,2,12.0,4,1,3,13,8,0.6129,31,30,154,2020,LegalQA
SELECT,10.0,0,0,1,0,0,4,0,0,0,0,0,0,0,0,1,0,0,0,0,5,2,4,2,12.0,5,1,4,14,7,0.5082,61,31,210,2535,LegalQA
SELECT,7.0,0,0,1,0,0,2,0,0,0,0,0,0,0,0,1,0,0,0,0,3,2,3,2,10.5,3,1,2,13,8,0.6207,29,29,134,1891,LegalQA
SELECT,10.0,0,0,1,0,0,4,0,0,0,0,0,0,0,0,1,0,0,0,0,5,2,4,2,12.0,4,1,4,13,8,0.5641,39,31,185,2206,LegalQA
SELECT,8.5,0,0,1,0,0,3,0,0,0,0,0,0,0,0,1,0,0,0,0,4,2,4,2,12.0,3,1,3,13,8,0.5098,51,30,190,2202,LegalQA
SELECT,7.0,0,0,1,0,0,2,0,0,0,0,0,0,0,0,1,0,0,0,0,3,2,3,2,10.5,3,1,2,16,8,0.5116,43,29,165,2033,LegalQA
SELECT,7.0,0,0,1,0,0,2,0,0,0,0,0,0,0,0,1,0,0,0,0,3,2,2,2,9.0,3,1,2,13,8,0.5102,49,29,178,2107,LegalQA
SELECT,10.0,0,0,1,0,0,4,0,0,0,0,0,0,0,0,1,0,0,0,0,5,2,4,2,12.0,4,1,4,13,8,0.4884,43,31,174,2188,LegalQA
SELECT,10.0,0,0,1,0,0,4,0,0,0,0,0,0,0,0,1,0,0,0,0,5,2,4,2,12.0,5,1,4,13,8,0.4681,47,31,189,2300,LegalQA
SELECT,7.0,0,0,1,0,0,2,0,0,0,0,0,0,0,0,1,0,0,0,0,3,2,3,2,10.5,2,1,2,12,8,0.4918,61,28,180,2180,LegalQA
SELECT,8.5,0,0,1,0,0,3,0,0,0,0,0,0,0,0,1,0,0,0,0,4,2,4,2,12.0,4,1,3,13,8,0.5532,47,30,181,2175,LegalQA
SELECT,10.0,0,0,1,0,0,4,0,0,0,0,0,0,0,0,1,0,0,0,0,5,2,4,2,12.0,4,1,4,13,8,0.6,35,31,164,2117,LegalQA
SELECT,7.0,0,0,1,0,0,2,0,0,0,0,0,0,0,0,1,0,0,0,0,3,2,3,2,10.5,3,1,2,13,8,0.5072,69,29,221,2390,LegalQA
SELECT,7.0,0,0,1,0,0,2,0,0,0,0,0,0,0,0,1,0,0,0,0,3,2,3,2,10.5,3,1,2,17,8,0.4706,51,30,193,2262,LegalQA
SELECT,10.0,0,0,1,0,0,4,0,0,0,0,0,0,0,0,1,0,0,0,0,5,2,4,2,12.0,5,1,4,13,8,0.4902,51,31,180,2324,LegalQA
SELECT,8.5,0,0,1,0,0,3,0,0,0,0,0,0,0,0,1,0,0,0,0,4,2,4,2,12.0,4,1,3,13,8,0.5122,41,30,169,2088,LegalQA
SELECT,7.0,0,0,1,0,0,2,0,0,0,0,0,0,0,0,1,0,0,0,0,3,2,3,2,10.5,3,1,2,14,8,0.4902,51,30,192,2201,LegalQA
SELECT,11.5,0,0,1,0,0,5,0,0,0,0,0,0,0,0,1,0,0,0,0,6,2,5,2,13.5,6,1,5,13,8,0.4426,61,32,214,2408,LegalQA
SELECT,8.5,0,0,1,0,0,3,0,0,0,0,0,0,0,0,1,0,0,0,0,4,2,3,2,10.5,4,1,3,13,8,0.561,41,30,174,2164,LegalQA
SELECT,7.0,0,0,1,0,0,2,0,0,0,0,0,0,0,0,1,0,0,0,0,3,2,3,2,10.5,2,1,2,13,8,0.4578,83,29,230,2483,LegalQA
SELECT,8.5,0,0,1,0,0,3,0,0,0,0,0,0,0,0,1,0,0,0,0,4,2,4,2,12.0,4,1,3,15,8,0.5143,35,29,148,2041,LegalQA
SELECT,7.0,0,0,1,0,0,2,0,0,0,0,0,0,0,0,1,0,0,0,0,3,2,3,2,10.5,3,1,2,13,8,0.5273,55,29,196,2278,LegalQA
SELECT,7.0,0,0,1,0,0,2,0,0,0,0,0,0,0,0,1,0,0,0,0,3,2,3,2,10.5,2,1,2,13,8,0.5294,51,29,173,2153,LegalQA
SELECT,7.0,0,0,1,0,0,2,0,0,0,0,0,0,0,0,1,0,0,0,0,3,2,3,2,10.5,3,1,2,13,8,0.4521,73,29,221,2452,LegalQA
SELECT,8.5,0,0,1,0,0,3,0,0,0,0,0,0,0,0,1,0,0,0,0,4,2,4,2,12.0,4,1,3,13,8,0.551,49,30,184,2145,LegalQA
SELECT,7.0,0,0,1,0,0,2,0,0,0,0,0,0,0,0,1,0,0,0,0,3,2,3,2,10.5,3,1,2,13,8,0.5082,61,29,194,2238,LegalQA
SELECT,8.5,0,0,1,0,0,3,0,0,0,0,0,0,0,0,1,0,0,0,0,4,2,4,2,12.0,4,1,3,16,8,0.4909,55,30,208,2396,LegalQA
SELECT,7.0,0,0,1,0,0,2,0,0,0,0,0,0,0,0,1,0,0,0,0,3,2,2,2,9.0,3,1,2,13,8,0.5306,49,29,196,2237,LegalQA
SELECT,8.5,0,0,1,0,0,3,0,0,0,0,0,0,0,0,1,0,0,0,0,4,2,4,2,12.0,4,1,3,14,8,0.4667,75,31,256,2739,LegalQA
SELECT,8.5,0,0,1,0,0,3,0,0,0,0,0,0,0,0,1,0,0,0,0,4,2,4,2,12.0,3,1,3,13,8,0.5254,59,30,211,2345,LegalQA
SELECT,8.5,0,0,1,0,0,3,0,0,0,0,0,0,0,0,1,0,0,0,0,4,2,4,2,12.0,4,1,3,13,8,0.5098,51,30,187,2267,LegalQA
SELECT,7.0,0,0,1,0,0,2,0,0,0,0,0,0,0,0,1,0,0,0,0,3,2,3,2,10.5,3,1,2,13,8,0.5676,37,29,152,1989,LegalQA
SELECT,8.5,0,0,1,0,0,3,0,0,0,0,0,0,0,0,1,0,0,0,0,4,2,4,2,12.0,4,1,3,14,8,0.5254,59,31,225,2471,LegalQA
SELECT,7.0,0,0,1,0,0,2,0,0,0,0,0,0,0,0,1,0,0,0,0,3,2,3,2,10.5,3,1,2,13,8,0.5806,31,29,143,1906,LegalQA
SELECT,7.0,0,0,1,0,0,2,0,0,0,0,0,0,0,0,1,0,0,0,0,3,2,3,2,10.5,3,1,2,14,8,0.5366,41,30,159,2070,LegalQA
SELECT,8.5,0,0,1,0,0,3,0,0,0,0,0,0,0,0,1,0,0,0,0,4,2,4,2,12.0,3,1,3,13,8,0.4894,47,30,185,2174,LegalQA
SELECT,7.0,0,0,1,0,0,2,0,0,0,0,0,0,0,0,1,0,0,0,0,3,2,3,2,10.5,3,1,2,14,8,0.5116,43,30,171,2094,LegalQA
SELECT,7.0,0,0,1,0,0,2,0,0,0,0,0,0,0,0,1,0,0,0,0,3,2,3,2,10.5,4,2,2,12,8,0.5094,53,29,188,2222,LegalQA
SELECT,7.0,0,0,1,0,0,2,0,0,0,0,0,0,0,0,1,0,0,0,0,3,2,3,2,10.5,3,1,2,13,8,0.5091,55,29,188,2222,LegalQA
SELECT,11.5,0,1,1,0,1,3,0,0,0,0,0,0,0,0,1,0,0,0,0,5,3,3,2,12.5,6,1,4,13,8,0.6061,33,31,165,2110,LegalQA
SELECT,7.0,0,0,1,0,0,2,0,0,0,0,0,0,0,0,1,0,0,0,0,3,2,3,2,10.5,3,1,2,13,8,0.5484,31,29,156,1956,LegalQA
SELECT,8.5,0,0,1,0,0,3,0,0,0,0,0,0,0,0,1,0,0,0,0,4,2,4,2,12.0,4,1,3,14,8,0.5306,49,31,193,2292,LegalQA
SELECT,8.5,0,0,1,0,0,3,0,0,0,0,0,0,0,0,1,0,0,0,0,4,2,4,2,12.0,4,1,3,13,8,0.5532,47,30,172,2192,LegalQA
SELECT,7.0,0,0,1,0,0,2,0,0,0,0,0,0,0,0,1,0,0,0,0,3,2,3,2,10.5,3,1,2,12,8,0.4651,43,28,150,2029,LegalQA
SELECT,7.0,0,0,1,0,0,2,0,0,0,0,0,0,0,0,1,0,0,0,0,3,2,3,2,10.5,3,1,2,13,8,0.5106,47,29,170,2121,LegalQA
SELECT,7.0,0,0,1,0,0,2,0,0,0,0,0,0,0,0,1,0,0,0,0,3,2,2,2,9.0,3,1,2,13,8,0.4906,53,29,184,2153,LegalQA
SELECT,7.0,0,0,1,0,0,2,0,0,0,0,0,0,0,0,1,0,0,0,0,3,2,3,2,10.5,3,1,2,13,8,0.6047,43,29,157,2060,LegalQA
SELECT,8.5,0,0,1,0,0,3,0,0,0,0,0,0,0,0,1,0,0,0,0,4,2,4,2,12.0,4,1,3,13,8,0.5319,47,30,190,2216,LegalQA
SELECT,8.5,0,0,1,0,0,3,0,0,0,0,0,0,0,0,1,0,0,0,0,4,2,4,2,12.0,4,1,3,13,8,0.5556,45,30,178,2194,LegalQA
SELECT,7.0,0,0,1,0,0,2,0,0,0,0,0,0,0,0,1,0,0,0,0,3,2,3,2,10.5,3,1,2,12,8,0.5745,47,28,161,2135,LegalQA
SELECT,10.0,0,0,1,0,0,4,0,0,0,0,0,0,0,0,1,0,0,0,0,5,2,4,2,12.0,4,1,4,13,8,0.6061,33,31,158,2105,LegalQA
SELECT,7.0,0,0,1,0,0,2,0,0,0,0,0,0,0,0,1,0,0,0,0,3,2,2,2,9.0,3,1,2,13,8,0.5556,45,29,172,2075,LegalQA
SELECT,8.5,0,0,1,0,0,3,0,0,0,0,0,0,0,0,1,0,0,0,0,4,2,3,2,10.5,3,1,3,13,8,0.5294,51,30,180,2240,LegalQA
SELECT,7.0,0,0,1,0,0,2,0,0,0,0,0,0,0,0,1,0,0,0,0,3,2,3,2,10.5,2,1,2,13,8,0.6154,39,29,152,2038,LegalQA
SELECT,7.0,0,0,1,0,0,2,0,0,0,0,0,0,0,0,1,0,0,0,0,3,2,3,2,10.5,2,1,2,13,8,0.5641,39,29,155,1992,LegalQA
SELECT,7.0,0,0,1,0,0,2,0,0,0,0,0,0,0,0,1,0,0,0,0,3,2,3,2,10.5,3,1,2,12,8,0.5122,41,28,140,1891,LegalQA
SELECT,7.0,0,0,1,0,0,2,0,0,0,0,0,0,0,0,1,0,0,0,0,3,2,3,2,10.5,2,1,2,13,8,0.5556,45,29,173,2143,LegalQA
SELECT,10.0,0,0,1,0,0,4,0,0,0,0,0,0,0,0,1,0,0,0,0,5,2,4,2,12.0,5,1,4,12,8,0.5122,41,30,152,2136,LegalQA
SELECT,8.5,0,0,1,0,0,3,0,0,0,0,0,0,0,0,1,0,0,0,0,4,2,4,2,12.0,4,1,3,13,8,0.5116,43,30,178,2177,LegalQA
SELECT,10.0,0,0,1,0,0,4,0,0,0,0,0,0,0,0,1,0,0,0,0,5,2,4,2,12.0,5,1,4,12,8,0.5946,37,30,155,2134,LegalQA
SELECT,7.0,0,0,1,0,0,2,0,0,0,0,0,0,0,0,1,0,0,0,0,3,2,3,2,10.5,2,1,2,14,8,0.4667,75,30,245,2719,LegalQA
SELECT,10.0,0,0,1,0,0,4,0,0,0,0,0,0,0,0,1,0,0,0,0,5,2,4,2,12.0,5,1,4,13,8,0.5581,43,31,173,2170,LegalQA
SELECT,10.0,0,0,1,0,0,4,0,0,0,0,0,0,0,0,1,0,0,0,0,5,2,4,2,12.0,5,1,4,13,8,0.5098,51,31,194,2292,LegalQA
SELECT,10.0,0,0,1,0,0,4,0,0,0,0,0,0,0,0,1,0,0,0,0,5,2,4,2,12.0,5,1,4,14,7,0.4902,51,31,203,2457,LegalQA
SELECT,8.5,0,0,1,0,0,3,0,0,0,0,0,0,0,0,1,0,0,0,0,4,2,4,2,12.0,4,1,3,14,8,0.5246,61,31,210,2470,LegalQA
SELECT,8.5,0,0,1,0,0,3,0,0,0,0,0,0,0,0,1,0,0,0,0,4,2,4,2,12.0,4,1,3,13,8,0.5106,47,30,184,2194,LegalQA
SELECT,10.0,0,0,1,0,0,4,0,0,0,0,0,0,0,0,1,0,0,0,0,5,2,4,2,12.0,5,1,4,13,8,0.5306,49,31,195,2275,LegalQA
SELECT,7.0,0,0,1,0,0,2,0,0,0,0,0,0,0,0,1,0,0,0,0,3,2,3,2,10.5,2,1,2,13,8,0.5333,45,29,164,2075,LegalQA
SELECT,10.0,0,0,1,0,0,4,0,0,0,0,0,0,0,0,1,0,0,0,0,5,2,4,2,12.0,5,1,4,12,8,0.6216,37,30,161,2109,LegalQA
SELECT,7.0,0,0,1,0,0,2,0,0,0,0,0,0,0,0,1,0,0,0,0,3,2,3,2,10.5,3,1,2,14,8,0.5946,37,30,169,2123,LegalQA
SELECT,10.0,0,0,1,0,0,4,0,0,0,0,0,0,0,0,1,0,0,0,0,5,2,4,2,12.0,5,1,4,13,8,0.403,67,31,219,2580,LegalQA
SELECT,8.5,0,0,1,0,0,3,0,0,0,0,0,0,0,0,1,0,0,0,0,4,2,3,2,10.5,4,1,3,13,8,0.5641,39,30,159,2082,LegalQA
SELECT,10.0,0,0,1,0,0,4,0,0,0,0,0,0,0,0,1,0,0,0,0,5,2,4,2,12.0,4,1,4,13,8,0.5349,43,31,185,2209,LegalQA
SELECT,7.0,0,0,1,0,0,2,0,0,0,0,0,0,0,0,1,0,0,0,0,3,2,3,2,10.5,3,1,2,13,8,0.5106,47,29,171,2127,LegalQA
SELECT,7.0,0,0,1,0,0,2,0,0,0,0,0,0,0,0,1,0,0,0,0,3,2,3,2,10.5,2,1,2,13,8,0.5098,51,29,197,2214,LegalQA
SELECT,8.5,0,0,1,0,0,3,0,0,0,0,0,0,0,0,1,0,0,0,0,4,2,4,2,12.0,4,1,3,13,8,0.3836,73,30,226,2357,LegalQA
SELECT,10.0,0,0,1,0,0,4,0,0,0,0,0,0,0,0,1,0,0,0,0,5,2,4,2,12.0,4,1,4,13,8,0.5366,41,31,177,2190,LegalQA
SELECT,7.0,0,0,1,0,0,2,0,0,0,0,0,0,0,0,1,0,0,0,0,3,2,3,2,10.5,3,1,2,13,8,0.4746,59,29,189,2248,LegalQA
SELECT,10.0,0,0,1,0,0,4,0,0,0,0,0,0,0,0,1,0,0,0,0,5,2,4,2,12.0,4,1,4,13,8,0.5862,29,31,164,2079,LegalQA
SELECT,7.0,0,0,1,0,0,2,0,0,0,0,0,0,0,0,1,0,0,0,0,3,2,3,2,10.5,3,1,2,14,7,0.561,41,29,168,2131,LegalQA
SELECT,8.5,0,0,1,0,0,3,0,0,0,0,0,0,0,0,1,0,0,0,0,4,2,4,2,12.0,4,1,3,13,8,0.5405,37,30,169,2086,LegalQA
SELECT,10.0,0,0,1,0,0,4,0,0,0,0,0,0,0,0,1,0,0,0,0,5,2,4,2,12.0,5,1,4,14,8,0.5854,41,32,179,2211,LegalQA
SELECT,8.5,0,0,1,0,0,3,0,0,0,0,0,0,0,0,1,0,0,0,0,4,2,4,2,12.0,4,1,3,14,8,0.5814,43,31,185,2235,LegalQA
SELECT,10.0,0,0,1,0,0,4,0,0,0,0,0,0,0,0,1,0,0,0,0,5,2,5,2,13.5,5,1,4,13,8,0.4912,57,31,216,2385,LegalQA
SELECT,7.0,0,0,1,0,0,2,0,0,0,0,0,0,0,0,1,0,0,0,0,3,2,3,2,10.5,2,1,2,13,8,0.4182,55,29,201,2192,LegalQA
SELECT,10.0,0,0,1,0,0,4,0,0,0,0,0,0,0,0,1,0,0,0,0,5,2,4,2,12.0,5,1,4,12,8,0.5556,45,30,179,2230,LegalQA
SELECT,7.0,0,0,1,0,0,2,0,0,0,0,0,0,0,0,1,0,0,0,0,3,2,3,2,10.5,3,1,2,13,8,0.5385,39,29,155,2033,LegalQA
SELECT,7.0,0,0,1,0,0,2,0,0,0,0,0,0,0,0,1,0,0,0,0,3,2,3,2,10.5,2,1,2,14,8,0.4921,63,30,213,2341,LegalQA
SELECT,8.5,0,0,1,0,0,3,0,0,0,0,0,0,0,0,1,0,0,0,0,4,2,4,2,12.0,4,1,3,13,8,0.4906,53,30,194,2236,LegalQA
SELECT,7.0,0,0,1,0,0,2,0,0,0,0,0,0,0,0,1,0,0,0,0,3,2,3,2,10.5,3,1,2,12,8,0.5814,43,28,155,2017,LegalQA
SELECT,7.0,0,0,1,0,0,2,0,0,0,0,0,0,0,0,1,0,0,0,0,3,2,3,2,10.5,2,1,2,14,8,0.5676,37,30,159,1993,LegalQA
SELECT,8.5,0,0,1,0,0,3,0,0,0,0,0,0,0,0,1,0,0,0,0,4,2,3,2,10.5,3,1,3,13,8,0.4898,49,30,183,2287,LegalQA
SELECT,8.5,0,0,1,0,0,3,0,0,0,0,0,0,0,0,1,0,0,0,0,4,2,4,2,12.0,4,1,3,13,8,0.6364,33,30,152,2047,LegalQA
SELECT,10.0,0,0,1,0,0,4,0,0,0,0,0,0,0,0,1,0,0,0,0,5,2,4,2,12.0,5,1,4,12,8,0.5294,51,30,179,2323,LegalQA
SELECT,10.0,0,0,1,0,0,4,0,0,0,0,0,0,0,0,1,0,0,0,0,5,2,4,2,12.0,5,1,4,13,8,0.5094,53,31,191,2343,LegalQA
SELECT,10.0,0,0,1,0,0,4,0,0,0,0,0,0,0,0,1,0,0,0,0,5,2,4,2,12.0,5,1,4,13,8,0.5349,43,31,179,2182,LegalQA
SELECT,7.0,0,0,1,0,0,2,0,0,0,0,0,0,0,0,1,0,0,0,0,3,2,3,2,10.5,3,1,2,13,8,0.4651,43,29,167,2090,LegalQA
SELECT,8.5,0,0,1,0,0,3,0,0,0,0,0,0,0,0,1,0,0,0,0,4,2,4,2,12.0,4,1,3,13,8,0.5897,39,30,172,2119,LegalQA
SELECT,7.0,0,0,1,0,0,2,0,0,0,0,0,0,0,0,1,0,0,0,0,3,2,3,2,10.5,3,1,2,13,8,0.5111,45,29,167,2077,LegalQA
SELECT,16.0,0,0,1,0,0,2,3,0,0,0,0,0,0,0,1,0,0,0,0,6,3,3,2,12.5,2,1,2,13,8,0.6098,41,29,161,2077,LegalQA
SELECT,5.5,0,0,1,0,0,1,0,0,0,0,0,0,0,0,1,0,0,0,0,2,2,2,2,9.0,2,1,1,13,8,0.5556,45,28,153,2020,LegalQA
SELECT,7.0,0,0,1,0,0,2,0,0,0,0,0,0,0,0,1,0,0,0,0,3,2,3,2,10.5,2,1,2,14,8,0.5814,43,30,169,2141,LegalQA
SELECT,11.5,0,1,1,0,1,3,0,0,0,0,0,0,0,0,1,0,0,0,0,5,3,4,2,14.0,5,1,4,13,8,0.5854,41,31,190,2200,LegalQA
SELECT,10.0,0,0,1,0,0,4,0,0,0,0,0,0,0,0,1,0,0,0,0,5,2,4,2,12.0,4,1,4,13,8,0.3267,101,31,275,2871,LegalQA
SELECT,7.0,0,0,1,0,0,2,0,0,0,0,0,0,0,0,1,0,0,0,0,3,2,3,2,10.5,2,1,2,13,8,0.5135,37,29,173,2083,LegalQA
SELECT,10.0,0,0,1,0,0,4,0,0,0,0,0,0,0,0,1,0,0,0,0,5,2,5,2,13.5,5,1,4,13,8,0.5366,41,31,180,2226,LegalQA
SELECT,10.0,0,0,1,0,0,4,0,0,0,0,0,0,0,0,1,0,0,0,0,5,2,4,2,12.0,4,1,4,14,8,0.5676,37,32,174,2264,LegalQA
SELECT,7.0,0,0,1,0,0,2,0,0,0,0,0,0,0,0,1,0,0,0,0,3,2,3,2,10.5,3,1,2,13,8,0.549,51,29,200,2231,LegalQA
SELECT,10.0,0,0,1,0,0,4,0,0,0,0,0,0,0,0,1,0,0,0,0,5,2,4,2,12.0,4,1,4,13,8,0.5405,37,31,176,2146,LegalQA
SELECT,10.0,0,0,1,0,0,4,0,0,0,0,0,0,0,0,1,0,0,0,0,5,2,4,2,12.0,4,1,4,13,8,0.4651,43,31,170,2230,LegalQA
SELECT,8.5,0,0,1,0,0,3,0,0,0,0,0,0,0,0,1,0,0,0,0,4,2,4,2,12.0,4,1,3,14,8,0.5098,51,31,194,2327,LegalQA
SELECT,10.0,0,0,1,0,0,4,0,0,0,0,0,0,0,0,1,0,0,0,0,5,2,4,2,12.0,4,1,4,12,8,0.5306,49,30,173,2224,LegalQA
SELECT,7.0,0,0,1,0,0,2,0,0,0,0,0,0,0,0,1,0,0,0,0,3,2,3,2,10.5,3,1,2,12,8,0.5385,39,28,147,1951,LegalQA
SELECT,7.0,0,0,1,0,0,2,0,0,0,0,0,0,0,0,1,0,0,0,0,3,2,3,2,10.5,3,1,2,13,8,0.5088,57,29,185,2176,LegalQA
SELECT,7.0,0,0,1,0,0,2,0,0,0,0,0,0,0,0,1,0,0,0,0,3,2,3,2,10.5,3,1,2,14,8,0.5366,41,30,175,2155,LegalQA
SELECT,34.0,0,0,1,0,0,2,9,0,0,0,0,0,0,0,1,0,0,0,0,12,3,2,2,11.0,3,1,2,13,8,0.3951,81,29,241,2566,LegalQA
SELECT,7.0,0,0,1,0,0,2,0,0,0,0,0,0,0,0,1,0,0,0,0,3,2,3,2,10.5,3,1,2,13,8,0.5106,47,29,185,2116,LegalQA
SELECT,10.0,0,0,1,0,0,2,1,0,0,0,0,0,0,0,1,0,0,0,0,4,3,5,2,15.5,7,7,2,13,8,0.4176,91,32,296,2993,LegalQA
SELECT,8.5,0,0,1,0,0,3,0,0,0,0,0,0,0,0,1,0,0,0,0,4,2,4,2,12.0,4,1,3,13,8,0.5111,45,30,176,2158,LegalQA
SELECT,10.0,0,0,1,0,0,4,0,0,0,0,0,0,0,0,1,0,0,0,0,5,2,4,2,12.0,5,1,4,13,8,0.3898,59,31,219,2403,LegalQA
SELECT,8.5,0,0,1,0,0,3,0,0,0,0,0,0,0,0,1,0,0,0,0,4,2,3,2,10.5,4,1,3,13,8,0.4909,55,30,195,2306,LegalQA
SELECT,10.0,0,0,1,0,0,4,0,0,0,0,0,0,0,0,1,0,0,0,0,5,2,4,2,12.0,4,1,4,13,8,0.5283,53,31,198,2333,LegalQA
SELECT,7.0,0,0,1,0,0,2,0,0,0,0,0,0,0,0,1,0,0,0,0,3,2,3,2,10.5,3,1,2,15,8,0.5246,61,31,218,2356,LegalQA
SELECT,10.0,0,0,1,0,0,4,0,0,0,0,0,0,0,0,1,0,0,0,0,5,2,4,2,12.0,4,1,4,14,8,0.549,51,32,205,2382,LegalQA
SELECT,7.0,0,0,1,0,0,2,0,0,0,0,0,0,0,0,1,0,0,0,0,3,2,3,2,10.5,3,1,2,12,8,0.566,53,28,170,2140,LegalQA
SELECT,7.0,0,0,1,0,0,2,0,0,0,0,0,0,0,0,1,0,0,0,0,3,2,2,2,9.0,3,1,2,13,8,0.5778,45,29,175,2120,LegalQA
SELECT,10.0,0,0,1,0,0,4,0,0,0,0,0,0,0,0,1,0,0,0,0,5,2,4,2,12.0,4,1,4,16,8,0.5106,47,31,186,2407,LegalQA
SELECT,7.0,0,0,1,0,0,2,0,0,0,0,0,0,0,0,1,0,0,0,0,3,2,3,2,10.5,3,1,2,13,8,0.4348,69,29,210,2390,LegalQA
SELECT,8.5,0,0,1,0,0,3,0,0,0,0,0,0,0,0,1,0,0,0,0,4,2,3,2,10.5,3,1,3,13,8,0.5641,39,30,174,2193,LegalQA
SELECT,7.0,0,0,1,0,0,2,0,0,0,0,0,0,0,0,1,0,0,0,0,3,2,3,2,10.5,3,1,2,13,8,0.4211,57,29,192,2354,LegalQA
SELECT,7.0,0,0,1,0,0,2,0,0,0,0,0,0,0,0,1,0,0,0,0,3,2,3,2,10.5,3,1,2,13,8,0.5333,45,29,173,2044,LegalQA
SELECT,7.0,0,0,1,0,0,2,0,0,0,0,0,0,0,0,1,0,0,0,0,3,2,3,2,10.5,2,1,2,13,8,0.5116,43,29,167,2088,LegalQA
SELECT,7.0,0,0,1,0,0,2,0,0,0,0,0,0,0,0,1,0,0,0,0,3,2,3,2,10.5,2,1,2,14,8,0.5806,31,30,157,2027,LegalQA
SELECT,10.0,0,0,1,0,0,4,0,0,0,0,0,0,0,0,1,0,0,0,0,5,2,4,2,12.0,5,1,4,14,7,0.4737,57,31,201,2497,LegalQA
SELECT,10.0,0,0,1,0,0,4,0,0,0,0,0,0,0,0,1,0,0,0,0,5,2,4,2,12.0,4,1,4,13,8,0.5094,53,31,207,2420,LegalQA
SELECT,7.0,0,0,1,0,0,2,0,0,0,0,0,0,0,0,1,0,0,0,0,3,2,3,2,10.5,3,1,2,12,8,0.5111,45,28,149,2014,LegalQA
SELECT,7.0,0,0,1,0,0,2,0,0,0,0,0,0,0,0,1,0,0,0,0,3,2,3,2,10.5,2,1,2,14,8,0.5294,51,30,201,2251,LegalQA
SELECT,7.0,0,0,1,0,0,2,0,0,0,0,0,0,0,0,1,0,0,0,0,3,2,3,2,10.5,4,3,2,13,8,0.5778,45,30,189,2190,LegalQA
SELECT,7.0,0,0,1,0,0,2,0,0,0,0,0,0,0,0,1,0,0,0,0,3,2,3,2,10.5,2,1,2,13,8,0.5745,47,29,170,2116,LegalQA
SELECT,7.0,0,0,1,0,0,2,0,0,0,0,0,0,0,0,1,0,0,0,0,3,2,3,2,10.5,3,1,2,12,7,0.5079,63,27,176,2142,LegalQA
SELECT,7.0,0,0,1,0,0,2,0,0,0,0,0,0,0,0,1,0,0,0,0,3,2,3,2,10.5,2,1,2,13,8,0.5102,49,29,170,2095,LegalQA
SELECT,8.5,0,0,1,0,0,3,0,0,0,0,0,0,0,0,1,0,0,0,0,4,2,3,2,10.5,3,1,3,14,8,0.5094,53,31,195,2319,LegalQA
SELECT,10.0,0,0,1,0,0,4,0,0,0,0,0,0,0,0,1,0,0,0,0,5,2,4,2,12.0,4,1,4,13,8,0.5946,37,31,173,2190,LegalQA
SELECT,8.5,0,0,1,0,0,3,0,0,0,0,0,0,0,0,1,0,0,0,0,4,2,4,2,12.0,4,1,3,13,8,0.4746,59,30,202,2287,LegalQA
SELECT,8.5,0,0,1,0,0,3,0,0,0,0,0,0,0,0,1,0,0,0,0,4,2,4,2,12.0,4,1,3,12,8,0.4912,57,29,187,2268,LegalQA
SELECT,8.5,0,0,1,0,0,3,0,0,0,0,0,0,0,0,1,0,0,0,0,4,2,4,2,12.0,4,1,3,13,8,0.5102,49,30,185,2193,LegalQA
SELECT,8.5,0,0,1,0,0,3,0,0,0,0,0,0,0,0,1,0,0,0,0,4,2,3,2,10.5,4,1,3,14,8,0.5283,53,31,202,2331,LegalQA
SELECT,10.0,0,0,1,0,0,4,0,0,0,0,0,0,0,0,1,0,0,0,0,5,2,4,2,12.0,4,1,4,12,8,0.5333,45,30,176,2170,LegalQA
SELECT,10.0,0,0,1,0,0,4,0,0,0,0,0,0,0,0,1,0,0,0,0,5,2,4,2,12.0,5,1,4,13,8,0.5294,51,31,200,2356,LegalQA
SELECT,8.5,0,0,1,0,0,3,0,0,0,0,0,0,0,0,1,0,0,0,0,4,2,4,2,12.0,4,1,3,13,8,0.5102,49,30,180,2259,LegalQA
SELECT,7.0,0,0,1,0,0,2,0,0,0,0,0,0,0,0,1,0,0,0,0,3,2,3,2,10.5,3,1,2,13,8,0.561,41,29,164,2054,LegalQA
SELECT,10.0,0,0,1,0,0,4,0,0,0,0,0,0,0,0,1,0,0,0,0,5,2,4,2,12.0,4,1,4,13,8,0.4624,93,31,287,2879,LegalQA
SELECT,8.5,0,0,1,0,0,3,0,0,0,0,0,0,0,0,1,0,0,0,0,4,2,4,2,12.0,4,1,3,13,7,0.5882,51,29,193,2395,LegalQA
SELECT,8.5,0,0,1,0,0,3,0,0,0,0,0,0,0,0,1,0,0,0,0,4,2,4,2,12.0,4,1,3,14,8,0.4561,57,31,229,2364,LegalQA
SELECT,10.0,0,0,1,0,0,4,0,0,0,0,0,0,0,0,1,0,0,0,0,5,2,4,2,12.0,4,1,4,13,8,0.5532,47,31,188,2213,LegalQA
SELECT,10.0,0,0,1,0,0,4,0,0,0,0,0,0,0,0,1,0,0,0,0,5,2,4,2,12.0,5,1,4,12,8,0.4857,35,30,152,2143,LegalQA
SELECT,8.5,0,0,1,0,0,3,0,0,0,0,0,0,0,0,1,0,0,0,0,4,2,4,2,12.0,4,1,3,13,8,0.5079,63,30,220,2396,LegalQA
SELECT,8.5,0,0,1,0,0,3,0,0,0,0,0,0,0,0,1,0,0,0,0,4,2,4,2,12.0,4,1,3,13,8,0.5714,35,30,157,2042,LegalQA
SELECT,7.0,0,0,1,0,0,2,0,0,0,0,0,0,0,0,1,0,0,0,0,3,2,3,2,10.5,3,1,2,14,8,0.4651,43,30,180,2238,LegalQA
SELECT,7.0,0,0,1,0,0,2,0,0,0,0,0,0,0,0,1,0,0,0,0,3,2,3,2,10.5,3,1,2,14,7,0.5111,45,29,161,2158,LegalQA
SELECT,10.0,0,0,1,0,0,4,0,0,0,0,0,0,0,0,1,0,0,0,0,5,2,5,2,13.5,5,1,4,14,8,0.4727,55,32,206,2387,LegalQA
SELECT,8.5,0,0,1,0,0,3,0,0,0,0,0,0,0,0,1,0,0,0,0,4,2,4,2,12.0,3,1,3,15,8,0.5897,39,32,186,2205,LegalQA
SELECT,10.0,0,0,1,0,0,4,0,0,0,0,0,0,0,0,1,0,0,0,0,5,2,4,2,12.0,5,1,4,13,8,0.4898,49,31,198,2355,LegalQA
SELECT,7.0,0,0,1,0,0,2,0,0,0,0,0,0,0,0,1,0,0,0,0,3,2,2,2,9.0,3,1,2,13,8,0.5102,49,29,176,2133,LegalQA
SELECT,7.0,0,0,1,0,0,2,0,0,0,0,0,0,0,0,1,0,0,0,0,3,2,3,2,10.5,3,1,2,13,8,0.5283,53,29,191,2188,LegalQA
SELECT,7.0,0,0,1,0,0,2,0,0,0,0,0,0,0,0,1,0,0,0,0,3,2,3,2,10.5,3,1,2,13,8,0.4915,59,29,209,2341,LegalQA
SELECT,8.5,0,0,1,0,0,3,0,0,0,0,0,0,0,0,1,0,0,0,0,4,2,4,2,12.0,4,1,3,13,8,0.5111,45,30,178,2157,LegalQA
SELECT,8.5,0,0,1,0,0,3,0,0,0,0,0,0,0,0,1,0,0,0,0,4,2,4,2,12.0,4,1,3,12,8,0.4789,71,29,209,2418,LegalQA
SELECT,10.0,0,0,1,0,0,4,0,0,0,0,0,0,0,0,1,0,0,0,0,5,2,4,2,12.0,5,1,4,13,8,0.5946,37,31,173,2153,LegalQA
SELECT,10.0,0,0,1,0,0,2,1,0,0,0,0,0,0,0,1,0,0,0,0,4,3,4,2,14.0,7,7,2,13,8,0.4667,45,32,224,2447,LegalQA
SELECT,7.0,0,0,1,0,0,2,0,0,0,0,0,0,0,0,1,0,0,0,0,3,2,2,2,9.0,3,1,2,13,8,0.4906,53,29,184,2234,LegalQA
SELECT,10.0,0,0,1,0,0,4,0,0,0,0,0,0,0,0,1,0,0,0,0,5,2,5,2,13.5,5,1,4,13,8,0.561,41,31,189,2269,LegalQA
SELECT,8.5,0,0,1,0,0,3,0,0,0,0,0,0,0,0,1,0,0,0,0,4,2,4,2,12.0,4,1,3,12,8,0.5946,37,29,142,1972,LegalQA
SELECT,8.5,0,0,1,0,0,3,0,0,0,0,0,0,0,0,1,0,0,0,0,4,2,4,2,12.0,3,1,3,18,8,0.4894,47,32,206,2336,LegalQA
SELECT,7.0,0,0,1,0,0,2,0,0,0,0,0,0,0,0,1,0,0,0,0,3,2,3,2,10.5,2,1,2,13,8,0.5745,47,29,173,2149,LegalQA
SELECT,8.5,0,0,1,0,0,3,0,0,0,0,0,0,0,0,1,0,0,0,0,4,2,4,2,12.0,4,1,3,13,8,0.5143,35,30,157,2001,LegalQA
SELECT,8.5,0,0,1,0,0,3,0,0,0,0,0,0,0,0,1,0,0,0,0,4,2,4,2,12.0,4,1,3,13,8,0.5283,53,30,190,2260,LegalQA
SELECT,8.5,0,0,1,0,0,3,0,0,0,0,0,0,0,0,1,0,0,0,0,4,2,3,2,10.5,3,1,3,13,8,0.5088,57,30,198,2328,LegalQA
SELECT,10.0,0,0,1,0,0,4,0,0,0,0,0,0,0,0,1,0,0,0,0,5,2,4,2,12.0,4,1,4,14,8,0.5581,43,32,187,2311,LegalQA
SELECT,7.0,0,0,1,0,0,2,0,0,0,0,0,0,0,0,1,0,0,0,0,3,2,3,2,10.5,2,1,2,13,8,0.5897,39,29,152,2012,LegalQA
SELECT,8.5,0,0,1,0,0,3,0,0,0,0,0,0,0,0,1,0,0,0,0,4,2,4,2,12.0,4,1,3,13,8,0.5122,41,30,169,2092,LegalQA
SELECT,7.0,0,0,1,0,0,2,0,0,0,0,0,0,0,0,1,0,0,0,0,3,2,3,2,10.5,2,1,2,15,8,0.443,79,31,259,2675,LegalQA
SELECT,7.0,0,0,1,0,0,2,0,0,0,0,0,0,0,0,1,0,0,0,0,3,2,3,2,10.5,3,1,2,13,8,0.5135,37,29,153,1986,LegalQA
SELECT,8.5,0,0,1,0,0,3,0,0,0,0,0,0,0,0,1,0,0,0,0,4,2,4,2,12.0,4,1,3,13,8,0.551,49,30,187,2265,LegalQA
SELECT,7.0,0,0,1,0,0,2,0,0,0,0,0,0,0,0,1,0,0,0,0,3,2,3,2,10.5,3,1,2,14,8,0.549,51,30,196,2302,LegalQA
SELECT,10.0,0,0,1,0,0,4,0,0,0,0,0,0,0,0,1,0,0,0,0,5,2,5,2,13.5,5,1,4,13,8,0.5319,47,31,173,2199,LegalQA
SELECT,10.0,0,0,1,0,0,4,0,0,0,0,0,0,0,0,1,0,0,0,0,5,2,4,2,12.0,4,1,4,13,8,0.4912,57,31,212,2400,LegalQA
SELECT,10.0,0,0,1,0,0,4,0,0,0,0,0,0,0,0,1,0,0,0,0,5,2,5,2,13.5,5,1,4,16,8,0.5091,55,31,207,2428,LegalQA
SELECT,10.0,0,0,1,0,0,4,0,0,0,0,0,0,0,0,1,0,0,0,0,5,2,4,2,12.0,5,1,4,14,7,0.4462,65,31,224,2574,LegalQA
SELECT,8.5,0,0,1,0,0,3,0,0,0,0,0,0,0,0,1,0,0,0,0,4,2,3,2,10.5,4,1,3,13,8,0.5102,49,30,189,2321,LegalQA
SELECT,7.0,0,0,1,0,0,2,0,0,0,0,0,0,0,0,1,0,0,0,0,3,2,3,2,10.5,3,1,2,13,8,0.4615,39,29,155,2064,LegalQA
SELECT,7.0,0,0,1,0,0,2,0,0,0,0,0,0,0,0,1,0,0,0,0,3,2,3,2,10.5,3,1,2,13,8,0.3733,75,29,230,2459,LegalQA
SELECT,7.0,0,0,1,0,0,2,0,0,0,0,0,0,0,0,1,0,0,0,0,3,2,3,2,10.5,3,1,2,13,8,0.5143,35,29,147,1933,LegalQA
SELECT,7.0,0,0,1,0,0,2,0,0,0,0,0,0,0,0,1,0,0,0,0,3,2,3,2,10.5,3,1,2,15,8,0.5306,49,31,200,2259,LegalQA
SELECT,10.0,0,0,1,0,0,4,0,0,0,0,0,0,0,0,1,0,0,0,0,5,2,4,2,12.0,5,1,4,16,8,0.4462,65,31,221,2457,LegalQA
SELECT,8.5,0,0,1,0,0,3,0,0,0,0,0,0,0,0,1,0,0,0,0,4,2,4,2,12.0,4,1,3,14,8,0.5085,59,31,216,2438,LegalQA
SELECT,10.0,0,0,1,0,0,4,0,0,0,0,0,0,0,0,1,0,0,0,0,5,2,4,2,12.0,4,1,4,13,8,0.3291,79,31,248,2722,LegalQA
SELECT,7.0,0,0,1,0,0,2,0,0,0,0,0,0,0,0,1,0,0,0,0,3,2,3,2,10.5,2,1,2,13,8,0.4769,65,29,200,2308,LegalQA
SELECT,8.5,0,0,1,0,0,3,0,0,0,0,0,0,0,0,1,0,0,0,0,4,2,4,2,12.0,4,1,3,13,8,0.5111,45,30,178,2166,LegalQA
SELECT,10.0,0,0,1,0,0,4,0,0,0,0,0,0,0,0,1,0,0,0,0,5,2,5,2,13.5,5,1,4,13,8,0.5094,53,31,198,2335,LegalQA
SELECT,7.0,0,0,1,0,0,2,0,0,0,0,0,0,0,0,1,0,0,0,0,3,2,3,2,10.5,3,1,2,13,8,0.5676,37,29,149,1934,LegalQA
SELECT,10.0,0,0,1,0,0,4,0,0,0,0,0,0,0,0,1,0,0,0,0,5,2,4,2,12.0,4,1,4,13,8,0.5676,37,31,167,2139,LegalQA
SELECT,8.5,0,0,1,0,0,3,0,0,0,0,0,0,0,0,1,0,0,0,0,4,2,3,2,10.5,4,1,3,13,8,0.4898,49,30,183,2156,LegalQA
SELECT,10.0,0,0,1,0,0,4,0,0,0,0,0,0,0,0,1,0,0,0,0,5,2,4,2,12.0,5,1,4,13,7,0.4909,55,30,186,2345,LegalQA
SELECT,5.5,0,0,1,0,0,1,0,0,0,0,0,0,0,0,1,0,0,0,0,2,2,2,2,9.0,2,1,1,13,8,0.6061,33,28,135,1883,LegalQA
SELECT,8.5,0,0,1,0,0,3,0,0,0,0,0,0,0,0,1,0,0,0,0,4,2,4,2,12.0,4,1,3,14,8,0.5102,49,31,195,2310,LegalQA
SELECT,7.0,0,0,1,0,0,2,0,0,0,0,0,0,0,0,1,0,0,0,0,3,2,3,2,10.5,2,1,2,12,8,0.5556,36,28,146,1959,LegalQA
SELECT,7.0,0,0,1,0,0,2,0,0,0,0,0,0,0,0,1,0,0,0,0,3,2,3,2,10.5,3,1,2,13,7,0.5273,55,28,188,2297,LegalQA
SELECT,7.0,0,0,1,0,0,2,0,0,0,0,0,0,0,0,1,0,0,0,0,3,2,3,2,10.5,3,1,2,14,8,0.4915,59,30,210,2332,LegalQA
SELECT,10.0,0,0,1,0,0,4,0,0,0,0,0,0,0,0,1,0,0,0,0,5,2,4,2,12.0,4,1,4,14,8,0.5581,43,32,186,2266,LegalQA
SELECT,8.5,0,0,1,0,0,3,0,0,0,0,0,0,0,0,1,0,0,0,0,4,2,4,2,12.0,4,1,3,13,8,0.5532,47,30,178,2152,LegalQA
SELECT,8.5,0,0,1,0,0,3,0,0,0,0,0,0,0,0,1,0,0,0,0,4,2,4,2,12.0,4,1,3,13,8,0.5405,37,30,157,2023,LegalQA
SELECT,7.0,0,0,1,0,0,2,0,0,0,0,0,0,0,0,1,0,0,0,0,3,2,3,2,10.5,3,1,2,12,8,0.5778,45,28,152,2035,LegalQA
SELECT,7.0,0,0,1,0,0,2,0,0,0,0,0,0,0,0,1,0,0,0,0,3,2,3,2,10.5,2,1,2,13,8,0.5758,33,29,146,1961,LegalQA
SELECT,10.0,0,0,1,0,0,4,0,0,0,0,0,0,0,0,1,0,0,0,0,5,2,4,2,12.0,4,1,4,13,8,0.5556,45,31,182,2319,LegalQA
SELECT,7.0,0,0,1,0,0,2,0,0,0,0,0,0,0,0,1,0,0,0,0,3,2,3,2,10.5,3,1,2,13,8,0.5116,43,29,164,2059,LegalQA
SELECT,10.0,0,0,1,0,0,4,0,0,0,0,0,0,0,0,1,0,0,0,0,5,2,5,2,13.5,9,7,4,13,8,0.5849,53,32,232,2628,LegalQA
SELECT,10.0,0,0,1,0,0,4,0,0,0,0,0,0,0,0,1,0,0,0,0,5,2,4,2,12.0,5,1,4,13,8,0.3929,56,31,214,2408,LegalQA
SELECT,10.0,0,0,1,0,0,4,0,0,0,0,0,0,0,0,1,0,0,0,0,5,2,4,2,12.0,5,1,4,13,8,0.5581,43,31,176,2216,LegalQA
SELECT,10.0,0,0,1,0,0,4,0,0,0,0,0,0,0,0,1,0,0,0,0,5,2,4,2,12.0,4,1,4,13,8,0.551,49,31,188,2262,LegalQA
SELECT,8.5,0,0,1,0,0,3,0,0,0,0,0,0,0,0,1,0,0,0,0,4,2,4,2,12.0,4,1,3,13,8,0.4889,45,30,187,2144,LegalQA
SELECT,7.0,0,0,1,0,0,2,0,0,0,0,0,0,0,0,1,0,0,0,0,3,2,3,2,10.5,2,1,2,14,8,0.5116,43,30,175,2113,LegalQA
SELECT,7.0,0,0,1,0,0,2,0,0,0,0,0,0,0,0,1,0,0,0,0,3,2,3,2,10.5,2,1,2,13,8,0.5333,45,29,173,2094,LegalQA
SELECT,7.0,0,0,1,0,0,2,0,0,0,0,0,0,0,0,1,0,0,0,0,3,2,3,2,10.5,3,1,2,13,8,0.5676,37,29,158,2008,LegalQA
SELECT,7.0,0,0,1,0,0,2,0,0,0,0,0,0,0,0,1,0,0,0,0,3,2,3,2,10.5,3,1,2,13,8,0.5306,49,29,173,2148,LegalQA
SELECT,7.0,0,0,1,0,0,2,0,0,0,0,0,0,0,0,1,0,0,0,0,3,2,3,2,10.5,3,1,2,13,8,0.5676,37,29,149,1974,LegalQA
SELECT,10.0,0,0,1,0,0,2,1,0,0,0,0,0,0,0,1,0,0,0,0,4,3,5,2,15.5,5,7,2,13,8,0.5323,62,32,235,2580,LegalQA
SELECT,7.0,0,0,1,0,0,2,0,0,0,0,0,0,0,0,1,0,0,0,0,3,2,3,2,10.5,2,1,2,13,8,0.4789,71,29,227,2477,LegalQA
SELECT,10.0,0,0,1,0,0,4,0,0,0,0,0,0,0,0,1,0,0,0,0,5,2,5,2,13.5,5,1,4,14,8,0.4912,57,32,228,2539,LegalQA
SELECT,10.0,0,0,1,0,0,4,0,0,0,0,0,0,0,0,1,0,0,0,0,5,2,4,2,12.0,4,1,4,13,8,0.5349,43,31,179,2138,LegalQA
SELECT,7.0,0,0,1,0,0,2,0,0,0,0,0,0,0,0,1,0,0,0,0,3,2,3,2,10.5,3,1,2,13,8,0.5349,43,29,171,2056,LegalQA
SELECT,10.0,0,0,1,0,0,4,0,0,0,0,0,0,0,0,1,0,0,0,0,5,2,4,2,12.0,5,1,4,13,8,0.4651,43,31,182,2239,LegalQA
SELECT,10.0,0,0,1,0,0,4,0,0,0,0,0,0,0,0,1,0,0,0,0,5,2,4,2,12.0,4,1,4,13,8,0.5319,47,31,200,2303,LegalQA
SELECT,19.0,0,0,1,0,0,4,3,0,0,0,0,0,0,0,1,0,0,0,0,8,3,8,2,20.0,12,16,5,14,8,0.4458,83,39,387,3491,LegalQA
SELECT,8.5,0,0,1,0,0,3,0,0,0,0,0,0,0,0,1,0,0,0,0,4,2,4,2,12.0,4,1,3,14,8,0.5862,29,31,159,2048,LegalQA
SELECT,8.5,0,0,1,0,0,3,0,0,0,0,0,0,0,0,1,0,0,0,0,4,2,3,2,10.5,4,1,3,14,8,0.5366,41,31,186,2230,LegalQA
SELECT,8.5,0,0,1,0,0,3,0,0,0,0,0,0,0,0,1,0,0,0,0,4,2,4,2,12.0,3,1,3,13,8,0.5082,61,30,205,2395,LegalQA
SELECT,7.0,0,0,1,0,0,2,0,0,0,0,0,0,0,0,1,0,0,0,0,3,2,3,2,10.5,3,1,2,12,7,0.5273,55,27,173,2123,LegalQA
SELECT,8.5,0,0,1,0,0,3,0,0,0,0,0,0,0,0,1,0,0,0,0,4,2,3,2,10.5,3,1,3,13,8,0.5455,55,30,204,2350,LegalQA
SELECT,7.0,0,0,1,0,0,2,0,0,0,0,0,0,0,0,1,0,0,0,0,3,2,3,2,10.5,3,1,2,14,7,0.4706,51,29,170,2195,LegalQA
SELECT,10.0,0,0,1,0,0,4,0,0,0,0,0,0,0,0,1,0,0,0,0,5,2,5,2,13.5,5,1,4,13,8,0.4894,47,31,186,2270,LegalQA
SELECT,7.0,0,0,1,0,0,2,0,0,0,0,0,0,0,0,1,0,0,0,0,3,2,3,2,10.5,3,1,2,13,8,0.5854,41,29,161,2088,LegalQA
SELECT,10.0,0,0,1,0,0,2,1,0,0,0,0,0,0,0,1,0,0,0,0,4,3,3,2,12.5,5,3,2,12,8,0.561,41,31,168,2126,LegalQA
SELECT,8.5,0,0,1,0,0,3,0,0,0,0,0,0,0,0,1,0,0,0,0,4,2,3,2,10.5,4,1,3,14,8,0.5306,49,31,195,2284,LegalQA
SELECT,7.0,0,0,1,0,0,2,0,0,0,0,0,0,0,0,1,0,0,0,0,3,2,3,2,10.5,2,1,2,14,8,0.5122,41,30,169,2064,LegalQA
SELECT,7.0,0,0,1,0,0,2,0,0,0,0,0,0,0,0,1,0,0,0,0,3,2,2,2,9.0,3,1,2,13,8,0.5116,43,29,178,2201,LegalQA
SELECT,7.0,0,0,1,0,0,2,0,0,0,0,0,0,0,0,1,0,0,0,0,3,2,3,2,10.5,3,1,2,13,8,0.4545,55,29,194,2212,LegalQA
SELECT,7.0,0,0,1,0,0,2,0,0,0,0,0,0,0,0,1,0,0,0,0,3,2,3,2,10.5,2,1,2,13,8,0.4915,59,29,210,2312,LegalQA
SELECT,10.0,0,0,1,0,0,4,0,0,0,0,0,0,0,0,1,0,0,0,0,5,2,4,2,12.0,5,1,4,12,8,0.4921,63,30,203,2407,LegalQA
SELECT,8.5,0,0,1,0,0,3,0,0,0,0,0,0,0,0,1,0,0,0,0,4,2,4,2,12.0,9,7,3,13,8,0.459,61,31,235,2599,LegalQA
SELECT,8.5,0,0,1,0,0,3,0,0,0,0,0,0,0,0,1,0,0,0,0,4,2,4,2,12.0,4,1,3,14,8,0.5116,43,31,184,2218,LegalQA
SELECT,10.0,0,0,1,0,0,4,0,0,0,0,0,0,0,0,1,0,0,0,0,5,2,4,2,12.0,4,1,4,13,8,0.4706,51,31,188,2237,LegalQA
SELECT,7.0,0,0,1,0,0,2,0,0,0,0,0,0,0,0,1,0,0,0,0,3,2,3,2,10.5,2,1,2,13,8,0.5854,41,29,155,2060,LegalQA
SELECT,5.5,0,0,1,0,0,1,0,0,0,0,0,0,0,0,1,0,0,0,0,2,2,2,2,9.0,2,1,1,13,8,0.5946,37,28,147,1945,LegalQA
SELECT,7.0,0,0,1,0,0,2,0,0,0,0,0,0,0,0,1,0,0,0,0,3,2,3,2,10.5,3,1,2,13,8,0.5094,53,29,185,2188,LegalQA
SELECT,10.0,0,0,1,0,0,4,0,0,0,0,0,0,0,0,1,0,0,0,0,5,2,4,2,12.0,4,1,4,16,8,0.5676,37,31,173,2202,LegalQA
SELECT,10.0,0,0,1,0,0,4,0,0,0,0,0,0,0,0,1,0,0,0,0,5,2,4,2,12.0,4,1,4,14,8,0.4894,47,32,201,2390,LegalQA
SELECT,8.5,0,0,1,0,0,3,0,0,0,0,0,0,0,0,1,0,0,0,0,4,2,3,2,10.5,4,1,3,14,8,0.5366,41,31,186,2274,LegalQA
SELECT,7.0,0,0,1,0,0,2,0,0,0,0,0,0,0,0,1,0,0,0,0,3,2,3,2,10.5,2,1,2,14,8,0.5946,37,30,163,2020,LegalQA
SELECT,7.0,0,0,1,0,0,2,0,0,0,0,0,0,0,0,1,0,0,0,0,3,2,3,2,10.5,3,1,2,13,7,0.5897,39,28,156,2112,LegalQA
SELECT,8.5,0,0,1,0,0,3,0,0,0,0,0,0,0,0,1,0,0,0,0,4,2,4,2,12.0,4,1,3,13,8,0.5128,39,30,167,2074,LegalQA
SELECT,8.5,0,0,1,0,0,3,0,0,0,0,0,0,0,0,1,0,0,0,0,4,2,4,2,12.0,4,1,3,13,8,0.5106,47,30,184,2227,LegalQA
SELECT,7.0,0,0,1,0,0,2,0,0,0,0,0,0,0,0,1,0,0,0,0,3,2,3,2,10.5,2,1,2,13,8,0.6,35,29,158,2042,LegalQA
SELECT,10.0,0,0,1,0,0,4,0,0,0,0,0,0,0,0,1,0,0,0,0,5,2,4,2,12.0,4,1,4,12,8,0.4898,49,30,188,2285,LegalQA
SELECT,7.0,0,0,1,0,0,2,0,0,0,0,0,0,0,0,1,0,0,0,0,3,2,3,2,10.5,3,1,2,13,8,0.5128,39,29,159,2020,LegalQA
SELECT,10.0,0,0,1,0,0,4,0,0,0,0,0,0,0,0,1,0,0,0,0,5,2,5,2,13.5,5,1,4,13,8,0.6,35,31,162,2126,LegalQA
SELECT,7.0,0,0,1,0,0,2,0,0,0,0,0,0,0,0,1,0,0,0,0,3,2,3,2,10.5,3,1,2,13,8,0.4915,59,29,191,2242,LegalQA
SELECT,7.0,0,0,1,0,0,2,0,0,0,0,0,0,0,0,1,0,0,0,0,3,2,3,2,10.5,3,1,2,13,8,0.5758,33,29,149,1940,LegalQA
SELECT,10.0,0,0,1,0,0,4,0,0,0,0,0,0,0,0,1,0,0,0,0,5,2,5,2,13.5,5,1,4,13,8,0.5116,43,31,190,2346,LegalQA
SELECT,11.5,0,0,1,0,0,5,0,0,0,0,0,0,0,0,1,0,0,0,0,6,2,4,2,12.0,6,1,5,12,8,0.5814,43,31,177,2211,LegalQA
SELECT,8.5,0,0,1,0,0,3,0,0,0,0,0,0,0,0,1,0,0,0,0,4,2,4,2,12.0,4,1,3,13,8,0.4727,55,30,188,2271,LegalQA
SELECT,8.5,0,0,1,0,0,3,0,0,0,0,0,0,0,0,1,0,0,0,0,4,2,4,2,12.0,4,1,3,14,8,0.5116,43,31,180,2217,LegalQA
SELECT,10.0,0,0,1,0,0,4,0,0,0,0,0,0,0,0,1,0,0,0,0,5,2,4,2,12.0,4,1,4,14,8,0.5405,37,32,181,2220,LegalQA
SELECT,8.5,0,0,1,0,0,3,0,0,0,0,0,0,0,0,1,0,0,0,0,4,2,4,2,12.0,4,1,3,13,8,0.4912,57,30,200,2252,LegalQA
SELECT,7.0,0,0,1,0,0,2,0,0,0,0,0,0,0,0,1,0,0,0,0,3,2,3,2,10.5,3,1,2,17,8,0.4894,47,30,197,2203,LegalQA
SELECT,10.0,0,0,1,0,0,4,0,0,0,0,0,0,0,0,1,0,0,0,0,5,2,4,2,12.0,4,1,4,13,8,0.5472,53,31,194,2339,LegalQA
SELECT,7.0,0,0,1,0,0,2,0,0,0,0,0,0,0,0,1,0,0,0,0,3,2,3,2,10.5,2,1,2,13,8,0.5641,39,29,158,2051,LegalQA
SELECT,10.0,0,0,1,0,0,4,0,0,0,0,0,0,0,0,1,0,0,0,0,5,2,5,2,13.5,5,1,4,14,8,0.5556,45,32,180,2251,LegalQA
SELECT,7.0,0,0,1,0,0,2,0,0,0,0,0,0,0,0,1,0,0,0,0,3,2,3,2,10.5,2,1,2,13,8,0.5094,53,29,173,2127,LegalQA
SELECT,8.5,0,0,1,0,0,3,0,0,0,0,0,0,0,0,1,0,0,0,0,4,2,4,2,12.0,4,1,3,13,8,0.5472,53,30,187,2245,LegalQA
SELECT,7.0,0,0,1,0,0,2,0,0,0,0,0,0,0,0,1,0,0,0,0,3,2,3,2,10.5,2,1,2,13,8,0.5273,55,29,194,2224,LegalQA
SELECT,7.0,0,0,1,0,0,2,0,0,0,0,0,0,0,0,1,0,0,0,0,3,2,3,2,10.5,2,1,2,13,8,0.5098,51,29,183,2183,LegalQA
SELECT,7.0,0,0,1,0,0,2,0,0,0,0,0,0,0,0,1,0,0,0,0,3,2,3,2,10.5,3,1,2,13,7,0.5556,45,28,161,2089,LegalQA
SELECT,10.0,0,0,1,0,0,4,0,0,0,0,0,0,0,0,1,0,0,0,0,5,2,4,2,12.0,4,1,4,13,8,0.5077,65,31,227,2537,LegalQA
SELECT,7.0,0,0,1,0,0,2,0,0,0,0,0,0,0,0,1,0,0,0,0,3,2,3,2,10.5,3,1,2,13,8,0.5098,51,29,180,2206,LegalQA
SELECT,10.0,0,0,1,0,0,4,0,0,0,0,0,0,0,0,1,0,0,0,0,5,2,5,2,13.5,5,1,4,13,8,0.4648,71,31,231,2546,LegalQA
SELECT,7.0,0,0,1,0,0,2,0,0,0,0,0,0,0,0,1,0,0,0,0,3,2,3,2,10.5,2,1,2,13,8,0.5306,49,29,176,2187,LegalQA
SELECT,7.0,0,0,1,0,0,2,0,0,0,0,0,0,0,0,1,0,0,0,0,3,2,3,2,10.5,2,1,2,13,8,0.4898,49,29,176,2139,LegalQA
SELECT,7.0,0,0,1,0,0,2,0,0,0,0,0,0,0,0,1,0,0,0,0,3,2,3,2,10.5,3,1,2,13,8,0.3766,77,29,257,2639,LegalQA
SELECT,8.5,0,0,1,0,0,3,0,0,0,0,0,0,0,0,1,0,0,0,0,4,2,4,2,12.0,4,1,3,13,8,0.5556,45,30,178,2151,LegalQA
SELECT,7.0,0,0,1,0,0,2,0,0,0,0,0,0,0,0,1,0,0,0,0,3,2,3,2,10.5,3,1,2,14,8,0.551,49,30,196,2294,LegalQA
SELECT,10.0,0,0,1,0,0,4,0,0,0,0,0,0,0,0,1,0,0,0,0,5,2,5,2,13.5,5,1,4,15,8,0.5091,55,30,196,2329,LegalQA
SELECT,8.5,0,0,1,0,0,3,0,0,0,0,0,0,0,0,1,0,0,0,0,4,2,4,2,12.0,4,1,3,13,8,0.5333,45,30,170,2163,LegalQA
SELECT,8.5,0,0,1,0,0,3,0,0,0,0,0,0,0,0,1,0,0,0,0,4,2,4,2,12.0,3,1,3,13,8,0.5091,55,30,187,2259,LegalQA
SELECT,7.0,0,0,1,0,0,2,0,0,0,0,0,0,0,0,1,0,0,0,0,3,2,3,2,10.5,3,1,2,12,8,0.5745,47,28,158,2083,LegalQA
SELECT,8.5,0,0,1,0,0,3,0,0,0,0,0,0,0,0,1,0,0,0,0,4,2,4,2,12.0,3,1,3,13,8,0.4627,67,30,220,2469,LegalQA
SELECT,10.0,0,0,1,0,0,4,0,0,0,0,0,0,0,0,1,0,0,0,0,5,2,4,2,12.0,5,1,4,13,8,0.4478,67,31,224,2481,LegalQA
SELECT,16.0,0,0,1,0,0,2,3,0,0,0,0,0,0,0,1,0,0,0,0,6,3,2,2,11.0,3,1,2,12,8,0.5068,73,28,203,2412,LegalQA
SELECT,7.0,0,0,1,0,0,2,0,0,0,0,0,0,0,0,1,0,0,0,0,3,2,3,2,10.5,3,1,2,17,8,0.5472,53,30,209,2402,LegalQA
SELECT,7.0,0,0,1,0,0,2,0,0,0,0,0,0,0,0,1,0,0,0,0,3,2,3,2,10.5,3,1,2,12,7,0.4694,49,27,161,2010,LegalQA
SELECT,10.0,0,0,1,0,0,4,0,0,0,0,0,0,0,0,1,0,0,0,0,5,2,4,2,12.0,5,1,4,12,8,0.4727,55,30,182,2296,LegalQA
SELECT,7.0,0,0,1,0,0,2,0,0,0,0,0,0,0,0,1,0,0,0,0,3,2,3,2,10.5,3,1,2,13,8,0.5106,47,29,170,2156,LegalQA
SELECT,7.0,0,0,1,0,0,2,0,0,0,0,0,0,0,0,1,0,0,0,0,3,2,3,2,10.5,6,4,2,14,8,0.48,75,31,249,2668,LegalQA
SELECT,10.0,0,0,1,0,0,4,0,0,0,0,0,0,0,0,1,0,0,0,0,5,2,5,2,13.5,5,1,4,14,8,0.4915,59,32,219,2459,LegalQA
SELECT,7.0,0,0,1,0,0,2,0,0,0,0,0,0,0,0,1,0,0,0,0,3,2,3,2,10.5,3,1,2,13,8,0.5135,37,29,159,1993,LegalQA
SELECT,7.0,0,0,1,0,0,2,0,0,0,0,0,0,0,0,1,0,0,0,0,3,2,3,2,10.5,2,1,2,13,8,0.5319,47,29,173,2113,LegalQA
ASK,11.5,0,1,1,0,1,3,0,0,0,0,0,0,0,0,1,0,0,0,0,5,3,3,3,13.5,5,1,3,13,8,0.549,51,31,210,2355,LegalQA
SELECT,5.5,0,0,1,0,0,1,0,0,0,0,0,0,0,0,1,0,0,0,0,2,2,2,2,9.0,2,1,1,13,8,0.561,41,28,156,1941,LegalQA
SELECT,7.0,0,0,1,0,0,2,0,0,0,0,0,0,0,0,1,0,0,0,0,3,2,3,2,10.5,3,1,2,12,7,0.4898,49,27,167,2121,LegalQA
SELECT,7.0,0,0,1,0,0,2,0,0,0,0,0,0,0,0,1,0,0,0,0,3,2,3,2,10.5,3,1,2,13,8,0.4898,49,29,182,2170,LegalQA
SELECT,5.5,0,0,1,0,0,1,0,0,0,0,0,0,0,0,1,0,0,0,0,2,2,2,2,9.0,2,1,1,13,8,0.561,41,28,153,1971,LegalQA
SELECT,7.0,0,0,1,0,0,2,0,0,0,0,0,0,0,0,1,0,0,0,0,3,2,3,2,10.5,3,1,2,17,8,0.5283,53,30,192,2242,LegalQA
SELECT,7.0,0,0,1,0,0,2,0,0,0,0,0,0,0,0,1,0,0,0,0,3,2,3,2,10.5,3,1,2,13,8,0.5273,55,29,182,2256,LegalQA
SELECT,10.0,0,0,1,0,0,4,0,0,0,0,0,0,0,0,1,0,0,0,0,5,2,5,2,13.5,5,1,4,13,8,0.5333,45,31,200,2295,LegalQA
SELECT,8.5,0,0,1,0,0,3,0,0,0,0,0,0,0,0,1,0,0,0,0,4,2,4,2,12.0,4,1,3,13,8,0.5122,41,30,166,2049,LegalQA
SELECT,8.5,0,0,1,0,0,3,0,0,0,0,0,0,0,0,1,0,0,0,0,4,2,4,2,12.0,4,1,3,13,8,0.4762,63,30,217,2404,LegalQA
SELECT,7.0,0,0,1,0,0,2,0,0,0,0,0,0,0,0,1,0,0,0,0,3,2,3,2,10.5,2,1,2,13,8,0.5333,45,29,161,2051,LegalQA
SELECT,8.5,0,0,1,0,0,3,0,0,0,0,0,0,0,0,1,0,0,0,0,4,2,3,2,10.5,3,1,3,13,8,0.5385,39,30,180,2149,LegalQA
SELECT,10.0,0,0,1,0,0,4,0,0,0,0,0,0,0,0,1,0,0,0,0,5,2,4,2,12.0,5,1,4,12,8,0.4928,69,30,222,2541,LegalQA
SELECT,5.5,0,0,1,0,0,1,0,0,0,0,0,0,0,0,1,0,0,0,0,2,2,2,2,9.0,2,1,1,14,8,0.5897,39,29,153,1978,LegalQA
SELECT,7.0,0,0,1,0,0,2,0,0,0,0,0,0,0,0,1,0,0,0,0,3,2,3,2,10.5,3,1,2,14,8,0.4156,77,30,266,2711,LegalQA
SELECT,7.0,0,0,1,0,0,2,0,0,0,0,0,0,0,0,1,0,0,0,0,3,2,3,2,10.5,2,1,2,13,8,0.5128,39,29,162,2010,LegalQA
SELECT,8.5,0,0,1,0,0,3,0,0,0,0,0,0,0,0,1,0,0,0,0,4,2,3,2,10.5,4,1,3,13,8,0.5385,39,30,159,2078,LegalQA
SELECT,13.0,0,0,1,0,0,6,0,0,0,0,0,0,0,0,1,0,0,0,0,7,2,5,2,13.5,7,1,6,13,8,0.4912,57,33,231,2558,LegalQA
SELECT,8.5,0,0,1,0,0,3,0,0,0,0,0,0,0,0,1,0,0,0,0,4,2,4,2,12.0,4,1,3,13,8,0.5091,55,30,190,2264,LegalQA
SELECT,7.0,0,0,1,0,0,2,0,0,0,0,0,0,0,0,1,0,0,0,0,3,2,3,2,10.5,3,1,2,16,8,0.4638,69,29,221,2326,LegalQA
SELECT,11.5,0,0,1,0,0,3,1,0,0,0,0,0,0,0,1,0,0,0,0,5,3,7,2,18.5,10,10,3,14,8,0.5246,61,34,281,2857,LegalQA
SELECT,8.5,0,0,1,0,0,3,0,0,0,0,0,0,0,0,1,0,0,0,0,4,2,4,2,12.0,4,1,3,13,8,0.5122,41,30,169,2098,LegalQA
SELECT,10.0,0,0,1,0,0,4,0,0,0,0,0,0,0,0,1,0,0,0,0,5,2,4,2,12.0,5,1,4,14,7,0.5106,47,31,193,2382,LegalQA
SELECT,7.0,0,0,1,0,0,2,0,0,0,0,0,0,0,0,1,0,0,0,0,3,2,2,2,9.0,3,1,2,13,8,0.4737,57,29,193,2204,LegalQA
SELECT,7.0,0,0,1,0,0,2,0,0,0,0,0,0,0,0,1,0,0,0,0,3,2,3,2,10.5,3,1,2,13,8,0.5152,33,29,158,2042,LegalQA
SELECT,8.5,0,0,1,0,0,3,0,0,0,0,0,0,0,0,1,0,0,0,0,4,2,4,2,12.0,4,1,3,13,8,0.4894,47,30,185,2201,LegalQA
SELECT,10.0,0,0,1,0,0,4,0,0,0,0,0,0,0,0,1,0,0,0,0,5,2,4,2,12.0,5,1,4,13,7,0.5094,53,30,185,2340,LegalQA
SELECT,10.0,0,0,1,0,0,4,0,0,0,0,0,0,0,0,1,0,0,0,0,5,2,4,2,12.0,5,1,4,13,8,0.5581,43,31,176,2221,LegalQA
SELECT,10.0,0,0,1,0,0,4,0,0,0,0,0,0,0,0,1,0,0,0,0,5,2,4,2,12.0,5,1,4,14,8,0.5641,39,32,195,2326,LegalQA
SELECT,8.5,0,0,1,0,0,3,0,0,0,0,0,0,0,0,1,0,0,0,0,4,2,4,2,12.0,3,1,3,13,8,0.5349,43,30,172,2111,LegalQA
SELECT,8.5,0,0,1,0,0,3,0,0,0,0,0,0,0,0,1,0,0,0,0,4,2,4,2,12.0,4,1,3,15,8,0.5429,35,29,157,2059,LegalQA
SELECT,10.0,0,0,1,0,0,4,0,0,0,0,0,0,0,0,1,0,0,0,0,5,2,4,2,12.0,4,1,4,13,8,0.5641,39,31,176,2201,LegalQA
SELECT,10.0,0,0,1,0,0,4,0,0,0,0,0,0,0,0,1,0,0,0,0,5,2,4,2,12.0,5,1,4,12,8,0.5349,43,30,171,2209,LegalQA
SELECT,7.0,0,0,1,0,0,2,0,0,0,0,0,0,0,0,1,0,0,0,0,3,2,3,2,10.5,2,1,2,14,8,0.4884,43,30,172,2063,LegalQA
SELECT,8.5,0,0,1,0,0,3,0,0,0,0,0,0,0,0,1,0,0,0,0,4,2,3,2,10.5,4,1,3,14,8,0.4918,61,31,224,2440,LegalQA
SELECT,8.5,0,0,1,0,0,3,0,0,0,0,0,0,0,0,1,0,0,0,0,4,2,4,2,12.0,4,1,3,13,8,0.4493,69,30,226,2466,LegalQA
SELECT,10.0,0,0,1,0,0,4,0,0,0,0,0,0,0,0,1,0,0,0,0,5,2,4,2,12.0,4,1,4,13,8,0.561,41,31,179,2244,LegalQA
SELECT,10.0,0,0,1,0,0,4,0,0,0,0,0,0,0,0,1,0,0,0,0,5,2,4,2,12.0,5,1,4,13,8,0.5385,39,31,179,2213,LegalQA
SELECT,7.0,0,0,1,0,0,2,0,0,0,0,0,0,0,0,1,0,0,0,0,3,2,3,2,10.5,3,1,2,15,8,0.5745,47,28,170,2167,LegalQA
SELECT,8.5,0,0,1,0,0,3,0,0,0,0,0,0,0,0,1,0,0,0,0,4,2,3,2,10.5,3,1,3,13,8,0.4746,59,30,204,2319,LegalQA
SELECT,7.0,0,0,1,0,0,2,0,0,0,0,0,0,0,0,1,0,0,0,0,3,2,3,2,10.5,3,1,2,12,8,0.4717,53,28,164,2155,LegalQA
SELECT,8.5,0,0,1,0,0,3,0,0,0,0,0,0,0,0,1,0,0,0,0,4,2,4,2,12.0,4,1,3,14,8,0.4918,61,31,243,2570,LegalQA
SELECT,7.0,0,0,1,0,0,2,0,0,0,0,0,0,0,0,1,0,0,0,0,3,2,3,2,10.5,3,1,2,14,8,0.4615,39,30,165,2037,LegalQA
SELECT,7.0,0,0,1,0,0,2,0,0,0,0,0,0,0,0,1,0,0,0,0,3,2,3,2,10.5,3,1,2,12,8,0.449,49,28,170,2045,LegalQA
SELECT,10.0,0,0,1,0,0,4,0,0,0,0,0,0,0,0,1,0,0,0,0,5,2,4,2,12.0,4,1,4,13,8,0.4762,63,31,215,2411,LegalQA
SELECT,7.0,0,0,1,0,0,2,0,0,0,0,0,0,0,0,1,0,0,0,0,3,2,3,2,10.5,3,1,2,13,8,0.4889,45,29,174,2156,LegalQA
SELECT,10.0,0,0,1,0,0,4,0,0,0,0,0,0,0,0,1,0,0,0,0,5,2,4,2,12.0,5,1,4,12,8,0.4419,43,30,176,2299,LegalQA
SELECT,10.0,0,0,1,0,0,4,0,0,0,0,0,0,0,0,1,0,0,0,0,5,2,4,2,12.0,4,1,4,13,8,0.561,41,31,170,2217,LegalQA
SELECT,10.0,0,0,1,0,0,4,0,0,0,0,0,0,0,0,1,0,0,0,0,5,2,4,2,12.0,5,1,4,14,7,0.5098,51,31,196,2416,LegalQA
SELECT,7.0,0,0,1,0,0,2,0,0,0,0,0,0,0,0,1,0,0,0,0,3,2,3,2,10.5,2,1,2,13,8,0.5385,39,29,155,2025,LegalQA
SELECT,8.5,0,0,1,0,0,3,0,0,0,0,0,0,0,0,1,0,0,0,0,4,2,4,2,12.0,4,1,3,13,8,0.4878,41,30,175,2092,LegalQA
SELECT,7.0,0,0,1,0,0,2,0,0,0,0,0,0,0,0,1,0,0,0,0,3,2,3,2,10.5,3,1,2,12,8,0.5349,43,28,152,2078,LegalQA
SELECT,7.0,0,0,1,0,0,2,0,0,0,0,0,0,0,0,1,0,0,0,0,3,2,3,2,10.5,3,1,2,13,8,0.4906,53,29,185,2207,LegalQA
SELECT,7.0,0,0,1,0,0,2,0,0,0,0,0,0,0,0,1,0,0,0,0,3,2,3,2,10.5,2,1,2,14,8,0.4348,69,30,216,2365,LegalQA
SELECT,10.0,0,0,1,0,0,4,0,0,0,0,0,0,0,0,1,0,0,0,0,5,2,4,2,12.0,4,1,4,13,8,0.4237,59,31,200,2422,LegalQA
SELECT,13.0,0,1,1,0,1,4,0,0,0,0,0,0,0,0,1,0,0,0,0,6,3,4,3,15.0,6,1,4,14,7,0.4918,61,32,229,2695,LegalQA
SELECT,5.5,0,0,1,0,0,1,0,0,0,0,0,0,0,0,1,0,0,0,0,2,2,2,2,9.0,2,1,1,13,8,0.5306,49,28,165,2089,LegalQA
SELECT,7.0,0,0,1,0,0,2,0,0,0,0,0,0,0,0,1,0,0,0,0,3,2,3,2,10.5,3,1,2,13,8,0.4921,63,29,203,2281,LegalQA
SELECT,8.5,0,0,1,0,0,3,0,0,0,0,0,0,0,0,1,0,0,0,0,4,2,3,2,10.5,4,1,3,13,8,0.5306,49,30,189,2231,LegalQA
SELECT,8.5,0,0,1,0,0,3,0,0,0,0,0,0,0,0,1,0,0,0,0,4,2,3,2,10.5,4,1,3,13,8,0.4857,35,30,157,2063,LegalQA
SELECT,7.0,0,0,1,0,0,2,0,0,0,0,0,0,0,0,1,0,0,0,0,3,2,3,2,10.5,3,1,2,13,7,0.5897,39,28,161,2105,LegalQA
SELECT,7.0,0,0,1,0,0,2,0,0,0,0,0,0,0,0,1,0,0,0,0,3,2,3,2,10.5,3,1,2,12,7,0.4576,59,27,176,2092,LegalQA
SELECT,10.0,0,0,1,0,0,4,0,0,0,0,0,0,0,0,1,0,0,0,0,5,2,4,2,12.0,4,1,4,13,8,0.5283,53,31,188,2302,LegalQA
SELECT,7.0,0,0,1,0,0,2,0,0,0,0,0,0,0,0,1,0,0,0,0,3,2,3,2,10.5,2,1,2,13,8,0.5283,53,29,197,2248,LegalQA
SELECT,7.0,0,0,1,0,0,2,0,0,0,0,0,0,0,0,1,0,0,0,0,3,2,2,2,9.0,3,1,2,13,8,0.4898,49,29,175,2148,LegalQA
SELECT,7.0,0,0,1,0,0,2,0,0,0,0,0,0,0,0,1,0,0,0,0,3,2,3,2,10.5,3,1,2,14,8,0.4407,59,30,204,2292,LegalQA
SELECT,7.0,0,0,1,0,0,2,0,0,0,0,0,0,0,0,1,0,0,0,0,3,2,3,2,10.5,3,1,2,12,8,0.5676,37,28,144,1977,LegalQA
SELECT,10.0,0,0,1,0,0,4,0,0,0,0,0,0,0,0,1,0,0,0,0,5,2,4,2,12.0,4,1,4,13,8,0.4909,55,31,218,2341,LegalQA
SELECT,7.0,0,0,1,0,0,2,0,0,0,0,0,0,0,0,1,0,0,0,0,3,2,3,2,10.5,3,1,2,13,8,0.5714,49,29,170,2108,LegalQA
SELECT,8.5,0,0,1,0,0,3,0,0,0,0,0,0,0,0,1,0,0,0,0,4,2,4,2,12.0,4,1,3,14,8,0.4386,57,31,222,2477,LegalQA
SELECT,7.0,0,0,1,0,0,2,0,0,0,0,0,0,0,0,1,0,0,0,0,3,2,3,2,10.5,2,1,2,14,8,0.5758,33,30,153,1991,LegalQA
SELECT,8.5,0,0,1,0,0,3,0,0,0,0,0,0,0,0,1,0,0,0,0,4,2,4,2,12.0,4,1,3,13,8,0.5581,43,30,175,2178,LegalQA
SELECT,7.0,0,0,1,0,0,2,0,0,0,0,0,0,0,0,1,0,0,0,0,3,2,3,2,10.5,3,1,2,13,8,0.5333,45,29,171,2072,LegalQA
SELECT,7.0,0,0,1,0,0,2,0,0,0,0,0,0,0,0,1,0,0,0,0,3,2,3,2,10.5,2,1,2,13,8,0.4098,61,29,217,2212,LegalQA
SELECT,7.0,0,0,1,0,0,2,0,0,0,0,0,0,0,0,1,0,0,0,0,3,2,3,2,10.5,3,1,2,12,8,0.5455,33,28,152,1935,LegalQA
SELECT,7.0,0,0,1,0,0,2,0,0,0,0,0,0,0,0,1,0,0,0,0,3,2,3,2,10.5,3,1,2,14,8,0.3934,61,30,210,2363,LegalQA
SELECT,8.5,0,0,1,0,0,3,0,0,0,0,0,0,0,0,1,0,0,0,0,4,2,3,2,10.5,4,1,3,16,8,0.5581,43,30,174,2234,LegalQA
SELECT,10.0,0,0,1,0,0,4,0,0,0,0,0,0,0,0,1,0,0,0,0,5,2,5,2,13.5,5,1,4,13,8,0.5455,55,31,222,2470,LegalQA
SELECT,10.0,0,0,1,0,0,4,0,0,0,0,0,0,0,0,1,0,0,0,0,5,2,4,2,12.0,4,1,4,13,8,0.5111,45,31,186,2226,LegalQA
SELECT,8.5,0,0,1,0,0,3,0,0,0,0,0,0,0,0,1,0,0,0,0,4,2,3,2,10.5,4,1,3,12,8,0.5333,45,29,163,2118,LegalQA
SELECT,7.0,0,0,1,0,0,2,0,0,0,0,0,0,0,0,1,0,0,0,0,3,2,3,2,10.5,2,1,2,13,8,0.5273,55,29,185,2274,LegalQA
SELECT,7.0,0,0,1,0,0,2,0,0,0,0,0,0,0,0,1,0,0,0,0,3,2,3,2,10.5,3,1,2,12,8,0.4386,57,28,167,2059,LegalQA
SELECT,10.0,0,0,1,0,0,4,0,0,0,0,0,0,0,0,1,0,0,0,0,5,2,4,2,12.0,5,1,4,12,8,0.5517,29,30,143,1980,LegalQA
SELECT,10.0,0,0,1,0,0,4,0,0,0,0,0,0,0,0,1,0,0,0,0,5,2,4,2,12.0,4,1,4,14,8,0.5676,37,32,189,2246,LegalQA
SELECT,10.0,0,0,1,0,0,4,0,0,0,0,0,0,0,0,1,0,0,0,0,5,2,4,2,12.0,4,1,4,13,8,0.4151,53,31,201,2334,LegalQA
SELECT,10.0,0,0,1,0,0,4,0,0,0,0,0,0,0,0,1,0,0,0,0,5,2,4,2,12.0,5,1,4,13,8,0.4717,53,31,194,2285,LegalQA
SELECT,7.0,0,0,1,0,0,2,0,0,0,0,0,0,0,0,1,0,0,0,0,3,2,3,2,10.5,3,1,2,13,8,0.5122,41,29,177,2122,LegalQA
SELECT,8.5,0,0,1,0,0,3,0,0,0,0,0,0,0,0,1,0,0,0,0,4,2,4,2,12.0,4,1,3,12,8,0.561,41,29,163,2096,LegalQA
SELECT,8.5,0,0,1,0,0,3,0,0,0,0,0,0,0,0,1,0,0,0,0,4,2,4,2,12.0,4,1,3,12,8,0.4894,47,29,175,2305,LegalQA
SELECT,8.5,0,0,1,0,0,3,0,0,0,0,0,0,0,0,1,0,0,0,0,4,2,4,2,12.0,4,1,3,14,8,0.4444,45,31,191,2258,LegalQA
SELECT,16.0,0,0,1,0,0,2,3,0,0,0,0,0,0,0,1,0,0,0,0,6,3,3,2,12.5,3,1,2,14,8,0.4478,67,30,230,2509,LegalQA
SELECT,7.0,0,0,1,0,0,2,0,0,0,0,0,0,0,0,1,0,0,0,0,3,2,3,2,10.5,2,1,2,14,8,0.5714,35,30,156,2051,LegalQA
SELECT,7.0,0,0,1,0,0,2,0,0,0,0,0,0,0,0,1,0,0,0,0,3,2,3,2,10.5,2,1,2,13,8,0.5581,43,29,158,2018,LegalQA
SELECT,10.0,0,0,1,0,0,4,0,0,0,0,0,0,0,0,1,0,0,0,0,5,2,4,2,12.0,4,1,4,13,8,0.4521,73,31,257,2558,LegalQA
SELECT,7.0,0,0,1,0,0,2,0,0,0,0,0,0,0,0,1,0,0,0,0,3,2,3,2,10.5,2,1,2,13,8,0.4754,61,29,197,2286,LegalQA
SELECT,10.0,0,0,1,0,0,4,0,0,0,0,0,0,0,0,1,0,0,0,0,5,2,4,2,12.0,4,1,4,13,8,0.5122,41,31,191,2255,LegalQA
SELECT,7.0,0,0,1,0,0,2,0,0,0,0,0,0,0,0,1,0,0,0,0,3,2,3,2,10.5,3,1,2,13,8,0.5472,53,29,182,2198,LegalQA
SELECT,8.5,0,0,1,0,0,3,0,0,0,0,0,0,0,0,1,0,0,0,0,4,2,4,2,12.0,3,1,3,14,8,0.5273,55,31,204,2376,LegalQA
SELECT,10.0,0,0,1,0,0,4,0,0,0,0,0,0,0,0,1,0,0,0,0,5,2,4,2,12.0,5,1,4,14,7,0.5283,53,31,202,2451,LegalQA
SELECT,7.0,0,0,1,0,0,2,0,0,0,0,0,0,0,0,1,0,0,0,0,3,2,3,2,10.5,2,1,2,13,8,0.5091,55,29,179,2208,LegalQA
SELECT,7.0,0,0,1,0,0,2,0,0,0,0,0,0,0,0,1,0,0,0,0,3,2,3,2,10.5,3,1,2,13,8,0.5106,47,29,167,2141,LegalQA
SELECT,10.0,0,0,1,0,0,4,0,0,0,0,0,0,0,0,1,0,0,0,0,5,2,4,2,12.0,4,1,4,13,8,0.5714,35,31,167,2147,LegalQA
SELECT,7.0,0,0,1,0,0,2,0,0,0,0,0,0,0,0,1,0,0,0,0,3,2,3,2,10.5,2,1,2,13,8,0.5085,59,29,206,2276,LegalQA
SELECT,7.0,0,0,1,0,0,2,0,0,0,0,0,0,0,0,1,0,0,0,0,3,2,3,2,10.5,3,1,2,13,8,0.6129,31,29,149,1972,LegalQA
SELECT,7.0,0,0,1,0,0,2,0,0,0,0,0,0,0,0,1,0,0,0,0,3,2,3,2,10.5,3,1,2,12,7,0.5405,37,27,152,1938,LegalQA
SELECT,7.0,0,0,1,0,0,2,0,0,0,0,0,0,0,0,1,0,0,0,0,3,2,3,2,10.5,3,1,2,12,7,0.561,41,27,146,1913,LegalQA
SELECT,8.5,0,0,1,0,0,3,0,0,0,0,0,0,0,0,1,0,0,0,0,4,2,3,2,10.5,4,1,3,13,8,0.6207,29,30,144,1970,LegalQA
SELECT,8.5,0,0,1,0,0,3,0,0,0,0,0,0,0,0,1,0,0,0,0,4,2,4,2,12.0,4,1,3,13,8,0.5116,43,30,176,2122,LegalQA
SELECT,10.0,0,0,1,0,0,4,0,0,0,0,0,0,0,0,1,0,0,0,0,5,2,5,2,13.5,5,1,4,14,8,0.4884,43,32,207,2317,LegalQA
SELECT,10.0,0,0,1,0,0,4,0,0,0,0,0,0,0,0,1,0,0,0,0,5,2,4,2,12.0,4,1,4,14,8,0.5714,35,32,171,2148,LegalQA
SELECT,7.0,0,0,1,0,0,2,0,0,0,0,0,0,0,0,1,0,0,0,0,3,2,3,2,10.5,3,1,2,14,8,0.4483,29,30,145,1990,LegalQA
SELECT,7.0,0,0,1,0,0,2,0,0,0,0,0,0,0,0,1,0,0,0,0,3,2,3,2,10.5,3,1,2,13,8,0.6,35,29,152,1989,LegalQA
SELECT,8.5,0,0,1,0,0,3,0,0,0,0,0,0,0,0,1,0,0,0,0,4,2,4,2,12.0,4,1,3,13,8,0.5556,45,30,186,2190,LegalQA
SELECT,8.5,0,0,1,0,0,3,0,0,0,0,0,0,0,0,1,0,0,0,0,4,2,4,2,12.0,4,1,3,13,8,0.4912,57,30,211,2361,LegalQA
SELECT,10.0,0,0,1,0,0,4,0,0,0,0,0,0,0,0,1,0,0,0,0,5,2,4,2,12.0,4,1,4,12,8,0.4912,57,30,209,2369,LegalQA
SELECT,10.0,0,0,1,0,0,4,0,0,0,0,0,0,0,0,1,0,0,0,0,5,2,4,2,12.0,4,1,4,13,8,0.4328,67,31,224,2475,LegalQA
SELECT,8.5,0,0,1,0,0,3,0,0,0,0,0,0,0,0,1,0,0,0,0,4,2,4,2,12.0,4,1,3,13,8,0.5106,47,30,178,2144,LegalQA
SELECT,8.5,0,0,1,0,0,3,0,0,0,0,0,0,0,0,1,0,0,0,0,4,2,4,2,12.0,4,1,3,13,8,0.5102,49,30,181,2231,LegalQA
SELECT,8.5,0,0,1,0,0,3,0,0,0,0,0,0,0,0,1,0,0,0,0,4,2,4,2,12.0,4,1,3,13,8,0.5897,39,30,172,2103,LegalQA
SELECT,8.5,0,0,1,0,0,3,0,0,0,0,0,0,0,0,1,0,0,0,0,4,2,3,2,10.5,3,1,3,13,8,0.5349,43,30,174,2175,LegalQA
SELECT,8.5,0,0,1,0,0,3,0,0,0,0,0,0,0,0,1,0,0,0,0,4,2,4,2,12.0,4,1,3,14,8,0.5128,39,31,191,2263,LegalQA
SELECT,10.0,0,0,1,0,0,4,0,0,0,0,0,0,0,0,1,0,0,0,0,5,2,4,2,12.0,4,1,4,13,8,0.4894,47,31,189,2290,LegalQA
SELECT,7.0,0,0,1,0,0,2,0,0,0,0,0,0,0,0,1,0,0,0,0,3,2,3,2,10.5,3,1,2,13,8,0.5429,35,29,152,1992,LegalQA
SELECT,19.0,0,0,1,0,0,4,3,0,0,0,0,0,0,0,1,0,0,0,0,8,3,4,2,14.0,5,1,4,14,8,0.5778,45,32,191,2310,LegalQA
SELECT,7.0,0,0,1,0,0,2,0,0,0,0,0,0,0,0,1,0,0,0,0,3,2,3,2,10.5,3,1,2,13,8,0.5439,57,29,203,2332,LegalQA
SELECT,7.0,0,0,1,0,0,2,0,0,0,0,0,0,0,0,1,0,0,0,0,3,2,3,2,10.5,3,1,2,13,7,0.561,41,28,152,2068,LegalQA
SELECT,7.0,0,0,1,0,0,2,0,0,0,0,0,0,0,0,1,0,0,0,0,3,2,3,2,10.5,3,1,2,13,8,0.5758,33,29,140,1928,LegalQA
SELECT,7.0,0,0,1,0,0,2,0,0,0,0,0,0,0,0,1,0,0,0,0,3,2,3,2,10.5,3,1,2,13,8,0.4444,45,29,176,2186,LegalQA
SELECT,10.0,0,0,1,0,0,4,0,0,0,0,0,0,0,0,1,0,0,0,0,5,2,4,2,12.0,4,1,4,13,8,0.5366,41,31,183,2217,LegalQA
SELECT,7.0,0,0,1,0,0,2,0,0,0,0,0,0,0,0,1,0,0,0,0,3,2,3,2,10.5,2,1,2,13,8,0.5946,37,29,170,2097,LegalQA
SELECT,8.5,0,0,1,0,0,3,0,0,0,0,0,0,0,0,1,0,0,0,0,4,2,4,2,12.0,4,1,3,17,8,0.5306,49,31,191,2272,LegalQA
SELECT,13.0,0,0,1,0,0,6,0,0,0,0,0,0,0,0,1,0,0,0,0,7,2,5,2,13.5,7,1,6,13,8,0.4706,85,33,278,2877,LegalQA
SELECT,7.0,0,0,1,0,0,2,0,0,0,0,0,0,0,0,1,0,0,0,0,3,2,3,2,10.5,2,1,2,13,8,0.5854,41,29,164,2085,LegalQA
SELECT,10.0,0,0,1,0,0,4,0,0,0,0,0,0,0,0,1,0,0,0,0,5,2,4,2,12.0,4,1,4,12,8,0.5094,53,30,179,2296,LegalQA
SELECT,7.0,0,0,1,0,0,2,0,0,0,0,0,0,0,0,1,0,0,0,0,3,2,3,2,10.5,3,1,2,13,8,0.6296,27,29,134,1874,LegalQA
SELECT,10.0,0,0,1,0,0,4,0,0,0,0,0,0,0,0,1,0,0,0,0,5,2,4,2,12.0,5,1,4,15,8,0.4561,57,33,230,2513,LegalQA
SELECT,7.0,0,0,1,0,0,2,0,0,0,0,0,0,0,0,1,0,0,0,0,3,2,3,2,10.5,6,5,2,13,8,0.4915,59,30,220,2471,LegalQA
SELECT,8.5,0,0,1,0,0,3,0,0,0,0,0,0,0,0,1,0,0,0,0,4,2,4,2,12.0,4,1,3,13,8,0.5556,45,30,172,2182,LegalQA
SELECT,10.0,0,0,1,0,0,4,0,0,0,0,0,0,0,0,1,0,0,0,0,5,2,4,2,12.0,4,1,4,13,8,0.6207,29,31,161,2106,LegalQA
SELECT,8.5,0,0,1,0,0,3,0,0,0,0,0,0,0,0,1,0,0,0,0,4,2,4,2,12.0,4,1,3,13,8,0.5641,39,30,172,2104,LegalQA
SELECT,10.0,0,0,1,0,0,4,0,0,0,0,0,0,0,0,1,0,0,0,0,5,2,4,2,12.0,4,1,4,13,8,0.5854,41,31,173,2204,LegalQA
SELECT,10.0,0,0,1,0,0,4,0,0,0,0,0,0,0,0,1,0,0,0,0,5,2,4,2,12.0,4,1,4,14,8,0.5556,63,32,223,2471,LegalQA
SELECT,10.0,0,0,1,0,0,4,0,0,0,0,0,0,0,0,1,0,0,0,0,5,2,4,2,12.0,4,1,4,13,8,0.5745,47,31,179,2212,LegalQA
SELECT,8.5,0,0,1,0,0,3,0,0,0,0,0,0,0,0,1,0,0,0,0,4,2,4,2,12.0,4,1,3,13,8,0.4324,37,30,177,2216,LegalQA
SELECT,7.0,0,0,1,0,0,2,0,0,0,0,0,0,0,0,1,0,0,0,0,3,2,3,2,10.5,3,1,2,14,7,0.4909,55,29,176,2243,LegalQA
SELECT,10.0,0,0,1,0,0,4,0,0,0,0,0,0,0,0,1,0,0,0,0,5,2,4,2,12.0,5,1,4,12,8,0.5405,37,30,167,2140,LegalQA
SELECT,10.0,0,0,1,0,0,4,0,0,0,0,0,0,0,0,1,0,0,0,0,5,2,4,2,12.0,4,1,4,13,8,0.5094,53,31,206,2382,LegalQA
SELECT,7.0,0,0,1,0,0,2,0,0,0,0,0,0,0,0,1,0,0,0,0,3,2,3,2,10.5,3,1,2,13,8,0.5152,33,29,146,1956,LegalQA
SELECT,10.0,0,0,1,0,0,4,0,0,0,0,0,0,0,0,1,0,0,0,0,5,2,4,2,12.0,5,1,4,14,7,0.5111,45,31,193,2332,LegalQA
SELECT,7.0,0,0,1,0,0,2,0,0,0,0,0,0,0,0,1,0,0,0,0,3,2,3,2,10.5,3,1,2,14,8,0.5294,51,30,193,2302,LegalQA
SELECT,7.0,0,0,1,0,0,2,0,0,0,0,0,0,0,0,1,0,0,0,0,3,2,3,2,10.5,3,1,2,13,8,0.4746,59,29,189,2176,LegalQA
SELECT,8.5,0,0,1,0,0,3,0,0,0,0,0,0,0,0,1,0,0,0,0,4,2,4,2,12.0,4,1,3,17,8,0.507,71,31,248,2650,LegalQA
SELECT,7.0,0,0,1,0,0,2,0,0,0,0,0,0,0,0,1,0,0,0,0,3,2,3,2,10.5,3,1,2,14,8,0.5082,61,30,194,2423,LegalQA
SELECT,10.0,0,0,1,0,0,4,0,0,0,0,0,0,0,0,1,0,0,0,0,5,2,4,2,12.0,5,1,4,13,8,0.4884,43,31,183,2204,LegalQA
SELECT,7.0,0,0,1,0,0,2,0,0,0,0,0,0,0,0,1,0,0,0,0,3,2,3,2,10.5,3,1,2,13,8,0.5319,47,29,185,2169,LegalQA
SELECT,10.0,0,0,1,0,0,4,0,0,0,0,0,0,0,0,1,0,0,0,0,5,2,4,2,12.0,5,1,4,14,8,0.6364,33,32,172,2178,LegalQA
SELECT,7.0,0,0,1,0,0,2,0,0,0,0,0,0,0,0,1,0,0,0,0,3,2,3,2,10.5,2,1,2,14,8,0.5946,37,30,160,2023,LegalQA
SELECT,10.0,0,0,1,0,0,4,0,0,0,0,0,0,0,0,1,0,0,0,0,5,2,4,2,12.0,5,1,4,13,8,0.5172,29,31,158,2099,LegalQA
SELECT,10.0,0,0,1,0,0,4,0,0,0,0,0,0,0,0,1,0,0,0,0,5,2,4,2,12.0,4,1,4,13,8,0.5581,43,31,179,2219,LegalQA
SELECT,8.5,0,0,1,0,0,3,0,0,0,0,0,0,0,0,1,0,0,0,0,4,2,3,2,10.5,4,1,3,14,8,0.5366,41,31,188,2206,LegalQA
SELECT,10.0,0,0,1,0,0,4,0,0,0,0,0,0,0,0,1,0,0,0,0,5,2,4,2,12.0,4,1,4,13,8,0.5122,41,31,177,2205,LegalQA
SELECT,10.0,0,0,1,0,0,4,0,0,0,0,0,0,0,0,1,0,0,0,0,5,2,4,2,12.0,5,1,4,13,8,0.5484,31,31,158,2128,LegalQA
SELECT,7.0,0,0,1,0,0,2,0,0,0,0,0,0,0,0,1,0,0,0,0,3,2,3,2,10.5,2,1,2,13,8,0.5806,31,29,143,1917,LegalQA
SELECT,13.0,0,0,1,0,0,4,1,0,0,0,0,0,0,0,1,0,0,0,0,6,3,4,2,14.0,12,8,4,14,8,0.5472,53,35,242,2709,LegalQA
SELECT,7.0,0,0,1,0,0,2,0,0,0,0,0,0,0,0,1,0,0,0,0,3,2,3,2,10.5,3,1,2,12,8,0.4444,45,28,159,2027,LegalQA
SELECT,7.0,0,0,1,0,0,2,0,0,0,0,0,0,0,0,1,0,0,0,0,3,2,3,2,10.5,2,1,2,14,8,0.4925,67,30,219,2450,LegalQA
SELECT,8.5,0,0,1,0,0,3,0,0,0,0,0,0,0,0,1,0,0,0,0,4,2,3,2,10.5,3,1,3,13,8,0.5676,37,30,168,2113,LegalQA
SELECT,10.0,0,0,1,0,0,4,0,0,0,0,0,0,0,0,1,0,0,0,0,5,2,4,2,12.0,4,1,4,13,8,0.551,49,31,200,2363,LegalQA
SELECT,10.0,0,0,1,0,0,4,0,0,0,0,0,0,0,0,1,0,0,0,0,5,2,5,2,13.5,5,1,4,13,8,0.4906,53,31,198,2308,LegalQA
SELECT,7.0,0,0,1,0,0,2,0,0,0,0,0,0,0,0,1,0,0,0,0,3,2,3,2,10.5,2,1,2,13,8,0.5319,47,29,176,2145,LegalQA
SELECT,8.5,0,0,1,0,0,3,0,0,0,0,0,0,0,0,1,0,0,0,0,4,2,4,2,12.0,4,1,3,14,8,0.4717,53,31,208,2351,LegalQA
SELECT,8.5,0,0,1,0,0,3,0,0,0,0,0,0,0,0,1,0,0,0,0,4,2,4,2,12.0,3,1,3,13,8,0.5273,55,30,196,2326,LegalQA
SELECT,11.5,0,0,1,0,0,3,1,0,0,0,0,0,0,0,1,0,0,0,0,5,3,6,2,17.0,7,7,3,13,7,0.4694,49,32,197,2468,LegalQA
SELECT,10.0,0,0,1,0,0,4,0,0,0,0,0,0,0,0,1,0,0,0,0,5,2,5,2,13.5,5,1,4,13,8,0.5246,61,31,204,2490,LegalQA
SELECT,8.5,0,0,1,0,0,3,0,0,0,0,0,0,0,0,1,0,0,0,0,4,2,4,2,12.0,4,1,3,13,8,0.4694,49,30,181,2196,LegalQA
SELECT,10.0,0,0,1,0,0,4,0,0,0,0,0,0,0,0,1,0,0,0,0,5,2,4,2,12.0,4,1,4,13,8,0.5306,49,31,203,2269,LegalQA
SELECT,13.0,0,1,1,0,1,4,0,0,0,0,0,0,0,0,1,0,0,0,0,6,3,4,3,15.0,6,1,4,14,7,0.4267,75,32,269,2837,LegalQA
SELECT,7.0,0,0,1,0,0,2,0,0,0,0,0,0,0,0,1,0,0,0,0,3,2,3,2,10.5,3,1,2,13,8,0.4915,59,29,200,2369,LegalQA
SELECT,7.0,0,0,1,0,0,2,0,0,0,0,0,0,0,0,1,0,0,0,0,3,2,3,2,10.5,2,1,2,13,8,0.5098,51,29,174,2065,LegalQA
SELECT,10.0,0,0,1,0,0,4,0,0,0,0,0,0,0,0,1,0,0,0,0,5,2,4,2,12.0,5,1,4,13,8,0.5641,39,31,176,2221,LegalQA
SELECT,8.5,0,0,1,0,0,3,0,0,0,0,0,0,0,0,1,0,0,0,0,4,2,4,2,12.0,3,1,3,13,8,0.4746,59,30,202,2323,LegalQA
SELECT,7.0,0,0,1,0,0,2,0,0,0,0,0,0,0,0,1,0,0,0,0,3,2,3,2,10.5,3,1,2,12,7,0.5476,42,27,136,2010,LegalQA
SELECT,7.0,0,0,1,0,0,2,0,0,0,0,0,0,0,0,1,0,0,0,0,3,2,3,2,10.5,3,1,2,12,7,0.4151,53,27,161,2028,LegalQA
SELECT,23.5,0,0,1,0,0,1,6,0,0,0,0,0,0,0,1,0,0,0,0,8,3,2,2,11.0,2,1,1,13,8,0.4727,55,28,186,2177,LegalQA
SELECT,8.5,0,0,1,0,0,3,0,0,0,0,0,0,0,0,1,0,0,0,0,4,2,4,2,12.0,3,1,3,13,8,0.434,53,30,187,2307,LegalQA
SELECT,7.0,0,0,1,0,0,2,0,0,0,0,0,0,0,0,1,0,0,0,0,3,2,3,2,10.5,3,1,2,14,8,0.4789,71,30,211,2388,LegalQA
SELECT,10.0,0,0,1,0,0,4,0,0,0,0,0,0,0,0,1,0,0,0,0,5,2,4,2,12.0,4,1,4,13,8,0.6129,31,31,167,2139,LegalQA
SELECT,7.0,0,0,1,0,0,2,0,0,0,0,0,0,0,0,1,0,0,0,0,3,2,3,2,10.5,3,1,2,12,8,0.5366,41,28,149,1993,LegalQA
SELECT,8.5,0,0,1,0,0,3,0,0,0,0,0,0,0,0,1,0,0,0,0,4,2,4,2,12.0,4,1,3,13,8,0.5806,31,30,163,2049,LegalQA
SELECT,7.0,0,0,1,0,0,2,0,0,0,0,0,0,0,0,1,0,0,0,0,3,2,3,2,10.5,2,1,2,13,8,0.6364,33,29,149,1951,LegalQA
SELECT,10.0,0,0,1,0,0,4,0,0,0,0,0,0,0,0,1,0,0,0,0,5,2,5,2,13.5,5,1,4,14,8,0.4783,69,32,244,2585,LegalQA
SELECT,8.5,0,0,1,0,0,3,0,0,0,0,0,0,0,0,1,0,0,0,0,4,2,3,2,10.5,3,1,3,14,8,0.5532,47,31,192,2313,LegalQA
SELECT,7.0,0,0,1,0,0,2,0,0,0,0,0,0,0,0,1,0,0,0,0,3,2,3,2,10.5,3,1,2,13,8,0.5102,49,29,188,2207,LegalQA
SELECT,10.0,0,0,1,0,0,4,0,0,0,0,0,0,0,0,1,0,0,0,0,5,2,5,2,13.5,5,1,4,13,8,0.4203,69,31,238,2540,LegalQA
SELECT,7.0,0,0,1,0,0,2,0,0,0,0,0,0,0,0,1,0,0,0,0,3,2,3,2,10.5,3,1,2,13,7,0.5854,41,28,155,2086,LegalQA
SELECT,8.5,0,0,1,0,0,3,0,0,0,0,0,0,0,0,1,0,0,0,0,4,2,4,2,12.0,4,1,3,14,8,0.5897,39,31,187,2215,LegalQA
SELECT,8.5,0,0,1,0,0,3,0,0,0,0,0,0,0,0,1,0,0,0,0,4,2,4,2,12.0,4,1,3,12,8,0.4528,53,29,188,2158,LegalQA
SELECT,8.5,0,0,1,0,0,3,0,0,0,0,0,0,0,0,1,0,0,0,0,4,2,4,2,12.0,4,1,3,15,8,0.541,61,32,225,2486,LegalQA
SELECT,10.0,0,0,1,0,0,4,0,0,0,0,0,0,0,0,1,0,0,0,0,5,2,4,2,12.0,4,1,4,13,8,0.5128,39,31,179,2117,LegalQA
SELECT,7.0,0,0,1,0,0,2,0,0,0,0,0,0,0,0,1,0,0,0,0,3,2,3,2,10.5,3,1,2,13,8,0.5143,35,29,155,2031,LegalQA
SELECT,5.5,0,0,1,0,0,1,0,0,0,0,0,0,0,0,1,0,0,0,0,2,2,2,2,9.0,2,1,1,13,8,0.4462,65,28,201,2252,LegalQA
SELECT,7.0,0,0,1,0,0,2,0,0,0,0,0,0,0,0,1,0,0,0,0,3,2,3,2,10.5,2,1,2,13,8,0.5556,45,29,161,2097,LegalQA
SELECT,8.5,0,0,1,0,0,3,0,0,0,0,0,0,0,0,1,0,0,0,0,4,2,3,2,10.5,3,1,3,13,8,0.5349,43,30,168,2131,LegalQA
SELECT,7.0,0,0,1,0,0,2,0,0,0,0,0,0,0,0,1,0,0,0,0,3,2,3,2,10.5,3,1,2,12,7,0.4068,59,27,173,2178,LegalQA
SELECT,8.5,0,0,1,0,0,3,0,0,0,0,0,0,0,0,1,0,0,0,0,4,2,4,2,12.0,4,1,3,14,8,0.5091,55,31,205,2411,LegalQA
SELECT,8.5,0,0,1,0,0,3,0,0,0,0,0,0,0,0,1,0,0,0,0,4,2,3,2,10.5,3,1,3,13,8,0.5405,37,30,166,2108,LegalQA
SELECT,8.5,0,0,1,0,0,3,0,0,0,0,0,0,0,0,1,0,0,0,0,4,2,3,2,10.5,3,1,3,13,8,0.5641,39,30,168,2089,LegalQA
SELECT,7.0,0,0,1,0,0,2,0,0,0,0,0,0,0,0,1,0,0,0,0,3,2,3,2,10.5,2,1,2,13,8,0.5306,49,29,173,2150,LegalQA
SELECT,8.5,0,0,1,0,0,3,0,0,0,0,0,0,0,0,1,0,0,0,0,4,2,4,2,12.0,4,1,3,13,8,0.5306,49,30,178,2217,LegalQA
SELECT,8.5,0,0,1,0,0,3,0,0,0,0,0,0,0,0,1,0,0,0,0,4,2,3,2,10.5,3,1,3,13,8,0.5102,49,30,183,2182,LegalQA
SELECT,7.0,0,0,1,0,0,2,0,0,0,0,0,0,0,0,1,0,0,0,0,3,2,3,2,10.5,3,1,2,13,8,0.4898,49,29,183,2181,LegalQA
SELECT,7.0,0,0,1,0,0,2,0,0,0,0,0,0,0,0,1,0,0,0,0,3,2,3,2,10.5,3,1,2,12,7,0.5333,45,27,141,2117,LegalQA
SELECT,8.5,0,0,1,0,0,3,0,0,0,0,0,0,0,0,1,0,0,0,0,4,2,4,2,12.0,4,1,3,14,8,0.5161,31,31,157,2108,LegalQA
SELECT,8.5,0,0,1,0,0,3,0,0,0,0,0,0,0,0,1,0,0,0,0,4,2,4,2,12.0,4,1,3,13,8,0.6098,41,30,163,2085,LegalQA
SELECT,7.0,0,0,1,0,0,2,0,0,0,0,0,0,0,0,1,0,0,0,0,3,2,3,2,10.5,2,1,2,13,8,0.5897,39,29,158,2079,LegalQA
SELECT,7.0,0,0,1,0,0,2,0,0,0,0,0,0,0,0,1,0,0,0,0,3,2,3,2,10.5,3,1,2,13,8,0.6296,27,29,137,1847,LegalQA
